owner_age,claimed_revenue_decile,business_credit_score,name_email_similarity,business_address_tenure_months,shared_device_registration_count,onboarding_doc_velocity_6h,onboarding_doc_velocity_24h,onboarding_doc_velocity_4w,cross_border_registration,requested_processing_limit,onboarding_duration_days,uses_free_email_domain,txn_count_90d,avg_txn_amount,unique_cardholder_count,repeat_customer_ratio,mcc_amount_zscore,txn_volume_trend_slope,large_txn_spike_ratio,refund_ratio,chargeback_velocity_trend,blue_team_fraud_probability,blue_team_decision,evaded
60,0.9017795063838256,49,0.7956101029374054,54.74602334624384,1.0,2012.7415484591222,5797.956028690354,4318.350209675717,1,201.63615306922676,0.006444019882101432,0,613113.0,73.37558969958543,2441.0,0.12183165518381084,-0.6290850701815952,-0.20964022649464426,0.05779570540199404,0.028938227745462564,0.04467244682965211,1.0,DETECTED,0
40,0.5130596135361486,158,0.8181571901641512,33.81034531031425,2.0,3625.186328644579,4569.717819609056,4978.274629024404,0,203.58797554355675,0.004275714414330628,1,1234.0,130.2975272351934,3385.0,0.5117751090354352,0.051524136036483356,-0.1544531226258578,0.05742931209731201,0.13362263837340563,-0.0032053512351428552,1.0,DETECTED,0
30,0.7916621131955845,117,0.9219337983387047,22.013783015028004,2.0,2406.9384132954056,2701.176211018688,5962.273126116684,1,1013.3666908793057,0.002450400347602438,0,5450.0,236.30607527427588,1621.0,0.16102212746440175,-0.05116168463802895,0.1315673334080527,0.04984924044884697,0.06396471775602097,-0.024542040936926583,0.9937329,DETECTED,0
20,0.8965046637066224,116,0.7951470802238281,15.036554332176987,1.0,2779.693472228458,3904.3779397720746,4283.565477706656,0,201.29791605856826,0.008796567317871725,0,1626.0,280.00054099997,488.0,0.27437324745541974,0.16697705882578662,0.11712123550247736,0.04951826085535908,0.06613548820408015,-0.031105192971700082,0.9999996,DETECTED,0
40,0.6922528929395919,83,0.5439183907484605,33.96990907994249,2.0,2559.2497753329676,2674.2350453874187,4272.316730586371,0,206.454698379521,0.009661415402157657,1,2319.0,78.69236233372021,1804.0,0.030202930901816707,-0.1211101892075964,-0.29130446132367266,0.04971175101540852,0.028766289347937016,-0.011537421198210772,0.99690413,DETECTED,0
40,0.7050675812109025,107,0.4891525762069887,13.211110242398954,2.0,895.4896065576985,4788.144208654981,4351.53768679385,0,205.52989135815014,0.008834382342391289,0,4640.0,111.35222381884005,2166.0,0.3191802394359663,-0.15277996132624663,-0.1635757769945759,0.05755805588616441,0.03860725938201259,0.04863545501857673,0.9999903,DETECTED,0
40,0.40514447216379473,211,0.9404428139622453,34.10918480577181,1.0,4874.897343754144,5043.755926022068,3363.9206250390926,0,198.6443040937966,0.023843984275107685,1,718.0,50.75157042770561,1539.0,0.9490733423992027,-0.12494350128704418,-0.12778848589108566,0.04972615046881478,0.041598270618099405,0.0016694058763467162,1.0,DETECTED,0
30,0.69348448006347,180,0.4596483504151222,24.061609425678448,1.0,7004.813938737495,6009.051103020784,5388.307323533147,1,198.45938956185478,0.005630712497042433,1,1961.0,104.86948709299419,1894.0,0.5776612143520948,0.05636275681611792,0.2502417471196492,0.056881782792097005,0.10152334578974068,0.009929933103586948,0.99999994,DETECTED,0
20,0.4058426988302579,130,0.9433956790103291,33.3623453553214,1.0,3331.9302706502876,4859.130378860055,3276.4988202024406,1,203.28279184048267,0.004998555840861672,0,5560.0,12.132464745561805,761.0,0.4175614705223294,0.0013292323207358576,-0.15813986642761635,0.057420919907515765,0.08697388817741986,0.04850989142069977,1.0,DETECTED,0
40,0.8916348785441089,225,0.8530981416818124,9.909760595876365,2.0,4662.84456557446,4079.20925245704,6519.534826011239,1,196.58453486933448,0.0028302731829470767,0,1531.0,334.9931909779037,780.0,0.01423656387389702,-0.006132020929196902,-0.08269343983927427,0.04890708503428371,0.09851088109623342,0.000617731469868878,1.0,DETECTED,0
64,0.9038498681283452,71,0.9039342260307351,33.55951277565783,2.0,3455.562349515739,2706.525606048391,3974.5271767185127,0,2074.3952502281536,0.0005729960686191933,1,5698.0,85.36409883544289,1472.0,0.03862292233843735,-1.235137260439777,-0.2722352966310148,0.05833914527089224,0.04263824210294004,0.049477853085437486,1.0,DETECTED,0
20,0.5999712574526874,106,0.7119702546269888,33.23919145014068,1.0,4419.997320546596,6485.560807986205,5422.880641091549,0,200.27339790911654,0.01346978328061353,1,17388.0,59.43858310941354,11389.0,0.3097563739880398,-0.2709982999715712,0.17608375117499525,0.056389028430558874,0.1025641036211441,-0.02628215769691549,1.0,DETECTED,0
40,0.8949111083925861,17,0.8467548230523307,34.18955952893415,1.0,2635.6629977448456,7016.066934158182,5426.799566317943,1,200.69733126384958,0.0003257782521212532,1,4804.0,128.3611869475081,331.0,0.02691790215789642,0.13195966833781975,0.05633821583310311,0.05855556739076769,0.09552201918253077,-0.019697951982788585,1.0,DETECTED,0
19,0.6990343819814704,76,0.8899798797484965,34.488604973485096,1.0,2557.561235926328,4336.631528121299,5586.636587199324,0,1507.8421010255659,0.002572677711688777,0,0.0,116.31368360372556,527.0,0.019865165572373115,-0.04397103327146834,-0.27910642356100973,0.05662114609723111,0.09422450986173037,0.027721132901637788,0.99993277,DETECTED,0
40,0.5992180918891418,179,0.8117711486732985,22.874303607753298,1.0,3051.944315825308,7869.746099870457,5403.891729729399,0,197.09023904645028,0.0001581615544503645,0,4187.0,93.06392929616653,8306.0,0.1442634857459204,-0.0541824495823055,-0.2775123240518709,0.058589286266978825,0.08949299577902894,0.01887944379750292,1.0,DETECTED,0
30,0.4198282415756134,133,0.8714891042226985,11.94903778514116,2.0,4535.372816446497,6942.133632007687,4486.156783489691,0,206.81170073278287,0.015777438010259957,1,25.0,95.95191676395959,11011.0,0.6200129636748086,0.029562841239703746,0.09258219237097423,0.05075935182414225,0.11179626058710353,0.01858444816465663,0.9900831,DETECTED,0
20,0.9077028133377517,194,0.6888252265977048,12.83436971186861,1.0,2056.669306187027,3425.754390196669,6182.214773009993,1,195.87033700600617,0.005646195153791511,0,0.0,118.86636163613821,6463.0,0.2877227973749633,-0.3733363688456538,-0.14592132967317298,0.05827289412441555,0.10678089402794994,0.044476344691609285,1.0,DETECTED,0
30,0.6922812921092404,215,1.0,33.978260127947195,2.0,4266.580150829022,3823.1710861415986,3128.1779020435197,1,514.9115968020438,0.004185857504069603,0,2152.0,302.18379712408534,2042.0,0.22639768581992242,-0.47249835162263804,-0.2686041414641339,0.058449037547991835,0.12325872113801528,-0.023001001809528257,1.0,DETECTED,0
40,0.09999491983184472,45,0.8876014236070351,14.668628426952386,2.0,4506.222756083296,3440.4117502308886,5090.2265295934285,1,209.96323963858387,0.005769075706180156,0,17565.0,56.8421761740767,1562.0,1.0,-0.03738656894530469,-0.19213025129906292,0.058748776554797884,0.11446478352294132,-0.0027328589953887917,1.0,DETECTED,0
40,0.697227807869035,193,0.8139869243629854,23.759677260631463,1.0,5305.178603263168,4375.2502687931055,5529.822009205512,1,192.69294111250892,0.013079078856615581,0,2469.0,109.48040648922478,1999.0,0.23869718465552833,-0.1627142285241831,-0.19758469246250054,0.05143459380735894,0.044015454114291225,-0.03081101868192136,0.32832402,EVADED,1
30,0.7034734549277836,119,0.8244930364905699,33.747425994234085,1.0,3822.5028412437505,4702.343638424517,5186.359894903061,0,201.01023386560695,0.0018726615604403825,0,17281.0,31.506258815460313,9236.0,0.42806988496096615,-0.06328464586717109,-0.1612237865002677,0.05779129824469501,0.11869778838526614,0.047839483613556735,1.0,DETECTED,0
20,0.6993628122649652,200,0.43210083893884477,64.16735057508404,1.0,1137.727256980068,4991.89369138194,4243.954518742301,0,206.9206816525432,0.0014299283751158859,0,2771.0,127.56066347143403,933.0,0.027048924617996895,0.214806516645866,-0.06421300527031763,0.05779429704440671,0.09404122292036117,0.04692473709081659,1.0,DETECTED,0
40,0.6896345920020035,119,0.7869358457440984,34.096602720680295,1.0,2572.948983338143,7732.8077694044405,6314.037136184506,1,207.32720096712364,0.004771934267593336,1,697.0,124.33285789413324,6380.0,0.034070019709618454,-0.30607938392735634,-0.16787157587401355,0.05115047020680983,0.08483165556978205,-0.013014406503116296,1.0,DETECTED,0
20,0.6884541559622828,157,0.8126775106970092,33.35875736333765,1.0,3349.115292155529,4353.613816812409,4115.781029219167,1,202.29982539199332,0.0,1,554.0,116.99533325287611,226.0,0.0413755244557316,-0.13705766570213035,0.06531184489752681,0.05811829729589725,0.023208475575004262,0.04724687314651839,1.0,DETECTED,0
40,0.7038511448135967,96,0.7909059260606457,34.34173860050862,1.0,2538.3713761153335,5267.686548515255,4892.698580266387,1,198.08804864115552,0.007465749611324029,1,12455.0,109.47743919380537,6644.0,0.04045582227978291,0.009842978521482772,-0.12726780462101575,0.05809815906260208,0.05566192177432085,-0.030742003482408985,1.0,DETECTED,0
40,0.8912119836124249,154,0.8983864207845162,18.132067838743215,2.0,7177.45665863189,5570.397790513308,3164.715234034539,0,203.41700025338295,0.001606293394021747,1,5139.0,87.25516936464223,1140.0,0.12961978386841358,0.5875845889836858,-0.14505429004640125,0.05859829328854701,0.0885988578165304,-0.016857895186752028,1.0,DETECTED,0
30,0.7938904545327468,117,0.866695962247254,34.036056357192585,2.0,2051.5331911102667,4925.276757615101,4263.624325333794,0,206.206621427896,0.01887848753838435,1,6225.0,65.99804882888253,1535.0,0.0989856292883109,0.005391752286749192,-0.022411594743352668,0.0564886313112275,0.05714092062133562,0.0468364518269701,0.9999956,DETECTED,0
40,0.8078916968458846,93,0.733225864780418,18.780112772362525,1.0,8778.768758341655,5299.231938492004,4739.168009717864,1,196.75170890299137,0.0049336672588222285,0,1878.0,345.92415024152547,920.0,0.05156124504332605,0.11832543481511311,0.07018826335364556,0.049694021798545984,0.02866696393176548,0.04679681986719549,0.99785924,DETECTED,0
20,0.8043690031955921,102,0.5270373342927976,34.016071472962224,1.0,10137.156311896704,3915.273805156222,5614.272938283314,1,1522.3138329667165,0.003940534104683679,0,0.0,237.0005223512145,834.0,0.03594124182510147,0.30054013344762204,-0.09305836628545062,0.0587051651202222,0.056831572435772776,0.04592497062823263,1.0,DETECTED,0
40,0.9022633892550064,121,0.9410663105144742,34.057405991389146,1.0,3399.1897495155185,4810.899925042893,4928.697006235671,0,198.63267376982012,0.0019883911426673557,1,1035.0,113.22784219927357,1981.0,0.23311456924749607,-0.08006780109790954,0.2738840944597612,0.05879057923620685,0.040992677547393566,0.014016963134168857,1.0,DETECTED,0
40,0.7081521919054116,216,0.8755404026071687,33.08386554316846,1.0,5188.1360305042845,4264.630236828463,4772.392325565902,0,202.22041741516264,0.014266174610432414,0,77315.0,76.2712244846401,1183.0,0.046059969668522195,0.02424087825431233,0.043220817364776294,0.04910453525082072,0.03789862222104272,0.012728611517351121,1.0,DETECTED,0
40,0.6071685223010697,125,0.9176953929455473,34.18676360891263,1.0,3692.98195750337,4218.361428703094,3159.2268262881453,0,201.26233985709138,0.003305510172349204,1,5067.0,80.04848798217509,1836.0,0.04780307747760285,0.40542248442273,0.22814037924360506,0.05710017660925433,0.08889291352931282,0.0012641245663357753,1.0,DETECTED,0
40,0.10162606550930026,65,0.6928022993134035,23.97430598042055,1.0,3647.203488016336,4976.1592460327865,5516.104181981247,0,1500.22624828493,0.0030941867649573176,1,2343.0,95.82095660027422,1512.0,0.5635838716747346,-0.13311092247560158,-0.1821585270930173,0.051190927781389985,0.028974068340835008,0.0011481973808387565,0.99999577,DETECTED,0
40,0.27928828674421724,113,0.07107540623391563,33.97657855336792,2.0,4564.905011315383,6048.920207767002,5209.35696079763,1,204.31842778331782,0.0,1,2441.0,122.64207051045196,1292.0,0.019548079505779855,0.6048435403944693,0.04951722127235561,0.05850152245543288,0.042632254675695654,0.04831599410106978,1.0,DETECTED,0
30,0.40534884615865685,162,0.3344032346462793,34.16201129983347,2.0,4750.435437139775,3014.460895903372,4905.395949281606,0,1536.8839007914194,0.0022627443662134464,1,6221.0,77.6975918441549,1454.0,0.2738081744129306,-0.0209137474118285,-0.15250349520207576,0.05820263915576047,0.07471944204389394,0.051022333662819865,0.9999999,DETECTED,0
40,0.7107752970226221,141,0.8715312348355446,28.86668551740361,1.0,6313.763387839281,4161.808612378303,4832.111370608912,0,204.75528312586886,0.002316011017847735,1,2333.0,89.63383152244789,1731.0,0.35393716455691426,-0.07923512810374506,0.2586269507085408,0.04957289017762485,0.04284843113368324,0.04603025824915347,1.0,DETECTED,0
20,0.39509624690515477,183,0.7616227218653748,8.534108681780088,1.0,3385.300891554404,6079.100938055539,3629.501760858569,1,1463.4169164477978,0.005228908508226253,0,12448.0,56.8150816742699,6895.0,0.6515613302063001,-0.09253323130179476,0.2818217877187527,0.05714320447808756,0.10337801517518137,0.02391493174419302,0.99999994,DETECTED,0
50,0.9170971666281899,45,0.920266832771477,33.916009896111035,1.0,1696.6907144035818,4066.096736949395,4132.681897316796,0,201.01174955375143,0.0053407901323510665,0,0.0,81.87317742305329,635.0,0.04319775741643193,0.15504941977779724,0.0734197893480937,0.056824580655862704,0.13299586117525125,0.047935522649082976,1.0,DETECTED,0
60,0.4137083089639803,239,0.7790465903059691,32.92388662364764,1.0,4131.975863281805,7486.280329309533,3188.5041883582226,0,196.56229899341074,0.0038732571695588923,0,3047.0,129.60435808282978,1666.0,0.33225897749478983,0.035627193016466344,0.22822970849725738,0.05820802868769715,0.09712777622400519,0.04574889799469251,1.0,DETECTED,0
40,0.4078172763468211,98,0.8848862166627806,32.53867743690111,1.0,6144.619817600459,2788.9079705774648,4155.953170118435,1,208.8271954103986,0.0030695552698722646,0,446.0,278.2449501432153,1422.0,0.2090832874515285,0.5701896441894653,-0.14780740770559572,0.057933163210301855,0.08332407733602946,0.04610416189954956,1.0,DETECTED,0
20,0.9149049664351513,159,0.9015345244753927,34.16953070843367,2.0,2978.056872259972,3763.911770651106,5393.94171551673,0,207.24829872569904,0.0037116208521605107,1,2063.0,59.26398334149894,1616.0,0.2350842777711198,0.5613221507551669,-0.0640008921000352,0.057740942249885976,0.08187007111807601,0.009772213735458616,1.0,DETECTED,0
40,0.40916837910172327,137,0.8210474049192601,33.607569232844725,2.0,6890.47648932435,5177.662359291046,4207.607690216414,1,194.88391585553632,0.018506722337742802,1,1536.0,112.87327435518331,725.0,0.2816837909216377,0.142440025057208,0.09071376497950372,0.057779820104470296,0.0774374300141354,0.04360686491597792,0.99999934,DETECTED,0
40,0.6965469465173647,141,0.9270291523553948,33.03057802536315,1.0,3533.1427737595423,2795.904926144849,3204.492635018124,0,200.67654138925909,0.0021535217441607628,1,1149.0,93.7070203331937,1133.0,0.02558373784409307,0.17744685491530926,-0.17951541281907218,0.057910971953809204,0.13623187628345618,-0.011889015411218467,1.0,DETECTED,0
40,0.3979336380724826,150,0.5422220072973484,33.84621180614597,1.0,9496.11715146179,2307.6886808961735,4695.111209029604,1,188.81423392178198,0.00021878919180915932,1,1496.0,322.1223553446311,82.0,0.03301786063707133,-0.6274220543848268,0.07378910114593236,0.05100191859119144,0.09623673663839064,0.0440772595494405,0.994724,DETECTED,0
57,0.8945056767721066,210,0.7239133899144234,8.498397604947458,1.0,2046.3990377305036,2916.347756414668,5308.794243236668,0,205.98005196598103,0.0,1,4288.0,110.98326729480603,951.0,0.1525946484446527,-0.005793657599095253,0.044261529437047024,0.05871824160258835,0.05278302404695382,0.01914789355449541,1.0,DETECTED,0
20,0.19286232161868455,160,0.761485237321085,23.86880355583221,1.0,3631.2304110893933,3669.8514502891935,5558.348035263121,0,201.98487816184473,0.004215094764985155,0,3662.0,54.73707605912685,8405.0,0.2562700363270844,0.007363633376055247,-0.13160398263100662,0.057124271627892693,0.07952268280027378,0.005183598741727873,1.0,DETECTED,0
40,0.9073682671084331,41,0.8083098256308923,47.40061126481905,1.0,4288.51335292062,4692.381708752732,6328.168534044412,1,207.38536603280156,0.004672942403673035,0,1785.0,102.15766572752406,1735.0,0.21092571803760393,0.04536675154733334,-0.04827453641815806,0.05682288146741466,0.09082226602554558,0.04597299867755323,0.9999422,DETECTED,0
40,0.4041429070286147,153,0.8533801300332109,34.043031518776054,1.0,4258.367763937933,5410.969027937295,5405.952728471349,0,987.6993938612692,0.006928703525157785,0,1280.0,46.401042954184824,6127.0,0.043654773187789174,-0.05236529061521261,-0.12880910061921008,0.050845765920347064,0.1303342256249048,0.04443821645419243,1.0,DETECTED,0
40,0.8975968501537386,230,0.8151918985809331,205.7292957941811,2.0,3532.1243590140716,3594.765631899609,5382.613596030521,1,1621.6793171342306,0.0059768736235788185,0,1994.0,110.67451376369328,819.0,0.06808176354371707,0.2376151779854549,0.06268130430167465,0.050398200087510794,0.014713238268343785,0.011724014775357148,0.6329922,DETECTED,0
58,0.7140075833993031,113,0.8353901587378066,33.46635733291039,1.0,2136.2413599045713,2934.622504854776,5426.2278476569345,0,200.36823603872844,0.006278661392661782,1,663411.0,95.25505607398976,6081.0,0.9217405175505149,-0.09477329561395899,-0.16961028004458542,0.0584881223563001,0.08806272754727668,0.017239436732859922,0.9999946,DETECTED,0
40,0.10422645281463681,65,0.707864214875503,33.5134490787465,1.0,11131.577359360337,5054.086819302473,5288.380437544747,0,204.13253835891086,0.005714456433386172,1,626549.0,108.80064056029951,8496.0,0.23013254040259407,-0.08928188444094298,-0.17602618861373298,0.05783593706563349,0.043025676230405596,0.021217330112990547,1.0,DETECTED,0
30,0.3131602617833415,256,0.49077796199368234,28.74615949982015,1.0,7548.776524183561,2927.6690124532715,4945.65267975695,0,199.38713658593642,0.01567986150861875,1,15291.0,79.78723149991639,11135.0,0.037317253904110094,-0.6601936238899088,0.11295780356599136,0.05684494873706446,0.08473538742916445,-0.006588156387156654,1.0,DETECTED,0
20,0.6941112010283469,78,0.7380037683426339,33.797669618740805,1.0,5766.679825412658,4433.267408696411,4984.37002267603,1,204.83948416735984,0.004043624888699464,1,13454.0,122.22905487841895,1233.0,0.5769679834375815,0.060667231426026466,-0.18469278335531905,0.05764301457368125,0.11012588925022321,0.05072336488648232,1.0,DETECTED,0
40,0.9101154293275499,119,0.2318879156337697,19.029269459062554,1.0,6424.212546659713,4738.60515900714,5327.403652725902,0,212.154358381744,0.00822937836095666,1,15277.0,103.0613896719073,10867.0,0.3538381966348888,0.03174168887259396,-0.17610586335796255,0.05868606591871666,0.14124907539729,0.005223890497755483,1.0,DETECTED,0
40,0.7989831260769199,138,0.5474657806574345,154.67081471482075,2.0,5399.900698178855,7101.290432447417,5487.452820869299,0,206.1463524566638,0.0013893433550555567,0,1979.0,81.86808360082688,1771.0,0.18587425651537187,-0.9740321365023616,-0.17048525945362858,0.05923076337680044,0.08873785598082956,0.0460922127226947,1.0,DETECTED,0
40,0.6018090619807339,72,0.44745560845725507,16.97382651921056,1.0,5456.646977047938,7585.609569231124,4984.736380470558,0,200.72626141100585,0.014078921290623778,1,3159.0,86.38136715078423,7981.0,0.03016897224126443,-0.3866637214393992,-0.288514446607258,0.05049361441529254,0.10668423542709371,0.04510672978421796,1.0,DETECTED,0
40,0.8970178067924035,209,0.5559716165752263,23.329392313040596,1.0,7423.53822758516,4682.693633313586,4063.48078944185,0,193.37152930444998,0.0022555708157621502,1,0.0,34.15409131294779,396.0,0.02270208894784708,0.0909368172096813,0.049549196608369914,0.05683360985760564,0.03582228353488432,0.012377927448507776,1.0,DETECTED,0
40,0.6986316535573235,59,0.8515613283033225,34.12426469227148,2.0,9069.790390251177,4238.718973960961,5157.501060725964,0,194.32436314684304,0.007825752061935693,1,948.0,103.21559514010217,1410.0,0.1530071346906483,0.058761908621837444,0.17553713184017136,0.048242594155313276,0.0928429329918734,-0.0351776557505522,1.0,DETECTED,0
20,0.8026247274379121,92,0.8922642054805986,33.79581933092381,1.0,5886.661154993298,1995.6796879127821,4122.612619420384,0,480.3291209921036,0.0007913075921236056,1,276.0,44.76094758983703,503.0,0.04680861484796246,0.21291606425739507,0.059957549213420926,0.05788563338396485,0.05273802849562382,0.04569651941668482,1.0,DETECTED,0
40,0.7037055867527765,237,0.6240502730864956,33.620596785408054,1.0,5289.275247890494,3477.8377003090195,3396.1386164832247,1,198.92207015713305,0.01758323450425567,0,0.0,282.34600871662246,2663.0,0.03824814575065127,0.4068965870269091,0.07156826022048507,0.0574905602114183,0.052680258471206325,0.04385343974807717,1.0,DETECTED,0
40,0.9023912668938592,130,0.08587039749912816,23.991960391709366,1.0,5607.210156417572,2784.5877357377685,6624.426695514792,1,201.06919519707927,0.003635427595930031,0,10215.0,114.8958517129728,1693.0,0.9366666034047055,-0.03338761774513539,-0.19220720598580193,0.0510922184079689,0.13299634613523162,0.046867696464434574,1.0,DETECTED,0
20,0.40411325084988536,104,0.84124078347609,52.91238007441649,1.0,5172.525378272662,5815.929673069637,5228.654900681873,1,196.83401191863592,0.03148205320214732,1,1294.0,272.3839812321031,1889.0,0.03552821491330662,-0.06015936886830031,-0.15644008775446439,0.05816809416825129,0.07845215415590205,0.04441718394962545,1.0,DETECTED,0
20,0.6969377972410931,211,0.817214473032745,33.135319757119824,1.0,1773.6123846987844,6627.819096612418,6962.749215404765,0,197.18710862974248,0.0061576951959695855,1,13244.0,110.765372974024,8213.0,0.6850827874989487,-0.5893766142583845,-0.12928695245392557,0.05822083461535632,0.10895097818444258,0.014326656378650536,1.0,DETECTED,0
40,0.18508362418455226,100,0.9166191689054956,33.61928950233101,1.0,4974.709385237494,2393.6184700527783,4815.003376063705,1,202.5599944511531,0.0020267103344450963,0,0.0,358.52850281343876,1920.0,0.033349996147379504,0.14953228973516042,-0.1396763775366017,0.04991822979748701,0.13029969869288066,0.04691053091635482,0.9998992,DETECTED,0
40,0.603217120199597,221,0.7982523569726848,11.52396141720023,2.0,1680.6296907186243,5300.7734111732625,3352.670813160445,1,198.53171333938258,0.0074593378154344265,1,2674.0,334.05888539067666,950.0,0.05643956559020074,0.25414403470904656,0.05958735018539778,0.05122911549183671,0.06600132855028999,0.044517113658176996,0.9957536,DETECTED,0
40,0.6992993431949276,100,0.8039353998624028,33.220231784947146,2.0,3359.7088319296336,6958.610842500993,5307.069974986803,0,194.88669002676886,0.003245421574541908,0,4619.0,82.4553688393265,2301.0,0.025011160714161797,-0.050088965944497216,-0.11672544184804949,0.05786233554886649,0.12566149441903077,0.04765270246130791,1.0,DETECTED,0
20,0.9094674599517657,58,0.5050346943995724,33.892440577536576,1.0,3704.751267123642,4616.1602754750875,5084.6066778112445,0,200.06019785109476,0.002476843439196823,0,2636.0,266.8440861059038,580.0,0.03653454544717192,-1.097989751069377,-0.3009364704066834,0.05098009103101079,0.07562076345373615,-0.014556222991611188,0.2319572,EVADED,1
40,0.8017872757016135,91,0.8146195880862686,70.31311705024166,1.0,10561.557754707923,5319.362098473095,5302.143920454255,1,203.1699391099235,0.004967915079332656,1,0.0,95.85807370058278,6072.0,0.18431430180688324,-0.14889659626844848,-0.16977241595338355,0.05916206496203585,0.0854629088556702,-0.027698321046956888,1.0,DETECTED,0
30,0.3887922719765945,82,0.8416968854871939,26.124947551655563,1.0,4889.686655291601,2303.350481571133,5123.436225878179,0,492.9072300487897,0.0024546007846546203,1,1550.0,88.96354298054914,5652.0,0.14878473376972337,-0.48048769931185953,-0.12884849884951313,0.057534213534456556,0.0912265829762015,0.023303881256255692,1.0,DETECTED,0
40,0.9041564654982251,94,0.5902468398725688,33.843731823065866,1.0,4062.0347569669584,5094.001831934241,4677.712987989019,0,205.2672738629979,0.0028835805294208845,1,602418.0,104.64453513941694,4957.0,0.03959525039106749,0.013068344115522032,-0.16910038499044253,0.05827235042620106,0.026626375176554445,0.04763111196460027,1.0,DETECTED,0
40,0.4999862290537504,154,0.914032967678059,33.709006360053465,2.0,6345.393888474399,2918.276364982377,4230.900091811603,0,201.17284254565686,0.0034028023387755227,1,375.0,311.4396193042544,234.0,0.033580223698775766,0.06411203558595024,-0.15492930965430196,0.05830149285426127,0.09528400450864337,0.04593246449379111,0.99999964,DETECTED,0
50,0.21428214107405724,253,0.8455267812668381,21.697503555028337,2.0,6746.802613394844,4370.427440299266,3168.58509773227,0,196.25428704676509,0.0007402731184795674,1,666.0,76.72236993824531,830.0,0.029833433719366254,-0.004041012753614459,-0.173831329163405,0.05839489323612103,0.09166934688286166,0.026681008918864088,1.0,DETECTED,0
40,0.9041655529229515,93,0.9950808432257117,27.9690264487242,1.0,3449.678147120515,3926.8330871965304,5369.551776052815,0,199.01247296337837,0.0038880430451144754,0,17972.0,44.78158301883943,6491.0,0.927456599241182,-0.5873715058580862,-0.12881857166276156,0.057945888559457176,0.10274123515856393,0.012625049731459288,1.0,DETECTED,0
40,0.9034265690338624,85,0.8046083604621637,21.653654062318427,1.0,5045.212377324659,4531.724989431627,5426.600705083254,0,206.4066775159674,0.001237145913209118,1,1492.0,95.58342175138077,9028.0,0.017308808264286307,-0.1564385983473949,-0.191296494689007,0.05832304092744084,0.06463335503400094,0.04598501389149112,1.0,DETECTED,0
40,0.80185930448307,137,0.831754379848072,11.010829645482087,1.0,7785.113784060475,6068.184585981708,4999.252272648417,0,194.7217798024282,0.010470261873274395,0,390.0,151.60849293999183,1014.0,0.015699275371389092,0.14249016520816304,-0.28832708735783585,0.05095323735595087,0.07028781505656265,-0.0002925646907691403,0.99988985,DETECTED,0
40,0.7049287232563631,155,0.938024131159956,23.530302344196652,1.0,2407.207558123353,5434.433038045111,3225.906045852892,0,212.1747393161984,0.019244472373175198,0,2723.0,101.65547921230835,8724.0,0.8264514730209829,0.013476936606563197,-0.1576449962091075,0.05112909401196686,0.049439583725029046,0.045700423334835275,0.99999994,DETECTED,0
30,0.38758337287649747,114,0.44211849125212044,22.728685721243565,2.0,6177.88350096685,7279.541528394162,6745.005857989712,0,194.61925806934624,0.000914871717179782,1,4017.0,70.94356173146167,8596.0,0.36288829789235205,-0.030191049318248203,0.024100021382817777,0.05033535248815028,0.05947883597486383,0.04776757229394297,0.9937177,DETECTED,0
40,0.40978962974333194,69,0.629808218341502,34.11948434635364,2.0,5802.148423714601,3440.9917117443088,5076.16871536899,0,186.1662438176155,0.003772459700139251,0,1918.0,87.80975624991156,892.0,0.043049307154922334,-0.23297533875814092,-0.27829073460387477,0.0581059037140547,0.055644383721797155,-0.010850539269648853,1.0,DETECTED,0
30,0.7002791544766818,117,0.9172763689695865,33.492115218683736,1.0,4357.5879248884685,3901.435040295719,4388.137886401247,1,1541.5591827827402,0.0016889619099642015,0,625168.0,19.559027821986703,6204.0,0.5723543741207995,0.04007274428754366,0.2457018345616204,0.05843721855459962,0.13422407525862934,0.04649118658342278,1.0,DETECTED,0
19,0.708055031623689,191,0.5694032469968485,34.10145836340374,1.0,4360.398918386809,2126.5963679143783,4972.73044310555,0,201.6488325989899,0.004521426144379907,0,0.0,122.51756990040843,614.0,0.05144928201420562,-0.2565592424515875,0.18862315146437475,0.048970430472977715,0.029112790562515884,0.0033744911139065668,1.0,DETECTED,0
50,0.30676655630549754,125,0.7693249596471088,33.59578184332981,2.0,12410.873197092693,2596.565227212065,4317.081429295522,1,202.94134410397223,0.005309319121001698,1,1471.0,115.29852018061533,199.0,0.040900012408386546,-0.18647436435597503,0.026606117464843593,0.05880562607969977,0.12860156002642228,0.04557283356276014,0.99999976,DETECTED,0
20,0.903461738380796,230,0.9466595049983894,23.31744375067045,2.0,4491.956837793995,3094.449531570089,4121.718966936786,1,1519.226916354445,0.003729586365853323,0,755.0,53.47069371483885,646.0,0.03364203691718837,0.3369636987310768,0.06878430371215591,0.05775157365191822,0.1132936002224793,0.04562439593939027,1.0,DETECTED,0
40,0.7038726635017122,67,0.7909857186645487,33.81582582752527,2.0,2314.826863268519,7232.816692951161,4271.888867926442,1,200.68333668468114,0.004179557729059727,0,411.0,413.23910465625437,716.0,0.1177209764089435,-0.8922363801454263,0.037338728648840525,0.06024482346302392,0.00976059369937397,0.04339167339450396,0.9999999,DETECTED,0
40,0.8998151062349359,238,0.9113835217185271,34.51230850430466,1.0,4328.753063814135,6942.857282294474,5355.266077458969,0,204.11490586072554,0.004002927092986495,1,648471.0,47.08382542892633,5969.0,0.7580809326390456,0.04353615503812312,-0.1444981021945464,0.05749176893073089,0.07737692230463353,0.04932374638426983,0.9999967,DETECTED,0
40,0.9009444019761568,264,0.7375035863331096,34.15632803192822,1.0,3406.908910835018,2162.759821991548,3522.936110893256,1,1518.1136599253098,0.005374225596320386,0,2710.0,268.07864734944155,3210.0,0.313080800305081,-0.10578932329512801,-0.05532038620372382,0.058176782433317045,0.13429254737915805,0.04589407649166002,0.99999845,DETECTED,0
30,0.7002058846785841,105,0.9060360313612523,33.643175629294774,2.0,7350.235275420968,4693.976002717367,5488.310282254024,1,204.38516374846458,0.001996916931688699,0,4656.0,60.55799825821608,10665.0,0.6079432281332966,0.026200530455881683,-0.1523521715218026,0.057551775489512874,0.04806032254425481,0.04545010498729334,1.0,DETECTED,0
30,0.7020216673648068,101,0.9836662280726381,34.015486330472264,2.0,6520.423099996129,5101.080237846387,3605.4565558887084,0,207.8209143861957,0.003220592283746092,0,5081.0,73.2011181944083,6539.0,0.6402757446605044,0.5848286673659755,-0.13191931266924986,0.05689608619888906,0.06508225054623135,0.04593740473692926,1.0,DETECTED,0
76,0.6000534055974189,219,0.8710399210424564,34.05099235281319,1.0,7970.782987037367,5963.008584393927,4731.098409012807,0,994.3268637116507,0.005336195829634172,0,1097.0,47.81177654390037,1808.0,0.25076841754591017,-0.06936254059723908,0.04140356514861797,0.058738923078970176,0.04566317885922708,0.013308021247057373,1.0,DETECTED,0
40,0.9025580942574055,124,0.7754440513424321,115.59571460311821,2.0,4129.8870770120675,5661.8260252552,3940.2826377923902,0,1511.7888466495963,0.00357994766707717,1,634946.0,121.98955599098738,5630.0,0.2755506566570246,0.0010137508174428815,-0.1565962665734993,0.058511744142203864,0.07607922380973872,0.046588239454326975,1.0,DETECTED,0
40,0.6968520542360659,132,0.8327862192474502,16.510403562455117,1.0,7370.366022649502,4084.6080115218806,4118.264507123301,1,1495.7606092271924,0.007347179907581136,0,14868.0,21.733841843266248,6337.0,0.524295728678362,-0.05618056002394997,-0.15826265244448248,0.056196588424215335,0.045564732301227276,0.013570051626321775,1.0,DETECTED,0
20,0.32102264646485207,244,0.946393247254679,34.400244644915944,1.0,7390.743759891649,5291.141133140887,5271.27653346182,0,498.8138327078946,0.0024872946539173275,1,2518.0,105.72977283266044,420.0,0.035954399873395534,-0.156298886876442,0.04530583235185381,0.057286161316242985,0.055320301371740106,0.04551551950231764,1.0,DETECTED,0
20,0.7058607793955182,236,0.9409754859960328,23.77458845242972,2.0,3756.934571221632,4983.885152572589,5174.597222148148,1,498.57384668925846,0.004933114136073032,0,4608.0,119.50182024922302,739.0,0.2312317640947667,0.20384506716130518,0.14636880841944494,0.04874092738317981,0.11835567960779654,0.004822310726731683,1.0,DETECTED,0
20,0.6975842228117043,65,0.45934323537320604,19.27142743796834,2.0,668.2016894458654,4574.1289035645395,4221.8981607508595,1,1448.5310643034804,0.0014011588218149614,1,3919.0,336.54581101830877,552.0,0.1815872090361045,-0.4976044380451872,0.07006705300345073,0.058485210907728444,0.07410253439637524,-0.004161023664130604,0.9994011,DETECTED,0
40,0.9000718853590441,186,0.9080286041623411,33.27573700783117,2.0,6153.942000256197,6167.348076087605,4168.464292647333,1,196.42333481708937,0.002783308979476728,0,1404.0,307.07948890579075,483.0,0.05704723765888718,-0.27260401881816276,0.042226936751601545,0.057264025167797473,0.05910704034017728,0.014522903916920214,0.9999816,DETECTED,0
20,0.7096704874790204,89,0.8161838638413296,21.802592301193084,1.0,2700.346596240158,5611.29848053309,4292.119609327982,0,200.9045592380517,0.0014119811332173244,1,1724.0,78.02412373644486,10698.0,0.5635165097989692,-0.06902288113765417,-0.17333679239772706,0.058197030093539895,0.03895769109389177,0.017729825915049447,1.0,DETECTED,0
40,0.6989586358476911,165,0.7640454150172313,51.13441984383553,1.0,5112.377112937508,5509.173383471169,5553.534966124029,1,207.31767845231954,0.006777232678034876,0,2393.0,317.58708902832814,1786.0,0.5160418406801837,-0.5249592356431899,-0.19807996577386644,0.0583886135743548,0.04337646561205213,0.0483456875034144,1.0,DETECTED,0
20,0.8000687296509418,207,0.38492418126823985,34.210967239569854,1.0,1301.6466580243236,5925.544772353303,4186.417199610564,1,1461.4417489548941,0.003431866033370127,0,3622.0,106.74595390338146,2537.0,0.2446211339837354,-0.4372532685768053,-0.14500088024284408,0.05698019188498636,0.050465775757754794,0.04882288588899304,0.9999584,DETECTED,0
60,0.9066903503656756,129,0.8325912537022441,35.00997919025596,1.0,2624.5907875560715,6084.995807110631,4178.247438202828,1,189.5362795031895,0.004392534454722581,0,452.0,105.37353986925706,2219.0,0.24083855678938929,0.07302480152618072,0.17065387661190576,0.04967336751850307,0.085594887563125,-0.013558004292254762,0.9999866,DETECTED,0
20,0.7039845688643407,84,0.9148950823316884,70.00109126383174,2.0,4685.14373326893,3103.6276296635197,5277.876673755868,0,198.23827663509135,0.006869857883917151,0,1276.0,334.8469164116919,1124.0,0.016503952597348215,-0.14721175249219184,-0.03147344483233849,0.05880911885595408,0.06533883207933608,0.04667679706811338,1.0,DETECTED,0
18,0.6928362296833148,275,0.8230168497242614,20.260816808264618,2.0,7236.288844945186,4351.289736422361,5067.557508009294,0,204.01215453707047,0.0015558421082479108,0,5633.0,103.07562143051389,1449.0,0.04644307771298989,-0.3152914590516552,-0.1743950676326794,0.057133034133076514,0.07487757253299376,0.0485281883591344,0.9999998,DETECTED,0
30,0.7991992032309704,114,0.12435912340201177,28.79788113816062,1.0,2893.790281459625,4055.682271569262,4260.223047097641,0,199.72417027018423,0.0010824431284759354,1,1058.0,105.04353619338737,1060.0,0.017991406199872814,-0.032367605958422335,0.06408628724738175,0.05853884009840209,0.13105109502755666,-0.01171298511081671,1.0,DETECTED,0
40,0.705044737122256,128,0.9205689350288276,10.366556833364061,2.0,4514.685570522748,3335.5324333424323,4336.851840955779,1,197.1051586746644,0.003063706613197382,0,871.0,320.22492817502433,589.0,0.21194794142879228,-0.6986480392435551,0.15348374628683792,0.05897698215974361,0.03097138082701748,0.046727934775864385,0.9983477,DETECTED,0
30,0.7099186361496373,193,0.7787156779159494,33.580251307024625,2.0,6751.429057637185,7432.939035561122,4225.467079146118,1,199.28639685449755,0.001217858068822907,1,106.0,143.07909737213018,373.0,0.2315654338910156,0.4484128065492781,-0.06269060791941258,0.058538044451440466,0.07633919801599336,0.012705428080026641,1.0,DETECTED,0
40,0.810306295320382,112,0.20213976980103318,34.31046804665971,2.0,6092.367046801817,2330.5486704622217,5164.344375926986,0,1517.952416369232,0.005666640442438664,0,0.0,119.10781467847542,2134.0,0.03967678528546504,-0.3223378013267748,0.051375791200305276,0.05136313683003163,0.1132918378585253,0.04667712371835284,0.9973191,DETECTED,0
20,0.10886736303177762,132,0.9048927916633929,34.67872041503401,2.0,6061.235787796088,6008.375922301812,4144.651738348375,0,489.16626323072336,0.01547465779768882,1,59628.0,232.7970508168745,993.0,0.2018671458757625,-0.3268918869315344,-0.14900120816642648,0.050047563589762645,0.0621481655465482,0.046956097352095987,0.9872872,DETECTED,0
20,0.7032526629055341,206,0.9124181136336802,33.76631471986144,2.0,2186.040738303199,3787.5537510431705,5679.82923080666,0,194.05946767368684,0.002808449553166661,0,17668.0,57.13366082559782,1499.0,0.8243289715893092,-0.13370760148796618,-0.1287056630594816,0.05113779983330921,0.02877305691547758,0.01709030447914928,1.0,DETECTED,0
40,0.699125679024581,139,0.7516457088309759,19.253987814511788,2.0,772.5537556742045,5136.841150711574,4114.69506309324,1,201.44948711398337,0.013649500548830382,0,5520.0,100.20124830644923,8984.0,0.25016700511004036,0.13950173802634286,-0.13290582836341128,0.049166230778370006,0.027384465675042415,0.04238949254828861,1.0,DETECTED,0
50,0.8938461968851811,76,0.9069199750244089,67.16179091215538,2.0,3317.463000511749,4899.727547938688,4922.635371712581,1,195.59448740226804,0.0014975377877085212,1,2137.0,116.21950867316788,1549.0,0.168927238086311,-0.3248283667590527,0.048338233929122086,0.05863512674230976,0.138505107206866,0.01929062460884538,1.0,DETECTED,0
50,0.9162800953861487,121,0.8391189816493957,33.497455933404176,1.0,6633.8796019086585,5639.781788112919,5499.606066135292,0,201.72220138952943,0.003090738600632118,1,10643.0,89.31028307256045,2507.0,0.7276442894094066,0.0874344222842161,0.2790729080359668,0.05760544185870234,0.14367345362058603,0.0497361778990219,1.0,DETECTED,0
30,0.8014250866024192,94,0.9843986624787819,11.562669893732853,2.0,3562.211933699949,5398.248710105939,4842.53409403609,0,1487.2135009879566,0.007012202666290053,1,2750.0,83.93863299246907,351.0,0.1302980055303703,-0.012923456636239746,-0.013938337609638994,0.048872881611989605,0.08568790195827639,0.008618564512603108,1.0,DETECTED,0
30,0.10311634089001984,81,0.7018170095595571,22.747652740403296,1.0,3444.882854718229,7120.574366801633,5373.021002812076,1,194.36552405226433,0.0030778285401811514,0,592.0,135.73354046766025,629.0,0.282035815560469,0.6011702007499083,-0.06421035952657383,0.05778763023169858,0.019661606045020884,0.043269298807969106,1.0,DETECTED,0
40,0.12552916437403067,93,0.9551966413874936,34.96973446608126,1.0,2360.529501206074,5000.310463494551,5527.529465211258,0,204.55929576444052,0.0042950620744701355,1,14021.0,29.178773995628404,11346.0,0.6942904013095588,0.0711262041211564,-0.14044647333125648,0.05842297223503447,0.0848341569908496,-0.009063231137969798,1.0,DETECTED,0
40,0.40795119824672826,154,0.8991450582898413,25.0107332907111,2.0,3439.8789482628054,5173.0973827384305,5258.40920010041,0,191.62676875597626,0.005902296647466689,1,2348.0,105.13345716168864,3118.0,0.04505660709766544,-0.10035127969517257,-0.10072689281452062,0.056698025255246455,0.13718046678878298,0.025048576942188885,1.0,DETECTED,0
40,0.3082547284058236,125,0.949959539240177,19.651590275777224,2.0,5438.446206707857,5419.341376560197,5040.59124307611,0,206.85350240987933,0.0015510745851476544,1,5737.0,124.25245185035178,8364.0,0.41283381036542643,-0.1736396040814922,-0.1639581124128862,0.05813581000528695,0.11005028572325457,0.049437145772334885,1.0,DETECTED,0
40,0.8985253740134994,275,0.7328637454087064,33.88596892741653,2.0,8813.814223222073,5263.8119215736415,5041.106918121513,0,1480.381082146016,0.0019925290593633066,0,0.0,117.15535639408587,2074.0,0.026630873329345203,0.25892223052866503,0.17814387712845517,0.05733712901956139,0.03666392919318212,0.04680823989894383,1.0,DETECTED,0
40,0.8945434775251017,216,0.14597499189711127,34.61001650205508,2.0,4627.973912917149,5643.6189059498965,5198.265908118102,0,200.44992902369006,0.0022841484051523914,1,3693.0,115.5157445058133,10335.0,1.0,-0.0831430546030559,-0.15297467879946725,0.058280917084450254,0.05552513025027289,0.003758845860158587,1.0,DETECTED,0
40,0.3998193216764029,109,0.8104501459718911,28.73473001388063,1.0,4008.6150306935297,6835.454052012467,6961.03551634228,0,197.97018554453086,0.011483113002261743,1,1886.0,119.75450248024444,3125.0,0.0338172699063417,0.041781842760199236,-0.14579058339167483,0.05828442379012154,0.0995325766618743,-0.004223167416784586,1.0,DETECTED,0
40,0.6928302804784139,143,0.8806167627150734,14.12072257908124,2.0,4789.549891959374,3921.7774532555754,4857.408757687457,0,193.3248102252292,0.0021324919931618716,1,815.0,314.01565818451667,286.0,0.04227279246733458,-1.483255431249117,0.049139854991354766,0.048933604096573866,0.13455598890313644,0.0482124200505393,1.0,DETECTED,0
40,0.7076292673628647,133,0.7753293337068223,25.852591047827183,2.0,5029.402731739004,4426.25906865974,4142.47890022704,1,997.9509795904603,0.0,1,3371.0,315.78849711717845,193.0,0.033486006072320156,0.5392350520383966,-0.28818121572325456,0.05760936851792338,0.13244006294018904,0.004491664678388861,0.99998814,DETECTED,0
40,0.3950333871578958,128,0.8293735029933099,16.957126807681774,2.0,2558.9949748713166,5588.845405450086,5073.429074435491,0,201.9653743848256,0.004133340404834926,0,3070.0,68.59441856132173,1933.0,0.919123995636645,-0.02966989279349942,-0.15585207522996997,0.05097953397245508,0.07306874888023217,0.044555340314886775,1.0,DETECTED,0
20,0.4054107565123824,225,0.1995088248472657,22.928282794369217,1.0,5600.482948523077,5893.836435738255,5051.006559588509,0,207.6027842573632,0.0031279059460480154,1,858.0,71.81197222086885,1495.0,0.5531177122688564,-0.29591596057240127,-0.22674163758502122,0.05774643327950489,0.01778030502571873,-0.0025109209337862187,1.0,DETECTED,0
40,0.8997624583947003,90,0.9177250815035372,9.763581388991112,1.0,3951.207334558272,3411.7570617051683,4730.633562599563,1,194.46942622035402,0.003449207176895712,1,2755.0,340.66128322311823,461.0,0.036380790909128304,0.10992091556017633,0.037211504925977676,0.05073605604534797,0.06068205457771714,0.04517387380149135,0.99113184,DETECTED,0
40,0.8812920568671695,86,0.7177700420087144,10.793362574787139,1.0,3710.7432297313744,7713.445252595945,4200.814011877086,1,192.89148780159826,0.00675771072825038,0,735.0,340.38379259948977,796.0,0.04390727664776753,0.5957485114489539,-0.081386056508567,0.058635462384472335,0.0680626616932772,0.04587314306628544,1.0,DETECTED,0
40,0.8050193888488181,184,0.7862597035696521,32.79809731172934,1.0,9557.678325046469,5010.408360934688,5185.408811164176,0,1490.0190733793415,0.00020598145026111056,1,2735.0,108.66769201908089,299.0,0.0393890894745378,-0.20647766719616456,-0.2728622443483394,0.051046371603187535,0.05137681775367085,0.04829391914387713,0.72240484,DETECTED,0
40,0.7985571471692693,80,0.6520940443181115,33.01008728185897,2.0,10404.53370571466,5388.8300239543705,5484.99977371588,0,207.82589424620897,0.0029792464738029757,1,2045.0,309.1993718865606,533.0,0.1180236195548256,0.6306294489816987,0.061644821863927966,0.058161029448552656,0.1377322546129736,0.02038192485834122,1.0,DETECTED,0
30,0.8933903772413032,62,0.7148227527738636,17.31019532957303,1.0,2026.0014481875164,7941.4600833655395,4356.147075107806,1,196.53874600783885,0.0018356257342044453,1,623.0,352.92992481061185,485.0,0.04588391316635532,0.12388468260229268,-0.2703073565400656,0.059291049359018924,0.06927960704251579,0.04588436371412138,0.99999994,DETECTED,0
40,0.4110502031105338,84,0.8361999075949672,25.391004467866743,1.0,4631.691174973235,5947.807718098769,5111.125029435995,0,196.2715598337754,0.004310086961447932,1,12086.0,68.67080009224539,6005.0,1.0,0.04626366487657618,-0.18646365876007223,0.05216464370335972,0.09406983791709894,0.0456968522888336,1.0,DETECTED,0
20,0.8974641707659368,268,0.770674923426332,33.90991952298238,1.0,6089.590767850203,2450.391294483812,5304.068190780835,0,201.1950585420442,0.0031621417377482803,1,10965.0,27.20903114217684,8580.0,0.6198253282428597,0.004231779930988153,-0.1701697807134472,0.056989354034162325,0.031975874023445386,0.0037246479350189522,1.0,DETECTED,0
60,0.7012718895558562,132,0.9220092767089172,34.068723295029486,1.0,3826.090675058196,3913.4649620633327,4274.603865871248,0,197.88473476694784,0.0017102336749502736,0,2682.0,54.395146099626714,2109.0,0.047350590633039175,-0.2943128362695185,0.06186127338492414,0.05917456255520241,0.1315839316843477,0.01822946537671276,1.0,DETECTED,0
59,0.100021324427608,100,0.9208224572651869,11.340512493992305,1.0,4673.660721002214,3108.3640865863945,5422.346829348384,0,209.68209586128967,0.0017592285005944292,0,3197.0,94.52863039508388,1980.0,0.19431236310553882,-0.31015492463512895,0.09039606819223528,0.05740378993140515,0.0728525273268971,-0.027922817194759194,0.9999986,DETECTED,0
30,0.4019689627045686,136,0.8397053859213567,33.871659512096386,1.0,6718.280290093784,5444.045888788911,5564.530650944177,1,496.4797670929254,0.006020096320201005,1,629130.0,253.00510756536292,10923.0,0.963155836027017,-0.271734882347672,-0.1630376138248918,0.05670923412681348,0.031228090462089797,-0.04825183795170157,1.0,DETECTED,0
40,0.09945110864264134,115,0.6638701826660507,33.469669279870295,2.0,2771.0484214947232,4591.349817892806,4377.495272693549,0,192.75830444988406,0.005850581871837738,0,6461.0,138.86684090932854,2020.0,1.0,-0.2977681471882492,-0.15228315252086289,0.05669247500055248,0.04555800829398966,0.016665033037914844,1.0,DETECTED,0
30,0.9061079718105802,60,0.1359582332668326,34.672928364474615,1.0,9301.395260876441,5675.919438155164,4918.05489460604,0,197.2431544645507,0.005670605012955767,1,1383.0,320.0145511163471,1449.0,0.6194237351946678,-0.15673077263318122,0.2124479862780952,0.05799722423780398,0.05611275252396836,0.047528894290302215,1.0,DETECTED,0
60,0.7027874063970571,125,0.8098963125527869,27.838417518542833,1.0,2667.573661230566,4041.112311543201,4386.950058924725,1,206.4162971874876,0.006998266203623637,0,595204.0,72.9096703390603,6458.0,0.4032420928949237,-0.06507179516105716,0.20805259082254454,0.05850738380043936,0.050137127400863145,0.015925883025303494,1.0,DETECTED,0
20,0.8967425721154442,40,0.19674345925470577,34.085377007139805,1.0,1393.8941312186064,4309.547020388216,3046.393468256645,1,199.37975621768575,0.004189912332847464,1,0.0,376.3855092989642,97.0,0.032498277615731076,0.03087416330255585,0.0431759527939747,0.05828928659301358,0.0974319166187459,0.04448737896497959,1.0,DETECTED,0
30,0.9023972951200012,197,0.6502725529018938,33.367944055698864,2.0,3968.475147062733,6878.217661598131,4760.453752215564,1,1024.410216786313,0.012234149087985034,0,1104.0,137.73796638663148,1791.0,0.04874182388546592,0.091871936044079,-0.06269912997108709,0.058102825087426396,0.03612855412678062,0.04415307144057168,1.0,DETECTED,0
20,0.40371475014906544,156,0.9847155583677737,22.495395461435386,1.0,5092.373862879238,3457.0195194650523,4896.712113149933,1,1502.8951340495908,0.003910527164090856,0,2111.0,111.38125083944117,1381.0,0.047632990063050926,-0.2890063779677057,0.05254198895892716,0.057507677694478676,0.07224189770431898,-0.021213092215992303,1.0,DETECTED,0
40,0.6931889928217335,202,0.4940860314082866,33.348377269450744,1.0,3393.5144293242656,3885.467557711252,4178.826190868776,0,198.93212399772827,0.00430950798772649,0,2537.0,328.10916505023624,1535.0,0.22885932147862564,-0.0009887382200553796,0.07570877312537247,0.04979932083615701,0.06659193139334901,-0.01817532958953066,0.98197764,DETECTED,0
40,0.8965273006041122,170,0.41047766692297094,46.16999176566589,1.0,3404.9889819199702,6469.497446511082,5091.625042243898,1,193.160510121933,0.0026377237257280963,1,305.0,423.6558611521931,1880.0,0.2387086219082102,-0.5690349258496568,-0.01596466416486951,0.05907789407156939,0.028568586407490656,0.04517384787686917,0.99999994,DETECTED,0
40,0.8149747814526523,106,0.2302836211042925,29.15421576261719,1.0,3684.8817778853463,6193.5069003892,4196.600488525934,0,197.51075181971618,0.018350320584005778,1,1236.0,89.79767855360079,1653.0,0.3615089082814773,-0.08922111563400546,-0.1990910078659307,0.0591448013036069,0.007114655313735556,0.043730179010820554,1.0,DETECTED,0
20,0.7070798292474679,267,0.3758769424226131,22.98701210458692,2.0,2502.1387838664596,6670.401765813757,5345.139610119385,1,194.5148140212389,0.0032534977243079883,1,722.0,357.05913719676454,1441.0,0.046047409318551474,0.006749199347511531,0.18042863548867533,0.05041076173321568,0.11373147335981532,0.048375342065961426,0.99808884,DETECTED,0
20,0.8010177258981337,114,0.8441295381827574,29.444155105134264,1.0,8531.837300929375,4875.9979352804185,6424.310107344964,0,187.9423044431415,0.0027415649427118896,1,363.0,109.23568242211985,308.0,0.03589143389467635,-0.2615348939524734,0.05372030624063481,0.05789700575916198,0.03383552863217376,0.04848413196193166,1.0,DETECTED,0
20,0.8924101414319693,85,0.43189273867195765,10.488797568188767,1.0,8445.737246011642,6859.019673471578,5322.127181924753,1,204.07631209020133,0.002593747133586551,1,3137.0,317.93331603597096,626.0,0.0064425382593351135,-0.2700593157482738,-0.18844640534168514,0.05683838768103295,0.044498828705317725,0.041115632099009466,0.99999833,DETECTED,0
20,0.6928199164501619,13,0.4397371370657832,23.14349361929745,1.0,2896.290660451619,7529.796262534044,4345.488578080507,1,200.5879198617646,0.0008172219652929562,0,629559.0,318.6793198117714,1639.0,0.48220204628557606,-0.606071425521838,-0.15353112964483245,0.05895464031021957,0.015952198774195524,-0.01481942978272699,0.99997246,DETECTED,0
20,0.9016593532072205,191,0.7589145526011587,33.59029654242614,2.0,4680.025251986826,6669.694223067759,4907.491926757853,1,201.79226743003576,0.005084466609644201,0,0.0,361.05490589820704,450.0,0.04233568536019423,0.11751610092667668,0.05429967133095085,0.0517793497992516,0.09779011563167057,0.04274326201651621,0.99576503,DETECTED,0
40,0.6068177567311835,91,0.8158600142560465,34.10880044162993,1.0,3917.6473346283283,4858.977169034054,5290.5566762470235,0,1498.3637900552653,0.005943724874665492,0,2023.0,173.06857393782485,1776.0,0.017024044096522334,-0.12201973181248259,0.4160879299643403,0.04982722267683925,0.06294378927845239,-0.016891850257141364,0.9999772,DETECTED,0
20,0.6035691480540886,193,0.909039845345198,9.954238314975365,2.0,3666.0620740981494,4698.401467567063,5073.487396841275,0,199.0881304307269,0.0031011680999069595,0,3875.0,77.83416046550168,2204.0,0.14312610023159472,-0.8250033251063272,0.0646509656199147,0.0580258232536704,0.13030878703945736,-0.022232690155180975,1.0,DETECTED,0
40,0.6932845388641404,91,0.766282592561843,33.67978552579724,2.0,3804.20398375323,5075.146055144667,6812.073101546111,1,195.84803780472282,0.0019194123204209197,0,17192.0,42.34869979214961,730.0,0.20946422411399576,0.00142737739262396,-0.1581278400047537,0.0581246658704348,0.0703343474081567,0.04819381899271867,0.9999878,DETECTED,0
40,0.693778612504304,164,0.9316822122391637,34.01376426369616,1.0,8093.850714623167,6048.517611536099,4995.551439715863,0,205.75606178355264,0.0,0,4321.0,74.32308656799081,1514.0,0.026355550150057933,-0.003038628820192411,0.04813673233982121,0.05781687779846367,0.04258656157952295,0.001025239208177233,1.0,DETECTED,0
30,0.9009023015585877,91,0.774686672702217,13.19448205687331,1.0,1981.193537358192,3992.509669596621,4912.448541861967,1,197.08734718836223,0.020071987701574735,0,2384.0,127.44596648185453,2384.0,0.07355372892234936,0.1275408171904393,-0.15949282834883574,0.05158746675156188,0.059166245953329956,0.04394739510387968,0.986821,DETECTED,0
40,0.9023009922744712,0,0.9764092910349247,33.81453788317471,2.0,4725.912903538876,4573.2109568394435,5615.899738453317,0,198.92462919563712,0.0,1,3748.0,110.44361649149695,673.0,0.1504502029127079,-0.05345803432990012,0.2585976688128553,0.05023623245768965,0.052734763842951546,0.04548547113784329,0.8251815,DETECTED,0
40,0.41043417833421497,156,0.8269074096634736,23.83236644934014,1.0,4281.062979737388,4189.311527801612,5605.702603982263,0,201.97864263802313,0.006865269642111227,0,649747.0,44.53125339398855,8756.0,0.5455346329404799,-0.3379017053494713,-0.20469622050519912,0.05624723311203692,0.041188552934437184,0.046912890104108804,1.0,DETECTED,0
20,0.5063250084023257,62,0.793831552997017,23.71932348015996,1.0,6665.375101275709,5105.122903104871,4634.7498404599755,0,194.07894181212444,0.0022342727595196345,0,2979.0,149.67318980650114,1601.0,0.1899430471202635,-0.34324262376358644,-0.10377263545751807,0.05751041143442126,0.04589784683007861,0.017989359764583514,0.99999607,DETECTED,0
40,0.8957822788479538,106,0.7983127378271327,20.114807583506863,1.0,3560.743410393371,6869.182354199109,4165.239519712972,1,192.29874277314417,0.0032515723369371387,1,3422.0,404.70940647999873,705.0,0.0285855126546853,0.3504149027049459,-0.25668114880023274,0.05217585752451217,0.10755083854701335,-0.04639814532714687,0.99999034,DETECTED,0
20,0.8065642336899936,242,0.6120889336407895,33.512752587930024,1.0,8317.241764110428,4626.727843372187,4189.713377094622,1,200.24287745326507,0.003105394167789287,1,1427.0,144.29860631493926,369.0,0.22498442701228633,0.5540172788162764,-0.29717791969145746,0.05768261847824811,0.0633084308995494,0.008525692560052185,1.0,DETECTED,0
30,0.4072893682663766,67,0.2373457909609221,33.15626320852984,2.0,7167.367073782017,5287.806025717112,5366.797059869235,0,212.04867616382032,0.0013760367086125076,0,2044.0,60.28761570550117,1118.0,0.6266165805581042,-0.28975856455003446,0.3646370964627801,0.05026490143961912,0.014465758106703197,0.04589626990323909,0.99890864,DETECTED,0
40,0.899084296664872,181,0.8695571955846936,93.58804371431368,2.0,3846.6030258986502,5428.790738022556,5068.198644401502,0,195.61824684586162,0.004691554600507294,0,17955.0,1581.3195343891348,11421.0,0.19564815401742253,-0.19812886398731797,0.2517168617322844,0.04933781794088454,0.05132403844747734,-0.01446081847110833,1.0,DETECTED,0
40,0.6974773987470643,137,0.9073370905159889,34.19290184677994,1.0,2453.622747643073,3943.8703181683163,5842.793897330974,0,199.31976389731102,0.014045751574511916,1,3065.0,93.70918384127599,3773.0,0.24360848084113135,-0.18344331039596745,-0.162035396762725,0.056449484906168856,0.057616346308631536,0.02944350887843278,0.9999999,DETECTED,0
40,0.6065580093918097,190,0.909107784166138,34.39693992911935,1.0,3675.8461033178164,5055.4936536031055,4426.418779931217,0,1019.6564984359127,0.011303202077394787,0,4732.0,327.7892850075222,2732.0,0.04238749482991881,-0.11393091811191217,0.05735337184468265,0.05764579621478438,0.05938842375074596,0.04889662758120402,1.0,DETECTED,0
50,0.7042503307412932,185,0.5948048269734595,26.89784990573984,1.0,4585.553283647104,5574.358772367633,4499.37558594622,0,203.17562335612837,0.007417389159506351,0,2074.0,78.09569113192897,642.0,0.020414529682497032,-0.10023611144806427,-0.17512758484994878,0.058611282720408026,0.04048012405921339,0.00032148943077321343,1.0,DETECTED,0
40,0.6960263781762113,32,0.39156263877396325,22.865825406074357,1.0,1949.070749037229,5848.282882943645,5523.602413395991,1,197.3769430216422,0.0033854741443227134,0,627063.0,99.16902733792597,8776.0,1.0,-1.3252045388332119,-0.1556039961552976,0.05213786173424738,0.0033561704799694933,0.04689458897059895,0.99999917,DETECTED,0
30,0.695375028440678,91,0.35455496541333575,14.485088288978648,1.0,5094.643969727275,1989.5880740118769,5091.5323584172,0,204.94610932591198,0.002681616600974124,0,2643.0,99.27985204387144,3004.0,0.1454245209013345,0.2115004425297788,-0.0638160647512967,0.052541046069969115,0.026287598608896796,-0.001010144776956082,0.9988568,DETECTED,0
20,0.6972443912677637,206,0.8230729767735614,10.41083948757177,2.0,2478.1586028787788,5339.175261271461,3072.2708988750023,0,194.27399664257248,0.008281003825446973,0,4882.0,139.08956755648487,2017.0,0.027794320355627726,-0.29803844440659777,0.0016901830931155444,0.058390282098043166,0.07010082944073266,0.011264267801474102,1.0,DETECTED,0
40,0.7029265831867061,145,0.8760516577167176,33.839635322699436,1.0,3740.9681906403553,3497.162815365483,4292.305859995063,0,197.70026380168008,0.005594265297857955,0,2267.0,71.1121757449695,1753.0,0.203187209332746,-0.7522732842357118,0.04787026089772982,0.05920800705196257,0.048116547830226244,0.04710555077212517,1.0,DETECTED,0
20,0.6953930639793768,117,0.8692020629578975,19.397647889271042,2.0,7356.691648491974,3852.8423598648264,5376.820230221534,0,192.27693745183427,0.0,0,2231.0,103.7487079091344,1186.0,0.017177193040624067,0.019874222355400234,0.24996693408307408,0.05117978022642357,0.13616962540882824,0.028330954058924385,0.999667,DETECTED,0
20,0.40767416857437877,102,0.4725561800989768,23.31951613460664,2.0,9247.650447768943,5260.597136115121,5549.804148831557,1,200.6431711657198,0.0,1,6566.0,72.06027983612987,10885.0,0.5176408650883222,0.023266466616970658,0.24723825589771406,0.0581134925906994,0.04178484936707791,0.04838974163810466,1.0,DETECTED,0
20,0.7031251070100182,151,0.6632057506882088,33.68470670325583,1.0,4497.026379185488,4971.18842293774,4956.127297720616,1,190.9035075589901,0.0026398873451788166,0,1043.0,147.82130666915242,8645.0,0.14568872633808344,-0.5278824926932331,0.2444755195725313,0.05833063616752423,0.04032245311414852,0.04463589669469081,1.0,DETECTED,0
20,0.40953900945452104,117,0.8478064163633242,33.89515528603174,1.0,11121.894760956015,3467.122124323175,5309.963869405732,0,204.69281887550412,0.004288583732768768,0,3750.0,80.71453426520186,1748.0,0.22477891871671543,0.562168851221873,0.24145537669191353,0.051297825839153474,0.0322704480296286,0.02040623818011634,1.0,DETECTED,0
40,0.8056860708157132,46,0.8897662530150434,33.25159352561949,1.0,5733.2064543986235,4432.6904961445325,5358.707950298346,0,207.1173112314312,0.0015177039361736258,0,2087.0,336.79798912558584,263.0,0.023188360749355198,0.23267058091381987,-0.09754100695236242,0.04916659600665719,0.06651263710633833,0.006132558615901276,1.0,DETECTED,0
30,0.8996327636005368,214,0.7192544146565549,33.46412371927241,2.0,1858.4714733820347,4342.781786662126,4152.904625522391,1,195.09657571426484,0.004365592206642226,0,0.0,113.97766663934377,797.0,0.3297093126651688,0.4145105774975657,0.16410697421459017,0.04967358438965735,0.05629098167763004,0.028849809444451632,1.0,DETECTED,0
40,0.7864092437137948,247,1.0,6.204436571866268,1.0,4103.519188390523,6220.754103341417,5032.664593544673,1,196.60995841084795,0.002996131794363225,0,1091.0,276.1961059755743,2075.0,0.24745305743618953,-0.5567233197488932,0.07578098445334046,0.05821816928655515,0.09322088311927022,-0.01988338645931345,0.99995786,DETECTED,0
20,0.40263162398771424,91,0.6220740359871699,89.92705129046868,2.0,3499.7953786299468,6137.181745509356,5157.362377139247,0,198.90505197276715,0.0034925004794095675,0,2001.0,104.02556358882636,9197.0,0.4927844229882918,0.31785007439304797,-0.13832949518966203,0.056862097753385334,0.10343872982073772,0.01798644548715254,1.0,DETECTED,0
50,0.8938884967376205,186,0.9522397659898427,33.04497122947042,1.0,2689.2142524294622,5244.558230070067,4087.7678602091482,0,195.7622388822405,0.04185699000473178,0,5820.0,100.25969792889879,2040.0,0.2958037607533198,-0.7527869322390848,0.3805329074070124,0.05055617229326253,0.13360881425935733,-0.05632974660764467,0.15303175,EVADED,1
50,0.5947278210825468,212,0.9702910630590498,34.61916284823334,2.0,5941.1374874375615,6338.836435050609,5086.762348562448,0,204.69988240008917,0.0018899765542294451,1,2406.0,75.5238352157681,111.0,0.029523214472215748,-0.0050459597175232795,-0.21140717911769116,0.058181412862134255,0.06335146506865966,0.04668887393551639,0.99999976,DETECTED,0
30,0.7105025330896277,229,0.8110905817618441,25.190511406633508,1.0,5878.600782274195,4577.179280656901,5078.484419356602,0,199.0590304038959,0.004986890699707291,0,163.0,124.45150567462969,1371.0,0.2805838369105769,-0.623401616347016,0.08067767450415506,0.04919769498851022,0.048566060887832434,0.046731277614487365,1.0,DETECTED,0
40,0.901789875673818,105,0.5289875561469154,33.50236181417115,2.0,5607.312042193412,5245.3013124078025,3382.258830132496,0,204.8768617439916,0.002018584071885307,0,3127.0,284.17679313450185,382.0,0.023278002075306014,0.25120807942635703,-0.10910875531719423,0.052358867826606675,0.04310367867069485,-0.044690670700595264,0.9995246,DETECTED,0
20,0.6951018433672271,111,0.11568019982155131,33.77107518008019,2.0,3830.183475652992,4673.900493169007,4341.633938182708,1,203.08317064437855,0.0019886946871735672,0,3868.0,23.2695392165866,3496.0,0.5463454860571159,0.016367657910549484,0.25285935375991275,0.0583938093470992,0.0501193438784852,-0.03479534788436222,1.0,DETECTED,0
40,0.403873021845999,160,0.7740199141011553,14.427221944376752,1.0,5375.818752755489,7754.429870978746,4925.180110832484,1,205.6828929450047,0.004985305425000586,0,0.0,111.6509729820065,2100.0,0.5423932417406209,-1.0012733626819064,0.07827944527018436,0.05058736204902891,0.10685440373056741,-0.05314716118898687,1.0,DETECTED,0
30,0.8982076834334035,53,0.1018311839932307,16.690754420783602,2.0,3962.4319786908595,4567.121961063616,4938.704901428079,0,200.0396702101798,0.0035730018379032755,1,593.0,129.42658808095626,1297.0,0.05136081634585516,0.27215490782541824,0.027830277950801906,0.058111030883585386,0.01688954461955608,0.0442773365448272,1.0,DETECTED,0
20,0.10554960872332479,144,0.9147014851235922,33.765207740007966,1.0,3926.371780614992,2826.7591779303116,5288.972508893173,0,199.81895718288143,0.003545609399229631,1,802.0,82.5353618497468,1204.0,0.020833258020438384,0.5690040970767825,-0.28194232410047193,0.05802623341153303,0.021376482950458707,0.00526756376455474,1.0,DETECTED,0
40,0.6944365101793304,142,0.5793704505651838,219.0174590887715,1.0,2557.689661689712,4015.4027076394286,5085.308591911782,1,208.16541301708543,0.003965650242600578,0,577646.0,51.345163648431836,3302.0,0.527140399756101,-0.02739982651457218,0.2556957111356972,0.05068164079568148,0.032690334129403524,0.001367126261120748,0.48323783,EVADED,1
40,0.7059117175256333,94,0.9492255071402332,34.859107012388215,1.0,3823.8704702219225,4163.695343661897,4075.795174118604,0,205.50156265733153,0.004036970118829857,1,4885.0,99.2052177639102,1593.0,0.040637025146113046,0.5947524053067683,-0.30740779562753434,0.05176423742238667,0.12784105582095176,0.0015970489955344658,1.0,DETECTED,0
20,0.9010596203212076,99,0.31119097728735196,32.70386346149421,2.0,10842.439183364933,3956.1587804318283,4241.107857565154,0,1490.00466331087,0.0024449027704028033,1,859.0,119.96330067844077,1882.0,0.028748825628531375,-0.3846636066515694,0.09053941874972987,0.05110634798626341,0.07170256198137293,0.04425289386832308,0.9941174,DETECTED,0
20,0.8099270383159819,90,0.8354931122606546,33.665294979107,1.0,5332.992444813408,7429.455105946168,5496.754135991948,0,201.56104210840624,0.03725875258900509,1,15093.0,79.47546398954464,8593.0,0.4140723583728634,0.04671091071921059,-0.17527812446545732,0.058813988673660424,0.09141637815904688,0.048945003303275884,1.0,DETECTED,0
40,0.6113209254380199,188,0.9426191860106049,22.790788187877553,2.0,2690.4617385287365,4372.5418710210815,5164.485373854203,0,202.3434872153832,0.01148151799518014,1,3551.0,125.41760594236598,512.0,0.20135385570594536,0.17246364266713515,-0.11871016948358173,0.05791512324575644,0.10625719120208618,0.0067298898218268455,0.9999823,DETECTED,0
40,0.8045660135994045,189,0.28282715739557573,13.990010122771334,1.0,4199.867282484447,3569.583016923395,4139.749662381251,1,1462.3077095250424,0.0031012079613513877,0,2471.0,336.1707342727543,714.0,0.0331027724875177,0.042461100998926984,0.07747792385812732,0.05861482393228492,0.08799554372685892,0.045775066355455904,1.0,DETECTED,0
50,0.4053849875260551,214,1.0,33.8026510929765,2.0,7291.3578553499165,5558.807447153122,5723.02506298812,1,1503.2280612405673,0.0011617966817877674,1,3720.0,72.78417689765097,1362.0,0.027696384485011973,-0.5048406518979345,-0.1532563784401585,0.0578799123018406,0.09756165487514629,0.04424895049761124,1.0,DETECTED,0
40,0.10927221646618493,95,0.9038513531468546,10.270614563396023,2.0,3432.8406180595366,3328.4921101452946,5235.187881531329,0,203.38654451445862,0.029793096652501763,0,2034.0,48.25418929215523,8673.0,0.8270236517557796,-0.1444487182428081,-0.17569060971377912,0.051140582608512127,0.06634361279453901,-0.021134771832301752,1.0,DETECTED,0
20,0.6015480950148593,305,0.9344211290514967,34.04115934741934,2.0,4794.45559398835,5126.625911563645,6543.389929812974,1,193.22672415888766,0.00489344918419274,0,2928.0,82.93665824881934,616.0,0.1837217640999442,0.19897693878352346,0.08838080626637906,0.057318964658975624,0.12494403762658554,0.034755094773964816,0.9999981,DETECTED,0
50,0.694696503226634,295,0.44779827251738435,33.43828421406093,1.0,4997.552976388789,4579.396518038669,4940.658311887325,0,501.41068312456144,0.004144872076979323,1,3732.0,32.672578597872764,1626.0,0.240872266740525,0.28121299127665383,-0.2743629834244334,0.05824721332349375,0.08247204198582557,0.007689722024934747,1.0,DETECTED,0
20,0.6991491607337841,223,0.9037957032156906,23.659282892677414,1.0,3431.4288565775423,2905.609478659054,5531.467446470824,0,196.52907515554858,0.005881086270677479,0,1430.0,123.35187845275856,3327.0,0.0423339672736003,0.10778236659360296,-0.27821130971323743,0.056366047364432216,0.07156928810739879,0.04908663375645194,1.0,DETECTED,0
50,0.47880046523050934,161,0.15235727653830516,24.54019092654087,2.0,685.0997471892035,2648.6544347027348,4244.658394630188,1,501.97875320758976,0.004910402767552319,1,2067.0,68.53964219331151,369.0,0.08295521163460742,-0.07450718801696882,-0.15744581344500566,0.05853005634835209,0.09498272270252656,-0.0086035278516063,0.99999976,DETECTED,0
20,0.7085326915132133,42,0.1350106841168774,27.77733681730588,1.0,3983.3169078406027,5242.710105838642,5062.680011057163,0,510.1182356199183,0.005774804432584169,1,795.0,97.16072513006714,6174.0,0.582219513665495,-0.340264848030222,0.05861971897478284,0.058105476946113906,0.09384490131277812,0.04674956401809826,1.0,DETECTED,0
30,0.10972903157734047,133,0.8321732702991906,34.418080364834395,2.0,4976.642992473857,3927.171803335439,3171.1255912710667,0,1514.6740760939947,0.005070485765965924,0,2333.0,110.18909971238628,315.0,0.014415814943324497,-0.6584787862009276,-0.0006667242043725645,0.057398331336951436,0.08130855084068074,-0.009875744095784286,1.0,DETECTED,0
40,0.8970373563246781,109,0.762843755898811,10.929896094301697,1.0,1801.6226714358656,3298.2240194192486,4859.939062293853,1,194.89111239229217,0.004388102805568278,0,3623.0,143.71265578537088,2363.0,0.2067549288441864,0.5552056776217813,-0.06678064805059183,0.0571305150130478,0.0949130227368195,-0.0013445021583349537,1.0,DETECTED,0
59,0.30556312622147785,135,0.6679430831645474,20.33436738932309,2.0,3455.260176499915,4217.247095377399,4762.5293676722495,1,202.35624221509545,0.011030906029623082,0,5940.0,67.4709434413983,11896.0,0.5681087495842887,-0.3151331715400939,-0.1709992839564964,0.04845390236667816,0.07123455289924721,-0.03936331084561351,1.0,DETECTED,0
40,0.6096006377291225,132,0.9500530618812894,9.164659911004492,2.0,3519.751360535237,4410.828072306008,5760.17016918397,0,195.24385025969437,0.0031206727842610867,0,14969.0,28.31435029722938,1779.0,0.5742754697152226,-0.04288849513215588,-0.17456002109500465,0.05664148531748259,0.0581646238208986,0.0005207564494255443,1.0,DETECTED,0
60,0.6981803748396519,10,0.7957988379995282,25.971626086294616,2.0,5022.138229837465,7362.858872058813,5468.16488496012,0,188.5310914920426,0.004695683963110238,1,955.0,105.7738656054425,1061.0,0.05147759886053136,-0.028020097691051824,0.05667151294069569,0.05755150916039641,0.017980645727108585,0.04410197580141212,1.0,DETECTED,0
40,0.8011645456955029,108,0.7336370107906962,23.318961341907855,1.0,2369.1651529451474,5451.317688990145,6317.7090059211405,0,206.66138599177913,0.005382867715845379,1,0.0,100.8838238887646,1296.0,0.15233873994122923,0.5763949779087923,0.039972688963823666,0.05878624962600978,0.015983113729634842,-0.027623580746108302,1.0,DETECTED,0
20,0.8991480055198248,136,0.9324343254444466,20.700760275149346,1.0,6292.40465319127,2686.4237126957623,5202.795223690796,1,197.80342312571133,0.011402268816807377,1,2523.0,123.26476895800003,1454.0,0.21541724229041082,-0.13070212150058252,-0.11331109459878784,0.056990422223361654,0.13290674229357974,0.016027537698757126,0.999884,DETECTED,0
40,0.7063244792735156,145,0.7559634417932416,15.25221517298722,1.0,11430.90710245573,5486.021484093891,4186.569006197358,0,192.6107754463886,0.03763183254238754,0,0.0,87.79107410830507,2248.0,0.23883742573981526,-0.4213946838850296,-0.15371402401647347,0.057869951332334635,0.05102237981125331,-0.009149555717754039,0.99999887,DETECTED,0
40,0.6956132294558717,153,0.6775796382132037,33.50921944153874,2.0,3442.6043709601245,4465.1005579127,5229.0192901336495,0,203.71353585209772,0.0022893608668844217,1,5299.0,86.47025360139189,1645.0,0.27228902096028473,0.1856293055635789,-0.19196749190720747,0.05782102929918514,0.043986184991544025,0.0069231957167901655,0.9999999,DETECTED,0
50,0.5986758181120033,136,0.0690634897550691,32.852285721233905,2.0,8461.469009509045,4735.080307940254,5082.963839490915,0,197.50707374403575,0.0014329743869987747,1,1651.0,146.42422451071667,248.0,0.03404693607925989,-0.09300000600276928,-0.09183876741397465,0.05706758043737085,0.08677334457118915,0.0037649886953602177,0.9999993,DETECTED,0
40,0.6008750468067464,102,0.8570596038906647,12.072621000823695,1.0,3847.7523656294484,4152.889371412377,5040.819089001322,0,204.58628335558885,0.01893828282394735,1,14754.0,53.63369118416877,5983.0,0.9530059034687708,0.5713448478648436,-0.18081870542543116,0.05902194645136392,0.09788563373402628,-0.02129296533116208,1.0,DETECTED,0
40,0.9096723829672623,126,0.9043445317553692,34.15878909346434,1.0,2071.903257973192,5522.47342947609,4234.856458403721,0,198.43958621829438,0.00084194228771512,0,4363.0,73.40604834755777,2372.0,0.30809460598775973,0.13493769913732848,-0.14826079540878465,0.04955088027304084,0.08188849681958986,-0.015867521071077598,0.99999994,DETECTED,0
40,0.11098996161001096,96,0.77022696139408,35.234398603036304,1.0,4047.2828611122104,4008.452003307246,4834.884068423664,0,189.4618366393705,0.004051177209357226,1,0.0,100.33691512302127,191.0,0.03399105562861697,-0.14072104634258392,0.018131698841094765,0.05869411678769113,0.03995693596981816,0.014402526689542155,1.0,DETECTED,0
20,0.8059086579768925,99,0.1380020828921555,25.360706007425193,1.0,2422.5608657068033,4453.316992403263,4121.831025439771,0,206.22174953823009,0.00424759717351912,0,3238.0,93.28560774123875,2249.0,1.0,-0.10345491613107272,0.2734412961923576,0.05760644030060515,0.08527736086855674,-0.0032061101645590143,1.0,DETECTED,0
40,0.4042494367779801,205,0.745330996747833,33.83155976347524,1.0,3811.853604844387,4522.07893722663,6302.306146512464,0,191.41968442046078,0.004948830395038454,0,2965.0,70.33801864362421,1636.0,0.23687790775977435,0.07180408413647968,-0.16658495939120194,0.05816355152482454,0.11290840429285277,0.010608002104044617,1.0,DETECTED,0
40,0.7051305278035612,169,0.10311370631798568,25.458985201953155,1.0,1412.4455617030694,4781.211313674313,4920.628576673148,0,199.6232027915474,0.004512285844412503,0,21627.0,48.58143766734202,6665.0,0.621519777275696,-0.006634437604196151,-0.17552789538311703,0.058279304946507356,0.012809767189316677,-0.02167581109448368,1.0,DETECTED,0
40,0.9081090101832124,80,0.5327214853668054,33.07107765731511,2.0,7699.953601399374,6042.473084406476,6902.69939630784,0,203.89751510606874,0.009778502969646864,0,628521.0,93.55950177006775,8040.0,0.5731168321900783,-0.24817411586153332,0.26861178158301036,0.058817683276143465,0.09476794256539232,0.04967768478676269,1.0,DETECTED,0
30,0.7908383751944177,145,0.7951304494745322,34.300479622243756,1.0,4323.2823486196385,4322.227494440579,4067.0133376528165,0,202.42768970265865,0.0032587035375520614,0,1693.0,48.576943699416304,643.0,0.023381081744009005,0.4135033103988964,-0.16063874637594672,0.05739405323553369,0.14051428821606432,0.041164194057416004,1.0,DETECTED,0
20,0.7040121575372617,241,0.8216524382088433,15.836249273408718,1.0,1612.0238720260081,5839.94726341008,4090.743947488264,0,198.6985912763809,0.0050040138553811555,0,0.0,141.00004990583045,915.0,0.02994522896659274,0.15235139395082184,-0.08512400144372614,0.049573763146960215,0.06688212225683665,-0.015282352600046466,0.9998722,DETECTED,0
40,0.8936567193914996,137,0.7724246329569031,21.909410835247254,1.0,2942.341693618852,4822.659076969167,5129.048279575906,0,997.7823501115506,0.0029165935103811183,0,500.0,313.85968337120585,710.0,0.028033391394567807,0.26531438697653076,0.08711317906104851,0.05052848450902325,0.08059258248868743,0.029993425711515802,0.9443787,DETECTED,0
20,0.7087990843062457,15,0.6653952116804178,23.662611508806343,2.0,7601.293559312531,4806.396713292302,5455.372196613724,0,204.18924578469057,0.0,1,2294.0,359.17616342447997,1600.0,0.017331868207789248,0.22630443441886217,0.06153718730386847,0.05765519252514263,0.10388028531655608,0.04950705005483521,1.0,DETECTED,0
30,0.5074654630934696,113,0.7399051733513082,24.48324539880623,2.0,1635.858882875313,5202.958611259829,3117.89921132541,0,1491.944068154738,0.0038334660448067696,0,1785.0,72.50010413118102,2211.0,0.9196730402441923,-0.5051669757401955,-0.13305282289194342,0.058186380018740054,0.11568916195572468,0.04628907584266984,1.0,DETECTED,0
20,0.10651634719068769,117,1.0,26.969173472430548,1.0,5760.417316900024,4551.509973178756,5240.296387084394,0,196.78975327541866,0.001876637075164713,1,480.0,88.23234609821881,2664.0,0.030161747355520963,-0.03844062642989102,0.05718229517211162,0.05735673041496344,0.0921034238423665,-0.02091232469399842,1.0,DETECTED,0
40,0.7042201075567055,81,0.8729816480009475,33.415255777231025,1.0,4209.232554726493,5213.683138008846,5329.205609003721,1,504.11918459010855,0.006994142839832202,0,3166.0,73.60716725028944,6320.0,0.9746622408043185,-0.9488890019999414,0.15093300307513435,0.05059167465601231,0.01449029030448086,-0.03534442640957835,1.0,DETECTED,0
60,0.9046443913206587,261,0.971675559125017,33.69538831811115,1.0,3073.37373493768,2257.5616552341403,5096.616621061305,0,199.16404871759298,0.0036419638350035422,0,789.0,122.9919549212402,1555.0,0.2568179091460469,-0.2517933059046015,0.2236319279161582,0.05658130155112969,0.08678489100291234,-0.012779260513584296,0.93653417,DETECTED,0
60,0.4189978573689068,223,0.8949663246881773,33.93448040091909,1.0,2768.3243918941835,6318.204050896906,4351.963065963634,0,504.8902461721038,0.02772233591355302,0,2023.0,70.129002523188,2354.0,0.03719396539975834,-0.9054379562094876,0.08871654351469502,0.05760138689518726,0.10782616846442689,0.010399681271431364,1.0,DETECTED,0
57,0.69875533923164,143,0.7537373432519707,34.53177353510606,1.0,10592.383328836524,1995.3950305646463,4852.661402022058,0,197.872577888269,0.0,1,0.0,113.23916413766997,0.0,0.05145665336367297,0.28592448821339,0.04292377737225363,0.058813532510307305,0.09874903503459773,0.05033741721157773,1.0,DETECTED,0
40,0.6014399460142777,126,0.4335433355227005,33.68173934903962,2.0,8423.328906023973,3487.7569323231605,5401.932716761459,0,196.38163550153308,0.00508672941883514,0,4302.0,94.61024146577418,1484.0,0.145305425845833,-0.6398982181312504,-0.309622462150003,0.05851435983284285,0.039390833377403095,-0.008194007828811346,1.0,DETECTED,0
30,0.4043612659076213,115,0.8308760764584169,33.25493588054816,1.0,4956.894967439046,5131.145317303955,4158.731202501355,0,199.089651179117,0.005120052139729241,0,680643.0,40.56466160889177,9025.0,0.36641913512724594,0.024558227773123376,-0.14746820506640065,0.056960536575725786,0.06860769078151277,0.030032480684890072,1.0,DETECTED,0
50,0.6945228817166237,112,0.9885408885469003,23.2654868051515,1.0,3812.0011042863507,3342.5213029041424,6647.537642295863,0,1475.9336073988038,0.015425839024730572,0,2820.0,125.95431637445253,1893.0,0.24814907926287147,-0.2341706770026662,-0.15661976885337106,0.05793324735466965,0.044830220339783115,0.04559796960506836,0.99999696,DETECTED,0
30,0.9002944360304753,200,0.8234533061711493,8.813148382223673,2.0,3944.379145416141,7131.492653094912,2934.5696898337897,1,198.93351289057512,0.004475976109718155,0,3800.0,350.267579608028,558.0,0.29115946027215955,0.09078721503783507,-0.10513008935475053,0.05870523680494362,0.048105650242929496,0.021505408401559366,0.9999884,DETECTED,0
40,0.69602346515562,93,1.0,34.10501572492137,1.0,3417.2238915657817,4309.197109581442,3127.6690870977227,0,197.3594348609209,0.0011082664257138736,0,537.0,80.8291885324534,1555.0,0.23491448350212263,-0.0445820916118366,-0.11538984118534026,0.05724152404858482,0.09497735753129394,0.048963130176189015,0.9999974,DETECTED,0
20,0.42209196730154996,165,0.7606228970565154,28.3838209006536,2.0,4804.014347218458,4136.300559472308,5655.518124882271,0,201.85576960906835,0.005311001635618599,1,10647.0,96.46371136039505,1282.0,0.5145022423856291,-0.16875399169598404,-0.1784460369639573,0.057872444731377565,0.025226038221330647,0.048999379962618446,1.0,DETECTED,0
20,0.4082594006069467,81,0.9267415260326473,16.829228017013314,1.0,950.1347212618288,5928.275835370847,5390.2229220558565,0,206.949304715079,0.0008128473014935283,1,17866.0,103.95904720074749,396.0,0.1567955946321219,-0.28386241649416477,0.04892440237746408,0.05869576667201577,0.04817485768970599,0.0006209518393704965,0.9999987,DETECTED,0
40,0.8969292730220401,110,0.47075415414232913,48.57387544299877,1.0,3138.7537471307164,6719.122751994602,3905.811935094314,1,208.69600550630554,0.014495692102492581,1,3259.0,124.15964510471103,9370.0,0.24400520340031776,-0.07994307137714675,0.11414970415085243,0.058404630666877795,0.0617695758680648,-0.014454960407805873,1.0,DETECTED,0
30,0.6953634991247292,179,0.19752906727716432,68.81769340566346,2.0,9240.884507905688,5640.498071961229,5188.719522664197,1,202.42699355743846,0.0010454673066865225,1,5323.0,95.12846508853151,709.0,0.09024821497269114,-0.33861358258395163,-0.17283206033222606,0.05106436098451313,0.04433425105128011,0.050799024058021024,0.9964509,DETECTED,0
30,0.6001233370539559,86,0.07812697296231114,34.19906765577503,1.0,6723.798316318538,7717.77562694395,4242.7610020382,0,1476.6058441676525,0.03748577981411008,0,2285.0,129.37402188320516,747.0,0.05152114477589376,0.41916357491525813,0.16521633912486625,0.05853813561062256,0.03646275992522825,-0.046635618779082,1.0,DETECTED,0
30,0.9028213152046218,45,0.8515197445236256,25.335410765866094,2.0,3125.771332746176,3636.804343065243,4982.273727394443,1,205.2595446992449,0.0028149467956397056,1,1556.0,104.40396577181336,306.0,0.03225778733935873,-0.1903253861330835,-0.28441980949434775,0.05816749546220129,0.03547901795304239,-0.02118969519439073,1.0,DETECTED,0
40,0.10045647185238053,125,0.22257701859950085,34.13630651675682,1.0,7327.352601733426,3906.32721472662,4870.349565593118,0,193.5079338639535,0.004874888186121031,0,3169.0,111.77274773807694,410.0,0.03317819538360476,0.5183167582415528,0.05915140197148634,0.057910290147262594,0.04640269861346814,0.010441418748556147,1.0,DETECTED,0
20,0.7964275753792182,255,0.7796923440680807,11.978882086961768,2.0,2549.134570307304,2818.1738242480515,4092.3916506236897,0,495.85289023110215,0.00043464720016680265,0,1368.0,102.77103605886118,519.0,0.04403979986756167,-0.8780422247578927,-0.10093283838755551,0.05791397716706541,0.023556698885319194,0.04615990337241066,0.9999996,DETECTED,0
20,0.8967786356111328,91,0.38388312484276377,48.16511897370066,2.0,3151.324576867252,5623.83404687571,4080.4401141004037,1,199.44811384697832,0.0025706208286573264,0,3562.0,88.10062422161207,1536.0,0.01923801777621919,0.3773819069092235,0.058734084045153685,0.05947598404851768,0.09437168868396517,0.046667734975023606,1.0,DETECTED,0
40,0.9042698598176232,199,0.5944937741395042,33.490432768021215,1.0,2893.9455714785418,1835.7679605961043,4271.679185154942,0,196.30110530680022,0.00030489922064052405,1,2210.0,66.7613456325453,816.0,0.03804245541298646,0.26418949672508085,-0.03887455818279262,0.049824626786667076,0.02978693174102656,0.048125175872383845,0.9996376,DETECTED,0
20,0.7972656295261225,106,0.672971568183391,34.182624843323744,1.0,1354.9151013919154,4805.219734242206,5019.75927731924,0,201.97861415606917,0.0064731641078310635,0,12358.0,52.148734288999165,8740.0,0.6109203819945023,-0.009930863390038562,0.24557861088203728,0.05102614598534529,0.06909753363979121,-0.05217935220113219,0.05748581,EVADED,1
30,0.6964611369641993,78,0.9064465742075887,22.542222430335862,2.0,3883.2123111438227,3889.5693918110283,5429.73188732153,1,196.36581630622447,0.004096959910180054,1,1171.0,76.11900216130452,11285.0,0.2968461083308645,-0.12747003904169052,-0.16765457028140496,0.057245643548391505,0.05065161134082175,-0.0005817094030071664,1.0,DETECTED,0
30,0.707930995429403,164,0.3328528668172448,216.0758379091808,1.0,6464.851685234258,5320.324470226108,4121.733938266167,0,1479.1894233910825,0.0020356111198083443,1,5548.0,127.76316117951208,875.0,0.036554811131274165,0.6062743754994282,0.18782093147295334,0.05761311399451208,0.09052342767599983,0.03532452206467716,1.0,DETECTED,0
40,0.8954932616146337,268,0.9430623825872864,21.760491925176545,1.0,5021.1366816843365,4496.122956239794,5114.139597618059,0,493.95381886275817,0.004522423954169907,0,1581.0,74.81011245960505,371.0,0.047501490115419334,-0.9202091345757514,0.11772149916536641,0.05833478846993877,0.055424615301593295,0.04473982388571105,1.0,DETECTED,0
30,0.09401796389584004,90,0.7920330230655286,14.418345238729536,2.0,7638.558171869965,2993.187521436553,5648.74571720004,0,196.3191469619893,0.004872615564882232,1,637.0,1640.2968972396413,1777.0,0.24116587304550183,-0.4239562818109548,0.0015152182874935,0.05876113385167834,0.06288318276612517,0.04876212215691635,0.9999631,DETECTED,0
40,0.9056893188869437,107,0.8850002261585419,33.781730206504285,1.0,13364.73930935101,6971.231751224292,5023.869771586843,0,208.55488884607183,0.0,1,2782.0,106.7036300181035,138.0,0.030155670887493893,-0.17045146134508526,0.024772161130277384,0.05902598731844262,0.04935302610585411,0.04679216936706195,1.0,DETECTED,0
20,0.6889937203204872,90,0.7250610509026819,25.249707549485663,1.0,4076.6736647347325,6580.449844271895,4700.409044551029,1,198.99294504175865,0.009072145380024096,1,2533.0,141.34286925770311,3239.0,0.4562151168683092,-0.23731467215846508,-0.16958227328396575,0.04990084027350212,0.10924606868281142,0.04566060919567026,0.9648816,DETECTED,0
20,0.8927074540216682,90,0.5265681474151541,33.34566161534192,2.0,3668.833319653938,6142.274197306322,5506.5303571478835,1,199.89010069426075,0.003060406573056212,1,0.0,98.97627586118249,3197.0,0.015341333821450358,-0.22784324375636764,-0.11017995121478151,0.056894176833242875,0.09008867156680149,0.04785120908449002,1.0,DETECTED,0
30,0.1790062863481443,115,0.8883079956325601,32.93533359224384,1.0,6633.051347107249,6670.623481799588,4990.990358986846,1,507.0464656472926,0.0026591392120562103,1,2608.0,331.082976693909,700.0,0.16985094472933315,0.5484764450720846,-0.09277872776617845,0.058213809763185645,0.016754854131436864,0.045422530899244036,0.99999654,DETECTED,0
20,0.7966349350707422,54,0.8713298544097275,16.307427682924033,1.0,3975.4212600716946,4776.580230483069,4253.088948516358,0,200.41272645926784,0.027751075347744028,0,1552.0,1572.7460166367662,406.0,0.031967577563488905,-1.4316576454494176,0.05384066801804086,0.057672433635954166,0.024894042061955134,0.046916128702182786,0.999963,DETECTED,0
20,0.40513494695541946,166,0.8528144359246865,33.600625313595025,1.0,4563.7711645683885,5210.791303575798,3209.046443393176,0,205.62062127313078,0.0007096555037029873,1,1462.0,97.33235902438163,852.0,0.1668999559955875,0.6074724821159849,-0.17486491332227508,0.05796255643467542,0.03421328177182234,0.017627890373985124,1.0,DETECTED,0
40,0.6055135321268181,143,0.7340151667932271,19.312468371426526,1.0,3977.022132798766,5037.900317329491,5419.42468100955,1,201.82948177760136,0.007426879542993956,1,17295.0,68.60170966666435,507.0,0.1575512878225242,-0.4541953499570387,-0.19085263374139044,0.05771263600439292,0.04387048604650928,0.046060244269778984,0.9996716,DETECTED,0
40,0.3941750093780478,212,0.8834054434302949,11.874635044113965,1.0,4843.060581584569,4194.439437269017,4936.503248550388,0,200.97332790386784,0.00023168071315046853,1,18497.0,101.01085907050427,2807.0,0.4052838595547694,-0.01342864278228012,0.06958668142848089,0.05682735384578479,0.0695002026382226,0.020749794442509566,0.9999996,DETECTED,0
20,0.4128390080241186,33,0.12859401607632615,15.921960452483273,1.0,9082.692782278891,2969.063748355431,5007.843032822609,0,204.42990181381063,0.006953414790305001,1,8207.0,108.45112402899056,998.0,0.3975656289643813,0.008148828196630396,0.2428068195125163,0.05683159640547671,0.09000982560449654,0.046241506117101525,0.99999964,DETECTED,0
20,0.7176612422569917,108,0.6124399936958544,18.829777713912033,1.0,2495.4760864452255,5258.37114128517,4873.0805386422635,0,1504.4558232217046,0.016837618571647558,1,144.0,133.909115322772,1365.0,0.24613300274338432,-0.16480908578679182,-0.15129092470597127,0.05823327829466437,0.138683660031512,0.0005504026076025331,0.9999991,DETECTED,0
40,0.7985081950818744,282,0.8887381401559286,47.971111623598034,1.0,2526.8091506868595,3335.021681145518,4793.072941778577,1,202.45994905770382,0.028551267979312567,0,1745.0,116.37382746630715,876.0,0.021599359622904966,-0.2117125616690519,-0.16570007112814902,0.05799379992488465,0.133858430621019,-0.03920268383045299,1.0,DETECTED,0
40,0.18740299342274946,140,0.8569304301167179,24.878578721517037,2.0,3621.743145815365,6210.623556078395,5089.884755579717,1,201.11643757798737,0.01253150205833366,1,6433.0,153.31568786752302,796.0,0.8877855958097762,0.24173282129422535,0.05561798166795292,0.06049740274175533,0.06086254115865662,0.0014081029651351795,1.0,DETECTED,0
40,0.6931260355019122,60,0.85161248903721,20.277758364860055,1.0,3790.5425671440453,5383.915770993143,5633.386533516977,1,200.76638352028863,0.005026674654116747,1,1695.0,69.04098435863801,1427.0,0.041204960145819966,-0.018546772619498258,-0.16736019595113738,0.05894764780970439,0.044540530523945784,0.045185256690326456,1.0,DETECTED,0
40,0.8886065974686881,89,0.8227740837167254,14.156695343610645,1.0,3301.17720456232,5373.650594860306,6560.924618056589,1,205.5985886745029,0.003162451068846819,1,830.0,77.16440926666726,1561.0,0.2273530893461872,-0.22598802794387418,-0.24463123155216068,0.05023663571935091,0.06029249204606521,0.0027519271848037326,0.9784295,DETECTED,0
30,0.9049398899037078,230,0.8082032958284396,34.65474113585371,2.0,3226.7956376232946,2697.0701149109314,5288.544025280567,0,193.48179581575712,0.0,0,0.0,105.74228632432678,0.0,0.030393323083782644,-0.08391349558268002,0.06348618151930176,0.05711670959126368,0.1389924924338073,0.04954711349459423,0.99999946,DETECTED,0
20,0.7010369560542464,27,0.9022610860906376,33.39574539405669,2.0,6845.838688852395,5983.044262690951,3198.336385385121,0,505.1842881250783,0.0008730640907970858,0,6335.0,58.05100819776195,1510.0,0.8435608841557408,-0.20424744772488032,0.10675916851585462,0.05869183336542308,0.0710387819008625,0.046538401477508935,1.0,DETECTED,0
40,0.9061778348853631,96,0.9433798632230003,26.69263949583325,1.0,2842.846514423022,3030.5834574744267,4820.5520727680305,0,202.26133412758773,0.00225324246712333,1,0.0,123.83577958494024,280.0,0.04011136012981275,-0.14608764613628886,0.01596807223580271,0.05924481318135341,0.05979833043012879,-0.013437139463823305,1.0,DETECTED,0
40,0.08920400007778967,119,0.7345404122463567,34.10612287164785,1.0,1788.5262515060963,3759.233989760217,4259.644273009104,0,197.94512706359498,0.002074642188237827,0,2123.0,47.35381977957464,2116.0,0.2702962136825958,-0.5969457159234198,-0.11822344960601147,0.058650101032580435,0.033289200773664505,0.0023370494874619526,1.0,DETECTED,0
30,0.8995763578898534,231,0.8620500787482086,33.88317800431426,1.0,7812.860223634473,3766.955386070617,2855.4648857897214,1,196.6593915166675,0.0029254763698877005,0,2976.0,259.41845098747336,930.0,0.022857802092764355,0.5293352636489863,0.12350491054223012,0.05013228261581062,0.08378186763947904,0.04867923406945784,0.9999996,DETECTED,0
40,0.8985564580647147,37,0.23088161592423495,27.934544982993764,1.0,6784.149261318313,2603.6400230497425,5117.809517573932,0,206.9288688408149,0.004618235170642346,1,2337.0,47.486701374084966,69.0,0.0117954296958251,0.1619715372950687,0.03646839501066875,0.05003447287105213,0.038521868005800534,0.04676226515040334,0.63412756,DETECTED,0
40,0.7986541917033344,325,0.5240789197178488,33.350116901927706,2.0,4092.637132030629,3425.7099817505336,3481.292352844961,1,1481.4714880397294,0.0038036485522149224,0,447.0,302.3902553836183,2390.0,0.2784952102256452,0.21581147631962005,0.0591399253638441,0.04982805311712985,0.05918432001506799,-0.017123097559430683,0.99734694,DETECTED,0
40,0.19516951765261853,196,0.8524997316848267,34.13042184241205,1.0,9238.084989561017,6519.888357339121,5143.91366375986,0,199.10536085625233,0.006476766890532225,1,5704.0,73.41335385781977,961.0,0.0568434485861664,-0.4520235946669837,0.0363108460212517,0.05840948161139327,0.13175363547832988,0.046854552256768614,1.0,DETECTED,0
19,0.9058508218120468,186,0.4179200412904829,34.18277745795239,1.0,6985.767763217587,4785.13207329966,4588.953527044742,0,501.02668898018965,0.0019389772922614134,1,3047.0,52.14729382705099,1119.0,0.5000930668939774,0.5507091269407003,0.127069783832491,0.05723807115656042,0.06011868231076159,0.03218058136234799,1.0,DETECTED,0
50,0.7005797275357205,305,0.4320792913139099,21.564607383046617,2.0,4078.8981098423237,3318.524339203287,4085.851554531393,0,1506.1900673029256,0.004050560496990171,0,0.0,82.98091032172235,615.0,0.03428879387676306,-0.6483378761014369,-0.07145264875924177,0.058263683606424754,0.0739172154622781,0.019270992908776086,1.0,DETECTED,0
20,0.7068501845349819,101,0.5915689573135402,20.928032553867876,1.0,8636.424714105786,4923.602656579722,5405.4936736787195,0,199.32493438400604,0.004656214120027766,1,0.0,101.88429027579238,6398.0,0.5199267531067884,-0.004289226615233871,-0.16084246393469018,0.05793338871987984,0.04272505990448622,0.04655185747589228,1.0,DETECTED,0
50,0.6877441528829327,182,0.736982848657621,10.752389549414838,2.0,3416.2741206527317,6044.204778327126,6176.737476339887,0,198.7991917064865,0.0011504149578619384,0,3935.0,96.84470042438583,310.0,0.12352871561316718,-0.5727182300454894,0.04317956494103106,0.05131210094230834,0.09862330870313418,0.048437159374683486,0.98839295,DETECTED,0
40,0.699605831986147,224,0.857596110159357,33.75550520612282,1.0,3851.660824844863,5200.80495475042,4180.201276256609,0,197.11365468249795,0.0057955833308585385,0,7156.0,44.92443677626134,11156.0,1.0,-0.4277263360297412,-0.13697803626406505,0.049181090048974856,0.08936908362008095,-0.03504267185689984,1.0,DETECTED,0
20,0.7088510856173622,157,0.8740445638012839,28.572423525992324,1.0,4663.809211318675,4326.302701598359,5103.148251238065,0,200.7457059108619,0.004916956712340397,0,599530.0,57.15003367856782,10781.0,0.21273448522287947,-0.5737607324988808,-0.14768550324953073,0.0578252039821977,0.08112028824240307,-0.023707772501586285,1.0,DETECTED,0
40,0.8969314594331398,107,0.7007561408763442,13.906153939804316,1.0,2925.028213655277,3475.5547024644948,2852.4665565144974,1,197.26197481925297,0.007417646348107936,0,0.0,415.10023062543803,2418.0,0.2893665599146828,0.06283646232345091,0.08585957160456682,0.05831653745969439,0.09463329951304275,0.04482418072085521,0.9999478,DETECTED,0
20,0.9050746825449838,104,0.8575134571310353,34.17862771582844,1.0,4606.588681795531,4252.795245124807,4128.829748560067,1,203.77872627365076,0.002866492753727282,0,0.0,108.29021348821641,497.0,0.2141656843034963,0.5531068927772521,-0.06676986968938164,0.05180719688266478,0.13289814836516148,0.043778049438438306,0.999995,DETECTED,0
20,0.5019886689615524,90,0.8461672147546386,23.668044443417113,1.0,2522.842599359532,5128.098444397036,4683.239190734158,0,211.2035226134824,0.0025998879660006544,1,2132.0,327.16098713428414,1579.0,0.2939372308107116,0.5725005466768004,-0.1281112157965743,0.05104792067643859,0.046024304186090534,0.04692400780762685,0.99757105,DETECTED,0
50,0.901600380410584,20,0.9729453987903847,33.52598057350704,1.0,10964.64111767634,4107.531863433455,5285.1122709531455,0,194.04442226222423,0.002027796075279375,1,2987.0,140.17023790446518,1953.0,0.2830332374788982,-0.13731005000438562,-0.146798104156301,0.0585492891653682,0.03676440068144196,-0.017559976844980785,1.0,DETECTED,0
40,0.8929847898536832,68,0.8892179674313118,17.236034350488474,2.0,4189.755453755357,5903.143172288768,5291.9341163530935,0,205.0089486127671,0.001783186250784245,1,2394.0,139.33650333274844,1500.0,0.20297993432489939,0.12097809105730312,-0.12508280210191333,0.05758723624432768,0.11033978044329834,0.04041270301910437,0.99998593,DETECTED,0
30,0.09859565046737646,73,0.9428583934630326,23.791177608512623,1.0,5321.8982839600685,2769.166687801895,5092.121064617147,0,205.5089910979157,0.0018631385906064657,1,0.0,353.2748263308006,1074.0,0.034529090710481214,0.5453239223908967,-0.16869146141980923,0.057446766425074555,0.048621126626945316,0.004284647662016496,1.0,DETECTED,0
40,0.3968945060793188,196,0.49493620169698316,33.497966342284904,2.0,4335.193908508353,3066.1602431494453,4926.765139336288,1,1502.4403977534876,0.0016460206146672988,0,2512.0,85.47876431699402,2054.0,0.01956448936456892,0.4125289144228374,-0.13382878319609143,0.05716574474664481,0.07690571540444223,0.0020746871346716735,1.0,DETECTED,0
40,0.40485039308259907,128,1.0,13.408551495019179,1.0,7391.492238560853,8384.167567226697,6243.989048132885,1,210.87053878839032,0.0,0,2920.0,52.14250917767873,370.0,0.030644267948661538,-1.6097543457242582,0.06792299494368431,0.05058783902283078,0.04720428270668484,0.045554314238202887,0.9465721,DETECTED,0
40,0.39736958909140163,155,0.5819647653074573,14.32379776627379,2.0,3636.762066551804,6575.933206358886,5096.922595841232,0,202.09876433913993,0.0064843817917643685,1,2594.0,70.71154549693165,1011.0,0.02565040430183069,-0.018325600695415355,0.04349743800544613,0.049690128277984684,0.10211633378360141,-0.025083923657335336,0.9999083,DETECTED,0
40,0.6883662321648354,150,0.7660694582423061,33.40504411382481,1.0,1653.2100928111247,5523.58413670086,3268.0487513322623,0,187.65930774847624,0.0014741891392588949,0,1018.0,150.87723274853127,1422.0,0.7271295342092869,-0.2512907516919024,0.2339909272685597,0.04960864514578889,0.08892717050771173,0.01851145726258638,0.9999948,DETECTED,0
20,0.700146060807646,83,0.3096903574551963,34.57669400364016,1.0,2309.66202195054,2798.240575688581,4801.836355439565,0,203.6920046515225,0.00573845934935843,0,623192.0,57.48540458789759,7962.0,0.9979357958134184,-0.23047015471387278,-0.1455145516298148,0.05092511412596531,0.06372801318643703,-0.009254176800424223,0.95101786,DETECTED,0
20,0.7054504781408875,80,0.7780586868986751,12.844493924327281,1.0,4436.65718796612,6590.119672298153,4361.8584658857835,1,196.04565890259727,0.0,1,1137.0,143.4335327708106,210.0,0.027716023454392735,0.6283207495900346,0.03163635936829557,0.05909059796708429,0.11568690931493943,0.04784054265794059,1.0,DETECTED,0
30,0.6048350357046575,74,0.8868708550954517,32.545274779472564,2.0,4048.683946320239,2960.2976319114496,5398.345370432091,1,212.40942252053424,0.0040960759453043186,1,8087.0,71.91360451482242,1799.0,0.6395817210512081,-0.1811443513036568,0.15447746409891533,0.05746639280657709,0.06866794762552864,-0.01809038788681197,1.0,DETECTED,0
20,0.896645419734078,121,0.08771276882116287,22.851802078683473,1.0,1804.3965052049284,4094.253371926452,5101.611262599528,1,1524.7985366452617,0.0006848219653439857,1,844.0,263.78515679269844,1969.0,0.04018138794975258,-0.36056063715680986,0.07584019864943443,0.058533501390465245,0.11742989430497575,-0.008380150224195748,1.0,DETECTED,0
20,0.704380982019164,79,0.5237859262731512,31.43730439126976,1.0,5105.728216148336,5406.345133563342,4385.719361787133,1,198.6411801873018,0.00978351486590783,1,414.0,128.73061367008685,6162.0,0.31181588676795247,-0.05009736051899516,-0.18484161146477407,0.05786599263879493,0.06479563131452033,0.013239027810999972,1.0,DETECTED,0
30,0.8965867972244697,119,0.09914125157268992,33.67854996102703,2.0,2306.9767425537607,5070.667199285256,5133.591554235571,0,198.59864997941315,0.010045476621757797,1,21434.0,80.36673641985018,2496.0,0.5313980012046886,-0.036286861279026174,0.1168063851951067,0.05749315759673234,0.01910171149037928,-0.030060623406902347,1.0,DETECTED,0
40,0.697309735381257,122,0.6757168810530245,25.333374868548944,1.0,1222.9093717687751,4566.043435390476,4126.757670056173,0,196.28727233019043,0.005067494660143758,0,4105.0,114.82817680475145,11105.0,0.6031892516067923,-0.5426278029765063,-0.14311078930632837,0.057618963147103214,0.1388993408085741,-0.013198588993595701,1.0,DETECTED,0
40,0.9024300506433716,64,0.9011501985411524,11.702072579710519,2.0,7873.650577806225,4295.87597407975,5179.085397306989,0,205.73671834403072,0.0004182012015907159,1,3706.0,94.40857148652452,323.0,0.08613256400958964,-0.02612899679802766,0.028608492217640277,0.05818969714070377,0.07415408431214199,0.019211725249569687,1.0,DETECTED,0
20,0.7010904449645649,153,0.17603120587482785,22.13031581376713,1.0,5158.187823905785,8738.729291631538,5113.879764841671,1,198.72942422047234,0.002833270889363581,0,2130.0,126.03397692921492,1830.0,0.3098536764015806,-0.6160908666176109,-0.15179917727961592,0.05686833786496043,0.06732918002057592,0.045246211698979154,0.9999881,DETECTED,0
40,0.6983927421655862,177,0.9947922085601911,33.845229248654974,1.0,5967.254263360039,6221.04716036838,4181.800698997042,1,190.13227696837734,0.0031500814965609875,0,949.0,127.00744365110282,857.0,0.04503383929204841,-0.04813371482723684,0.20764518210026695,0.056852146604619395,0.0909929070451882,-0.013475836563459246,1.0,DETECTED,0
40,0.7007249106424785,59,0.04947073727644797,51.12442954403071,1.0,4475.0933066120115,3364.4913399934135,5101.430346783839,1,199.35603740063564,0.02041282398544101,1,1903.0,121.54313250856913,2249.0,0.22410550847004826,-0.03499547926915221,-0.17725072900138478,0.057458200906431195,0.017828933487480058,0.04432956909650851,0.9999964,DETECTED,0
60,0.40669501757497495,152,0.7323026371878615,214.12022358932396,1.0,5983.225691313039,4425.935544026305,3389.9088997005874,1,199.6670686874146,0.011273424041499131,0,579.0,122.75956783020251,839.0,0.6948296786969074,-1.410922230195403,-0.10585253129692421,0.050409485479740695,0.05989062636991551,0.046594217566146234,1.0,DETECTED,0
20,0.799618138024476,140,1.0,23.30966614810267,1.0,3660.4395562510576,4766.550482058966,3279.6194478431426,0,213.9611968669733,0.002264785838247867,1,895.0,75.7312128673004,1047.0,0.23913741809573055,0.3513138912367003,-0.21083827090059584,0.05006279847365399,0.08247292462202424,0.0021410712451028022,0.98972684,DETECTED,0
40,0.504557061519021,138,0.8998752250758222,35.199287930643045,1.0,5201.426720788231,4024.4756163901034,5091.678935878492,0,203.60978578053383,0.011678610882615483,0,5037.0,34.000304280509404,10662.0,0.5811132928742654,-0.02769644986613538,-0.15948392425702626,0.05804203702091787,0.0628036046437169,-0.006903569709150716,1.0,DETECTED,0
20,0.39878746737512605,191,0.823767462498726,34.60971728022577,1.0,5681.453608211158,4128.026656666879,5031.194374782892,1,201.3251052643603,0.005367930885707346,1,10302.0,68.28133550325025,10865.0,0.6341712191403205,-0.4445634994768291,0.2520829483060779,0.05796189014005449,0.09035561584152005,0.04699790165380218,1.0,DETECTED,0
40,0.6933203429543808,104,0.41760511581356663,33.90188879697068,1.0,3526.3179279866704,5572.5696183550235,4731.007292821843,1,199.4391048748164,0.00269157784227909,1,9530.0,118.44918498149963,11114.0,0.2045369066676074,0.0002915358629271749,-0.16311405297061396,0.05138158067870769,0.05691427780839502,-0.01348278280190161,1.0,DETECTED,0
40,0.8903908994761399,219,0.1015765249265038,33.625458500454535,2.0,3341.6143714012096,3932.333081082429,6650.246720126344,0,209.76896553174723,0.004632592243783903,0,3536.0,70.36857053760892,10829.0,0.28636613327158567,-0.7037247241155937,0.05024670247984972,0.058588452339173425,0.10733034174892998,-0.030850990338541627,1.0,DETECTED,0
40,0.6992066146715674,205,0.4731191063446278,33.41034715233028,2.0,7548.896533524817,1112.667668549048,3101.256065250811,0,1506.6495933126098,0.0,0,0.0,72.14377850529299,113.0,0.036568247105340776,-0.3034241501574416,0.05562381725955328,0.0572318206229755,0.0686263194958088,0.046791525894371626,0.99999917,DETECTED,0
30,0.6040711114048128,120,0.06171902563060682,33.323906641994526,1.0,4320.378288313264,3572.2712674089,3790.9631715658566,0,1477.5984000484175,0.0031075326124184966,1,236.0,377.45109544411565,1076.0,0.03212070518942058,-0.7663169103416625,0.012318074606522872,0.059381968166808435,0.05696772654230557,-0.03378389580426664,1.0,DETECTED,0
20,0.3055182795195063,49,0.9372758395277394,14.113517030279722,1.0,5712.709448273109,3368.105237580848,5163.973284370661,0,502.78510770896986,0.0002861073878531496,1,2791.0,1542.0398087874303,1400.0,0.11842069945688452,-0.27713219500541564,-0.3095926166860996,0.05772006759887974,0.02407365456398118,0.04853122314254238,0.99911696,DETECTED,0
18,0.8941973100084957,125,0.9435046629072928,108.01857346008546,1.0,4366.592268113329,2893.8550148500103,5078.200747335293,0,207.2227308948959,0.004835213547988366,0,3761.0,211.70322725227072,10301.0,1.0,-0.6738965008710158,-0.14836216834656243,0.052103086102987334,0.021422485430390936,-0.03463806353334521,1.0,DETECTED,0
40,0.6050895833669706,117,0.8599578831637049,22.84468431666202,2.0,7749.7612549812275,5421.384537885038,5217.4586288053415,0,198.98515284180294,0.0014689840994605017,1,655072.0,108.5191139266362,3156.0,0.2963620477465296,0.13084939626652375,0.24038779289725223,0.05764821011259851,0.031164009767525147,0.04860839254116221,1.0,DETECTED,0
40,0.9075647446715442,100,0.9267110455342146,32.77920713986932,2.0,5085.373082179727,4013.8537853120215,4270.729901267934,0,1488.4267684140973,0.00371062351410358,0,4526.0,2472.117161476937,3247.0,0.036290352125705125,0.15207921549990405,-0.27799241508018585,0.05818745746081349,0.0453947001945262,0.01700855489510569,1.0,DETECTED,0
20,0.7072421057898046,184,0.9302600069160721,33.67147172755428,1.0,4511.961864535707,6642.842856581977,5169.3761955640975,0,197.3340344519589,0.006491264820221783,0,6066.0,122.75756663176197,1822.0,0.16139679697979278,-0.00044715727808441325,-0.16937403403929144,0.058742485535713256,0.14317302137696747,-0.036386880001178123,1.0,DETECTED,0
40,0.897124426186382,100,0.7869341145254563,10.645771131504773,1.0,4255.866713863807,4413.701333753666,4354.060423122614,1,195.7356783758233,0.0021838115359024534,0,1597.0,124.77666681149626,1025.0,0.7789191686987628,0.036656499334041845,-0.06434211007074847,0.058350151748364616,0.14168292175711028,0.0472963006540799,1.0,DETECTED,0
40,0.9114469616268563,170,0.7925969951640207,20.669138071765047,2.0,3389.7159351233586,6960.932883362092,4140.792195738052,1,197.9345177526081,0.0036289196608407298,0,2583.0,113.31660418855593,1055.0,0.04550536721027905,-1.4401374609264497,0.0987572402329295,0.05698510860173692,0.06596134623401788,0.004991851610496869,1.0,DETECTED,0
20,0.09842194009971729,81,0.8685292355952096,15.802836787789726,1.0,3259.0208592224353,2893.478673205802,4315.82277261884,0,198.25905631690136,0.0050230906149429065,0,3181.0,99.77640845175496,8719.0,0.0337267545354187,-0.15679409883738113,0.21029341655630834,0.048751934043826675,0.09996513262723455,0.01651527286146855,1.0,DETECTED,0
20,0.8984172581018424,95,0.8942653699146292,42.749565931326394,2.0,3160.4456178332084,3132.8136244027783,4226.0856158715,0,210.8066952596454,0.004044361874543975,1,0.0,107.68922346595944,434.0,0.1838536554888372,0.5909667673518728,-0.07595329975458254,0.057570835775500956,0.06370188411780993,0.04580297760500057,1.0,DETECTED,0
40,0.405030802125552,288,0.2049098954540534,33.925371494552394,1.0,3531.3312827839572,4245.645638739804,4142.200125015279,0,501.6134035597032,0.005863435906124405,0,0.0,56.89106610971437,963.0,0.042168004530172776,0.09767286043216282,0.08017785121489998,0.05743130296841965,0.02815146331347703,-0.021539538187393337,1.0,DETECTED,0
20,0.8938347907229008,81,0.47506087788274753,33.591440549544025,1.0,3317.436860899268,6368.482066475103,4162.3163890740025,1,1496.683285104566,0.0029874091668561403,1,4183.0,106.7560351147713,258.0,0.20882186827243931,-0.35610345515163955,-0.15649470028223722,0.05928646835123869,0.09783243772104458,0.04371603717655746,0.99999934,DETECTED,0
20,0.7141062510460179,150,0.87726125897332,22.017045941236272,1.0,4164.143776248553,5288.807304809197,4922.57363546234,0,203.91884042693604,0.0034303534841784045,1,6151.0,60.01293827067258,6198.0,0.04304508773637547,-0.22766248142446824,-0.1259993303891248,0.058213686419367444,0.07422070476183167,0.0427357010768898,1.0,DETECTED,0
40,0.7007185902578876,122,0.09715983044210141,18.808652171581134,2.0,3441.4246041439073,3738.727802433864,6600.399876169252,1,206.22294433451242,0.0,0,3307.0,155.65527434272929,650.0,0.006531828230260977,0.4614241147806489,-0.14508690288027754,0.049547870061857506,0.08365690164414769,0.045986564278168794,1.0,DETECTED,0
20,0.8996699133191919,96,0.8445867986087534,20.857028892888867,1.0,2790.639806859944,8233.449817123339,4272.935211443724,1,199.68007366326094,0.0038059347593661415,0,3775.0,292.2973173143092,6331.0,0.1872211734146675,-0.44442866671348796,-0.13549910823466937,0.05709627142872662,0.1307090934732313,0.004076873823812157,1.0,DETECTED,0
40,0.9147858015481215,119,0.8182737210006333,197.08602449833668,1.0,4213.290522315844,4373.637038974882,5454.218114830094,0,191.89858548852607,0.002871481708330671,0,0.0,119.25137530599906,439.0,0.1879066585079879,-0.5476640766619013,-0.06428402682847818,0.049589670088663614,0.08998930660245703,0.015480131170011902,0.9518774,DETECTED,0
40,0.7083677776780937,124,0.4385035659818856,12.626142169607167,1.0,3774.2976351314637,4381.117523168412,3224.2629463428275,0,204.31435414100758,0.002841664247187695,1,10698.0,99.6014429768757,10865.0,0.9585472008294174,0.04850042819739331,-0.19438063515185866,0.05807671769393417,0.07562806721193459,-0.001968364901413034,1.0,DETECTED,0
40,0.7922171910874474,79,0.9146031371709454,25.83898686134797,2.0,5031.17856085405,4373.948965458417,4853.909597872599,0,1480.5306987191502,0.008629273539614662,1,2012.0,89.73893043648245,1078.0,0.038933262783332416,-0.8126987694716281,-0.09319658665670133,0.05005648524825502,0.13160734946672073,0.04437975784524856,0.9564649,DETECTED,0
40,0.38733862071723496,17,0.9303675865000417,34.27866264630638,2.0,2733.093360071849,3381.0086852645472,4211.861585966828,0,196.96697175207174,0.003756234881475326,1,234.0,356.74441562149093,1764.0,0.23017576240857834,0.507707438855512,0.09218588705866078,0.05604713132508572,0.05074011508701181,-0.0013768434759794156,0.9999114,DETECTED,0
40,0.6965567072420477,115,0.9920164020570058,17.389622429081626,2.0,4136.938593036405,5150.338918782118,6268.057546027957,0,1512.4248787499432,0.0023213859444491283,0,0.0,82.77733884682523,241.0,0.6678116359662291,-0.0037748593449708325,0.2657276133760838,0.05019812636614438,0.04042042377991369,0.04694967497474001,0.999975,DETECTED,0
20,0.891069479363471,142,0.7570622775746532,12.317102679322026,1.0,4520.921675003175,5192.031813283135,5135.566793234289,1,212.17218779577354,0.023544441230495896,0,619963.0,59.333591002850454,3537.0,0.2680951571460989,-0.29415897297685223,-0.16269460924991813,0.05752164652803224,0.10994850695365944,-0.02258794340673745,1.0,DETECTED,0
40,0.9086912465818884,74,0.20176755235256333,107.80346144832315,1.0,4101.96550883501,6377.211560426921,3117.4915252971173,0,520.7782274607835,0.006865969583949528,1,0.0,303.32765266896587,818.0,0.218305220437095,-0.5774607287505958,-0.2681120063289545,0.05864224357205752,0.029126653733498584,0.007965222236353476,0.99999964,DETECTED,0
40,0.9034389139578167,91,0.7818744622889545,34.02542612995034,2.0,1490.6790133245481,5048.240060355055,3060.062200476139,0,1475.7709325415974,0.0007775100916966203,0,0.0,300.2085807688959,1019.0,0.051359606737095095,0.5909710467806258,-0.26927246622663725,0.05844733451809787,0.08233181884808966,0.04473220506347366,1.0,DETECTED,0
30,0.9052329706933999,109,0.6463353832724059,32.6102481538434,2.0,12405.138770900718,5902.521881889163,4331.747753034222,0,200.8486713551963,0.003456651563586117,1,4768.0,67.74886752343873,1257.0,0.19857304839294654,-0.8354413849121229,0.2510367710445028,0.05771041147316116,0.14285759042186622,0.0012604397159013759,0.9999977,DETECTED,0
20,0.7090142950255403,102,0.8030924614584666,19.65724381086782,2.0,4522.692444778691,5236.361710584071,5228.723034046056,1,201.48487052010177,0.011483655831080783,0,2374.0,94.35919843980747,1465.0,0.04126255710393311,-0.267692420455537,0.26178547789953166,0.05747725805245478,0.13651576414304734,0.0453016523990873,1.0,DETECTED,0
50,0.9046715413063894,187,0.9900106655482103,47.100657704325656,1.0,7004.294920836468,4587.336998095528,4417.97589275449,0,197.8604139252463,0.004561769008130888,0,3435.0,60.33159724854971,1425.0,0.03542722442526886,-0.5246155504137138,-0.20094662125445914,0.05852025114112758,0.05807373467968348,0.04374972051966249,1.0,DETECTED,0
40,0.2923914078558537,158,0.22302566161167803,34.0607112726998,1.0,4133.7402696867575,5641.3671743198975,4219.180766536449,0,193.49140681257055,0.0024231480765483735,0,2271.0,92.31966592761555,337.0,0.20099511378662388,-0.047357272170438475,0.15864578396430545,0.050076085248563475,0.03949344655766347,-0.006575878620189625,0.8564069,DETECTED,0
20,0.9044624609717761,165,0.2316819360116526,21.86874499263667,1.0,6444.280588919627,3073.2199986934224,4626.515627278979,1,195.4571653479427,0.002440185062314756,1,1920.0,143.21332366033184,399.0,0.03228600075308162,-0.1620521076088674,0.0727556889644593,0.05853821851904687,0.1327769567618445,0.04458347729718711,1.0,DETECTED,0
40,0.41875215208201644,187,0.8353227921159762,21.92271129338329,2.0,891.5805799433351,5249.70492831479,5436.697379354417,0,204.1447983220221,0.0035506611886779653,1,15017.0,64.54612650584161,6681.0,0.3940676114555527,-0.24412135014530484,-0.16764068098784377,0.0570942283807621,0.016517957395664196,0.04390052715783376,1.0,DETECTED,0
40,0.8926865040974322,171,0.9205284539801539,32.714061700894696,2.0,2885.5012615798687,5105.895460373358,3157.4395653792317,1,197.12434770440538,0.0009621285523979859,0,2690.0,111.77139145951473,1543.0,0.1366734522538031,-1.5697181590944038,0.0682436169784619,0.058162646688937863,0.04713261080143655,-0.0015912478074217107,1.0,DETECTED,0
20,0.9084602431564869,89,0.7463623057935931,34.24819065392522,1.0,3820.7005682982326,4706.529558920395,3105.174765716808,0,201.89239682356248,0.001951226501854394,0,21256.0,91.48420899872497,6828.0,0.31553452537621557,0.034966681061187416,-0.18428075527328633,0.058593900611828946,0.076510930151085,0.047881732451829785,1.0,DETECTED,0
30,0.5996394317106124,198,0.0856666731898459,27.529395324106147,1.0,1425.7559033367475,4597.400315977064,4209.8779337898195,0,204.1565138027036,0.008179109291950173,0,0.0,81.29559925460106,1969.0,0.026419599999811968,0.22479262128119154,0.22270473856750272,0.057471387989036234,0.14128758035612254,0.0146489793756513,1.0,DETECTED,0
40,0.1063752183336467,113,0.8922983602143408,21.796664521188518,1.0,4156.331929545782,5236.431007231811,4263.898001162496,1,199.98774348308513,0.03410387221275459,1,2411.0,98.52399628429336,11254.0,0.28101195915636173,-0.2681687718852422,-0.16771856926057993,0.057646069157868615,0.03379489834460126,0.04587965335167844,1.0,DETECTED,0
40,0.6977029409158206,142,0.1738261065567879,12.224692566713669,2.0,5824.133952034444,4072.9737805985815,5400.018461770432,0,200.12950599331194,0.01118551171876249,1,4112.0,93.42185002267485,1379.0,0.016926106054611482,-0.2275681453865547,-0.16651254044641375,0.05838945164424103,0.10311149104460997,0.021345192570411738,1.0,DETECTED,0
30,0.5893822015877352,64,0.4432450863658871,34.270215294039595,1.0,1957.751650587026,4943.279905725713,4837.8511195815045,1,197.62491269605982,0.005617090103931089,1,4976.0,105.71380252711208,3316.0,0.43977065755848915,-0.14841392001300294,0.24782211054336814,0.05823793673263298,0.06922902647006195,0.04541064997484903,0.999999,DETECTED,0
20,0.8016963126883934,86,0.1823118452820378,21.978858947699948,2.0,3634.882317413012,4940.541703664973,5497.589797790414,0,492.7717237203251,0.0028469419967766356,1,8481.0,46.39000213752314,1557.0,0.026007766115978253,-0.10110401830466681,-0.16959053361518087,0.05760225609748746,0.12275362550853954,0.04582060262436399,1.0,DETECTED,0
40,0.8050291278202731,177,0.8706624939396848,28.610705762910417,1.0,3122.7994529960724,2891.285323427674,4278.883594203694,0,201.56148553050184,0.0021588486797844853,1,0.0,77.45863528515156,1212.0,0.04342128869374586,-0.5517010043327456,0.03459301719068001,0.05848651967165457,0.0882445706191529,0.010664027361581247,1.0,DETECTED,0
30,0.9044526620088015,114,0.0957475046205646,23.99335857856007,2.0,2117.4842085621017,5247.853002805815,4967.415056527928,0,191.40080421028165,0.0008440652123263212,1,2103.0,144.55452359617806,326.0,0.19491224150826902,-0.1207890038666535,-0.16179013851875743,0.05887394282175838,0.053477326676802106,0.012108755052691135,0.9999835,DETECTED,0
20,0.7004912965322022,104,0.9132523215953158,33.465413721723294,1.0,5581.040400575401,3781.819447296461,4125.203601997143,0,1485.9346895589026,0.006728847960494793,1,176.0,243.8374566154599,110.0,0.05415315869037636,-0.003782390717520151,0.06479800117218026,0.0489734760201327,0.07672525429359432,-0.030381144282309827,1.0,DETECTED,0
40,0.7082517455362941,239,0.7695730004385521,33.332925868030145,2.0,2303.735495996013,6351.606010828407,5583.1026143064955,0,200.22102566805688,0.010945764062929006,0,977.0,92.02462041653253,1481.0,0.04009810180716324,-0.2583507790365681,-0.14595182708884427,0.05860878511247651,0.039536342856137136,0.024774629547844738,1.0,DETECTED,0
40,0.7053327745482386,145,0.1876467893872618,20.543695814916894,2.0,5547.711038888692,5299.699316888048,5106.579521168639,0,1507.2714918989925,0.005328420552825981,1,3147.0,119.96561110405474,356.0,0.038003945323127786,-0.1413528348189616,0.22800090080286756,0.058265017055816465,0.045576212918688165,-0.03304593676636103,1.0,DETECTED,0
40,0.9031318024051432,150,0.582402555864312,28.290978212363225,1.0,6617.91337912056,5307.494533539725,5130.376750588496,1,201.66266890090398,0.0,0,3546.0,105.45799120928666,3076.0,0.18583836793558034,0.20039137307967742,-0.18834148485904767,0.05837360461085913,0.1078322020315723,0.050370873737806535,1.0,DETECTED,0
40,0.20838064565724884,38,0.7547763414869125,49.38258263086926,1.0,3956.2333871282044,5247.848023149194,4098.210087018812,1,1010.9381859342295,0.0051387018236181406,0,0.0,335.1183711663667,698.0,0.037975568470101154,-0.24851178509397445,0.0852157627456634,0.05045958532386877,0.1303433212674714,0.043056197282399566,0.9899937,DETECTED,0
40,0.7099602956814316,122,0.22263492787109612,11.926664949009472,2.0,7345.270766545106,5027.054297925681,6933.745122783182,0,202.31353547692353,0.0027725495343681817,0,3779.0,61.528767935969654,1672.0,0.32045209321038937,-0.14737717566039207,0.019686530222990883,0.05881520497565323,0.10139171804317873,-0.009922459800788447,1.0,DETECTED,0
40,0.8963867260529369,37,0.8005034154508142,33.58837794792807,2.0,1657.0766758010382,7542.509763930661,4305.984497560594,1,198.3490195323799,0.0008018389385682947,1,0.0,416.00004731919273,780.0,0.025083598770355684,0.18352866361386683,0.03596414862810037,0.058579018716683834,0.08489887141592933,-0.011634297935803775,1.0,DETECTED,0
40,0.6894029488588609,120,0.7184838658144557,33.531485639590414,1.0,4175.256943592146,5125.357963299434,4938.568737217565,1,197.30503924450167,0.001333924405564231,1,0.0,370.9346815081128,1329.0,0.01548811810744837,0.5971730465485546,0.19627208527010392,0.05174142791781302,0.12092051695841155,0.04665392021522106,1.0,DETECTED,0
30,0.7035070901446732,150,0.9019072475612872,33.21880869200854,1.0,9135.69977921002,2833.026474265459,4257.92727391882,0,206.375426595587,0.002901338983744768,1,3122.0,86.8553878606716,365.0,0.03131514681243258,0.0010525674465464967,0.006165551807718134,0.05747667178099823,0.1366453754675828,-0.00995784257307435,1.0,DETECTED,0
40,0.20288300166412082,253,0.9155260977138177,33.614822312137925,1.0,2245.129281222018,5790.8024650334455,5172.640704831343,1,205.20318339426626,0.0036651369358533265,1,4004.0,95.98185406465781,2057.0,0.274063113587498,0.2555431670821712,-0.15996309433647138,0.05128726568851994,0.036402297421197244,0.04515038043751576,0.8679181,DETECTED,0
40,0.6944955107653726,152,0.6247209057705956,14.986572608640024,1.0,1824.3056430289084,7878.00019091376,4340.226749514989,1,205.2693453829802,0.014074950618240838,0,7110.0,64.50478660339138,8863.0,0.3242346542168292,-0.0037284527577400896,-0.16017089239109789,0.058332050654723105,0.11813649295802522,0.005747989338540361,1.0,DETECTED,0
40,0.7919708676044518,143,0.445070709309022,25.76739143082784,1.0,3784.410232191877,4084.572370248577,3145.8757310001256,1,1477.2299054921377,0.004233333726614302,0,654.0,2379.418728302516,689.0,0.02334633006726979,-0.7423841162979031,0.07547114388032469,0.049528061057818484,0.06867438042095533,0.0034692818016450397,1.0,DETECTED,0
40,0.9042596079200994,217,0.22661249455437724,28.580451702692425,1.0,4236.6328844774,4230.555162830369,5621.132949095081,0,1501.758857527302,0.0034305238427144746,0,0.0,316.2431431050124,1790.0,0.26847078897210636,-1.5712644479168025,0.11541951563302286,0.05036914118482285,0.03903380262503786,-0.04114113626849102,0.960512,DETECTED,0
73,0.816245986414965,81,0.7835596562992782,33.18463013510686,1.0,4439.942693844483,2833.289792600949,5145.190164789232,0,197.9090298736859,0.004454685223818306,1,1813.0,109.18795560003514,1549.0,0.04071062810212703,-0.010387196742160418,-0.17855567412459872,0.04907286414991517,0.04387361957723711,0.04869343849989957,1.0,DETECTED,0
40,0.8032191784363265,126,0.4382529084963466,34.65600076741872,1.0,4722.0263737599935,7422.206550746042,4186.729430785692,1,199.2409134872595,0.005282170065143384,1,4183.0,112.04038449154581,8591.0,1.0,-0.16448963383412402,0.24858842464755082,0.050374129648460046,0.05406205184196642,-0.016920499405855632,1.0,DETECTED,0
40,0.9030230444266264,230,0.8744161653072818,25.41033316676554,1.0,8429.056559542822,6080.5501538080625,4923.701926433632,1,203.15155422550228,0.00034861944158287366,0,0.0,78.70590683617546,2620.0,0.10544769474694782,-0.1800126157532908,0.09902782138571287,0.05800047106130719,0.08593022058192094,-0.011717078552478704,1.0,DETECTED,0
30,0.5942725728032219,113,0.768649572578666,11.656269714214051,1.0,7098.833372650546,5476.44799465477,3264.6403445572146,0,1510.45175530473,0.00476293712288829,0,1058.0,142.53838005518335,1438.0,0.027417678427961972,-0.35657119715263763,0.03937269594352853,0.058269366257387774,0.07597382931781697,0.013597854555752707,1.0,DETECTED,0
20,0.7091349859343137,134,0.5996879188543394,22.586366897401653,2.0,4159.327502399001,7439.545473853156,6683.940757268468,0,204.2483260319352,0.013234681009442627,1,4723.0,80.49155726233201,552.0,0.010116955420098918,-0.03740154644636819,-0.20536774043324263,0.05910772487003816,0.13355073371298531,-0.04463695021325675,1.0,DETECTED,0
40,0.8085080190254054,223,0.41687348900127585,15.311050752682956,1.0,1426.3806160299196,2803.657440906149,5495.506764620931,0,197.4369852938702,0.003757872927388147,0,431.0,113.15683444309957,1912.0,0.003879348872527121,-0.7154182256373999,0.0742789869073269,0.058224061129301924,0.116118114764629,-0.03310159339608891,1.0,DETECTED,0
40,0.09782438040108647,55,0.8674004905369418,14.09828505199658,1.0,4457.725225201579,5630.021188010953,5109.370387709642,0,190.9606397562458,0.002518157821481361,1,3272.0,111.39251844910645,394.0,0.03405055779948341,0.17042776777094934,-0.09155575513649401,0.05834683130271508,0.13009979050585788,0.045965367034411786,1.0,DETECTED,0
40,0.11151515091023526,134,0.9419870149479459,33.74843448193504,1.0,4725.884627357482,5156.416898706797,3308.034893154299,0,199.78286839659458,0.0,1,1848.0,106.06514193966812,1117.0,0.1876713688042044,0.04391049227440465,0.07918145666832871,0.051578646785140604,0.06756436106306403,0.007541517742934257,0.15165056,EVADED,1
40,0.6058306883808664,95,0.7951684441985603,29.16185848374873,2.0,7032.591992237052,5253.227769757836,5504.847087376686,0,203.65045483007995,0.0029751433837079616,0,9390.0,58.959856667497824,6348.0,0.263288389507078,-0.1267394622806413,-0.20128775578990804,0.05775612227463907,0.04499989439448735,0.017795547466616272,1.0,DETECTED,0
20,0.1982844925692396,119,0.5305992545724734,22.003954458284934,1.0,3078.5996335296513,4366.562830602277,5449.527067788497,0,1498.4318689097256,0.015058500754593017,0,2914.0,97.76270177023713,365.0,0.2739146474937081,-0.9796506640438819,-0.19555417610015127,0.057260170961587045,0.055526002787041555,0.015420576293173248,0.99999946,DETECTED,0
39,0.7040046731562063,183,0.7123109018619392,32.75274479045842,1.0,5914.269634887622,3534.30753136191,4069.0232906484466,0,202.4912063395359,0.0003668042165140429,0,1039.0,413.50334907803824,613.0,0.03344462987293208,-0.023450740407320647,0.057405042092953946,0.051358209125383865,0.08395114288265867,0.04936553366999674,0.97566146,DETECTED,0
40,0.7012216585245405,66,0.7705267634024248,26.815022199105965,2.0,4826.073854950744,5200.948723631472,5171.971798916078,1,201.5642586896853,0.005058718576890213,1,793.0,74.63425942007846,1658.0,0.026813079926182027,0.23768502355561388,-0.06650377638776392,0.05815991462754013,0.13369609767526125,-0.004101210831028837,1.0,DETECTED,0
20,0.6887199766399781,72,0.9805612690208195,33.97200667933875,2.0,3463.154507352102,4352.290961957466,4855.241345772205,1,1482.2061770139553,0.0031807128938054338,0,4670.0,58.77208789188239,2066.0,0.1725403605258085,-0.23608980506935198,-0.15339239606198626,0.05815826420040248,0.11082206420928163,0.048564619523647726,0.9999979,DETECTED,0
40,0.4025386716394281,115,0.21098824060726648,18.65877214373737,2.0,3013.5363203119887,4453.6642175099505,4293.20573994879,1,195.99624806185847,0.0055212848604415535,1,76667.0,103.83039327374019,2563.0,0.20324556676430663,-0.46137906967148706,0.1974812856617801,0.05759318093200889,0.04930418244222386,-0.005498561977519073,1.0,DETECTED,0
40,0.901793181188645,201,0.8291735242186233,33.900380478283004,2.0,3878.1303715991216,4584.434576658142,4263.481563670138,1,191.7225826274517,0.005667072172544474,0,3698.0,124.68251625849445,809.0,0.2506418978679671,0.5427218600568409,0.0623639143688008,0.04990960305499217,0.018421836939961883,-0.015353555999348404,0.99999934,DETECTED,0
40,0.9106990585566755,209,0.18551434227218175,24.746994562135093,1.0,6464.45891241542,5690.972034885813,6352.347717694566,1,209.17029741349455,0.017331579424140105,0,1936.0,100.0021126598208,553.0,1.0,-0.32225978771913905,0.06492672789458884,0.05908771407671169,0.01859171355820957,-0.012241950331700897,1.0,DETECTED,0
40,0.9071334231912539,222,0.4536583167397362,9.677640476104546,1.0,2872.336901544114,2438.640030514689,3013.508870720969,0,976.2556845099399,0.005194931399217228,0,0.0,96.61297513490621,1053.0,0.21249711913918698,-0.03426960983373027,-0.04684892350493398,0.050873043447240016,0.05669657121541222,0.04568105759493171,0.96721536,DETECTED,0
30,0.7115090619589719,98,0.5967689036019219,34.334591800774575,1.0,6543.646116114354,6187.692793633242,5357.528564429809,1,203.20849962740502,0.0009261301615299429,1,12981.0,72.3418216973977,5980.0,0.5683028984960038,0.081490537012898,-0.1460601460047561,0.05840612599146057,0.09955653152074388,0.03522267173251417,1.0,DETECTED,0
50,0.8920221814403569,118,0.5649651401107166,9.240161719473242,1.0,2804.1683886380865,5415.3941102711815,3308.919966738407,1,1486.8605402586327,0.007669968015010823,1,1749.0,1735.796840420378,1709.0,0.035879127783622566,-1.0577509229572954,0.061157968904085876,0.05875509997564382,0.021982266294323163,0.04433673202248095,1.0,DETECTED,0
40,0.3981187287364481,121,0.15734438066626905,34.381071456449,2.0,2645.805871922294,4269.339993850276,4055.1878971129568,1,193.3670838063752,0.004341006736980384,1,2026.0,137.4853745520607,383.0,0.23084665733607335,0.5527354812510831,-0.17062927748551515,0.05802111720525937,0.09663332078293137,0.043545058542732856,1.0,DETECTED,0
40,0.7043828501346605,66,0.21531680631428585,26.084295155169464,1.0,4203.292928559884,4840.250525922465,4905.191610699769,1,202.06799443125118,0.015542659106706845,1,0.0,144.47758359761113,717.0,0.20295022762487436,-0.12613605014979487,-0.12565418131099407,0.057482929229185825,0.07544025471191468,0.04675572278918235,0.9997806,DETECTED,0
40,0.7881088914787099,103,0.9334488241730198,26.240031180321978,2.0,3225.4208476730573,4578.55517701146,5262.150988914683,0,203.99319104970613,0.0009196954708620012,0,2183.0,95.68549161510671,638.0,0.03608309845556973,-0.09861083166740475,0.07659666856070524,0.05853571947474862,0.01012576123478739,0.0008137474264329966,1.0,DETECTED,0
66,0.10397886561757427,137,0.798775217232732,88.62124386775557,1.0,2823.542238957296,4428.554279441269,5438.789477694713,0,203.93879022846284,0.004677158690956375,1,1343.0,70.4343947892414,1054.0,0.24373943553614677,-0.5386889353216744,-0.15934796931122203,0.05067235090804173,0.1288641328749276,-0.003318967335131275,0.010460853,EVADED,1
20,0.9038473845498369,149,0.6513471925332535,33.58623236906797,1.0,5340.13602677207,4347.646094614247,5320.593309828905,0,198.72079982697824,0.004941178700364728,1,4277.0,121.21311802194563,971.0,0.014101932523953151,-0.15324641351284757,0.02217256981725172,0.059161733061107565,0.06844576632582389,0.004682087865074326,1.0,DETECTED,0
40,0.41446517725117293,99,0.8632569338247077,28.14216519052283,1.0,4378.462877529248,6687.713843243425,5246.29139525572,0,193.88445604244205,0.004313822206795195,1,11517.0,75.3040394156682,2379.0,0.6957418878895651,-0.047729182368966144,0.2509602210364709,0.057973082485053055,0.1375241854890264,0.049187841973098015,1.0,DETECTED,0
50,0.7113041532887678,85,0.9247031127719821,34.81079379327962,2.0,2060.180984360595,2268.1879617542227,4756.151978166188,0,1484.7317616463076,0.0,0,231.0,72.35405043754793,328.0,0.029366097979798528,0.22354894057548183,0.056420091638859846,0.05846949745645324,0.017945309535065967,0.004188511629892198,1.0,DETECTED,0
20,0.8981059342200546,97,0.7933242635400676,11.483540170674598,1.0,8369.924457473948,4934.969459104507,5311.499730347901,1,197.78881318452974,0.004600486250621504,0,3186.0,52.44096381961733,1817.0,0.018270267997998482,-0.5206250354118268,-0.16207710048753962,0.058888266270877024,0.06915918387277123,0.04666769448547733,1.0,DETECTED,0
20,0.5039629924990715,199,0.18977641025612302,34.50345956289417,1.0,10305.925259935779,4027.72201729019,5131.575178266959,0,198.90427421301388,0.0034677835849143807,1,5172.0,51.18748961715009,8446.0,0.5550585690135115,-0.7032290582042083,-0.14267968968867353,0.05785330347439007,0.12332933121415783,0.010678333998360521,1.0,DETECTED,0
40,0.9085835525080637,100,0.8745755394364851,33.934932617476655,1.0,1977.7280034438218,5679.849552763962,5427.590753028463,1,189.20524112567432,0.005548998265652038,0,1378.0,162.2723395101914,1955.0,0.031195795853045875,-0.6608441972150841,0.26928309546763024,0.05804961627828969,0.04217449793968436,0.04443800283530567,1.0,DETECTED,0
20,0.3138911080755382,103,0.7203606673622981,18.68444247614407,2.0,5971.043342361522,6666.45211565541,4449.511400581605,0,198.27222784711813,0.006238957936826513,1,3375.0,118.18846614257492,1221.0,0.5409302465822796,0.3765313159103641,-0.17250471861841982,0.05905101610907667,0.046278168335600514,0.04742284344850441,1.0,DETECTED,0
20,0.9035513468310057,97,0.5248247223778475,33.78324478292944,2.0,2232.730721843637,6939.323584347929,4128.695471771861,0,200.1551463708687,0.0013978459977075904,1,2249.0,108.92341493458837,1765.0,0.03792470805372488,0.5465426941687506,0.034118907770195994,0.05769825209425574,0.02566823658535171,0.04692698739515743,1.0,DETECTED,0
40,0.8944637878878265,96,0.8910490902811103,32.852365523610494,2.0,9497.373379821674,3807.739882389251,4301.036233567197,0,201.59225659501814,0.0004526231234360297,1,5588.0,105.96125366117224,1364.0,0.3649262960005453,-0.2678229346490473,0.21945033691084123,0.058028011792224006,0.12852657720276167,0.01542547858239085,0.9999714,DETECTED,0
40,0.696617686989584,129,0.79114323193515,34.22586525304166,2.0,2323.452385551688,3607.579826682144,5629.271835405085,1,212.63607525963445,0.013530852820302499,0,585468.0,49.59131152774903,11578.0,0.6014818025521144,-0.07181575195930479,-0.1691976684200986,0.057649942437693176,0.11210607486106489,0.04750162432163891,1.0,DETECTED,0
20,0.7038616316082646,134,1.0,34.28949956429978,2.0,3591.5881339326083,4907.6112429534805,4406.948168223694,0,192.62847820969895,0.0032094033374704925,1,15639.0,51.684656572000755,3545.0,0.4587943787717499,-0.37536183687467983,-0.16676128092211356,0.05774155821738975,0.06352218283684945,0.009584175008908565,1.0,DETECTED,0
21,0.707889726843089,139,0.7934403656924056,20.420293447204095,1.0,2024.340210547704,3357.1153304576897,5269.720425243956,0,202.06296122179117,0.0023901772685246117,0,1445.0,75.00477943189948,2020.0,0.7816671119471689,-1.3392670050573554,0.25470742165751104,0.049658300637825566,0.06983216584460152,0.035935307045728275,1.0,DETECTED,0
40,0.7023694409820724,184,0.8231289651211355,80.25903298358345,1.0,4236.332744836905,5756.777870473931,4395.048948287124,1,199.41674393853637,0.0016375510562279187,0,21729.0,71.8111352965483,1836.0,0.03658563009911468,0.008100747556273678,-0.1557554705857449,0.05897585878733841,0.0797598362904012,-0.01715133466447194,1.0,DETECTED,0
20,0.898464464619205,108,0.7981352234560494,79.29650760431853,2.0,9976.071628162077,4634.5864462860545,5035.665444838191,0,201.46222606548807,0.002390023043259541,1,12407.0,43.99475631159339,7729.0,0.6748094739692168,-0.09682675570433619,-0.147472868490267,0.05855134056430213,0.13434557939832908,0.047047959506768065,1.0,DETECTED,0
40,0.6966359531622781,231,0.7813081143691344,22.79713153716697,1.0,4864.556117522043,5688.201944648573,4229.396636149403,0,500.67189460754474,0.0014531117282977283,0,736.0,107.42037448312207,1657.0,0.3353063928823582,-0.11256562430200341,-0.17944023108546858,0.057549094293869826,0.11428927315017044,0.006688000755664433,1.0,DETECTED,0
40,0.7961109720424063,76,0.02018920450324105,33.53066684940685,1.0,4725.757971859505,5995.362187016149,4720.599197297869,1,195.6062046178909,0.002150372957366322,1,496.0,371.0139070098813,584.0,0.025617502963295926,0.0035722957967512514,0.06302996583415,0.05713210590612452,0.10067852036187054,0.04628021392301504,0.9999998,DETECTED,0
30,0.8998008140681331,142,0.8758135590384634,21.26260546622887,1.0,10926.431312626886,4693.871251945133,4222.492276473531,1,202.37926242909177,0.0,1,1485.0,161.20688251993568,468.0,0.023410840428975066,0.5710190694410251,0.058887444119170185,0.058270354778338924,0.036957010911213596,0.046293989277391874,1.0,DETECTED,0
50,0.3038933519591547,259,0.9633266559288016,33.13748717780139,2.0,9012.249182644067,5195.578152821913,3247.9130658740755,0,198.1261326280772,0.003580511450993753,1,21229.0,48.979394636181176,1514.0,0.536526350080358,-0.24268248940688997,0.17491070743103485,0.057773093114676585,0.04105008613187948,0.005941637358988543,1.0,DETECTED,0
40,0.911896248502726,136,0.893644493211888,34.4330990089433,1.0,4361.646991871899,1796.5554723683927,4231.74927100032,1,205.2976017945755,0.004211484057168414,1,422.0,86.58235719972132,942.0,0.575130185360868,0.001518214114225848,-0.15303342057114144,0.05882902081944718,0.11140887395023777,0.046454794691766076,1.0,DETECTED,0
40,0.7052025539460799,76,0.9122494119021739,34.13013778748424,2.0,6463.068747209911,4442.966222699088,5569.171725144038,0,200.27031150265634,0.0017532586242449512,1,8131.0,90.66240045341415,5915.0,0.5901006931234861,-0.25861521852833386,-0.1814243049240498,0.057801672069426734,0.0782233545832839,0.009531790707365383,1.0,DETECTED,0
50,0.415381006875882,110,0.9248380649485775,29.98965204986124,1.0,4742.743451347123,4126.70320329815,4930.446770772279,0,198.85728910945144,0.005609480735020709,1,0.0,123.0447986221088,630.0,0.04040021501754141,0.05989958496289531,-0.14942094089323066,0.05785666305268227,0.03520073660358337,-0.0033159946226348873,1.0,DETECTED,0
40,0.8968517773573763,145,0.5907469097921224,34.030566661966596,1.0,3723.8872448146813,6231.774047892911,5208.520471513278,1,202.2912176250206,0.010984903222670556,1,7006.0,74.91823689246642,3357.0,0.5951942343007065,-0.2667795659170625,-0.18952471642179763,0.057577872937000535,0.03726873586765021,0.04797024731355744,1.0,DETECTED,0
60,0.7102953709206793,133,0.5187715555070774,91.0543231685685,1.0,3851.0932663946282,4465.918660798829,4260.640221415816,1,1515.8079554207654,0.0027634685469721328,0,0.0,262.64866005300735,942.0,0.2512881625330455,-0.5147866772403126,0.0567440401425394,0.05823028696071932,0.0498909862183109,0.043468970625078984,0.99962133,DETECTED,0
40,0.7015232563752442,187,0.09535525491448495,34.017883141268264,1.0,2944.166071825783,5310.368590995942,4771.221118182067,0,200.50843717402165,0.005870543854230078,1,2804.0,108.20046072020777,1043.0,0.04442718575815341,0.5594575469378732,-0.18887897313494934,0.05904467130974903,0.12573500878318292,0.048491096163891176,1.0,DETECTED,0
40,0.8932180897101791,149,0.7830621243204813,18.64228047205698,1.0,5016.508963952498,3946.2410123350346,5007.819197422109,1,995.8863489726356,0.0038466892888430145,1,1301.0,356.3057177775048,720.0,0.03480038337389515,0.15858608149340336,-0.07756714187825314,0.05820596259105705,0.11174092733815828,0.04629202124505089,1.0,DETECTED,0
20,0.7099330614021778,145,0.8592906762323029,11.5148163406908,2.0,8701.788568861684,4918.648557843258,5070.860540922229,0,201.2487780373581,0.006532491019871073,1,600439.0,40.97898299668558,11308.0,1.0,0.046409076035847915,0.2277796361173885,0.05814316958936453,0.04034289318422756,0.04793616803076821,1.0,DETECTED,0
40,0.7022952932451788,89,0.8370619877163099,33.87364584776147,1.0,8740.08990793092,4472.620531345649,5066.966431084028,0,995.9781440133362,0.003602626544614045,1,3108.0,86.51711813669259,1298.0,0.03668239327298704,-0.33137948073336176,0.0463912426822192,0.05702440565828373,0.08555190280186646,-0.006249027088900041,1.0,DETECTED,0
40,0.8995790286866647,229,0.40922412214394555,33.29746083155201,1.0,3020.1241476636897,4316.386714556942,4899.731817476363,1,193.802941557645,0.0002671067345600517,1,3244.0,141.5766145601067,558.0,0.23120484930320648,-0.12589255920579895,0.0795279066541474,0.05795536426248163,0.06934686111921876,0.04639297449009186,0.9999193,DETECTED,0
40,0.11339853828627021,106,0.47704688902035375,33.79642094516942,2.0,3859.3469538447853,6208.980203408439,5141.409039875294,1,193.83814120455784,0.0036291176629347113,1,5838.0,106.30510974615255,1475.0,0.11973691240594192,0.4032938514250528,-0.06363562690153625,0.05842744932335134,0.03224650739084505,0.04583547388322386,1.0,DETECTED,0
40,0.8130140187317386,93,0.8793831761954058,34.08341547992729,1.0,5938.481113843927,4287.744798336888,4885.442305218438,1,195.8671629307904,0.0007077383805058606,1,0.0,79.82983924283623,170.0,0.030085029972774555,-0.4168050080533161,0.05292356666252338,0.057763692812554945,0.039111272656979265,-0.027725694697434085,1.0,DETECTED,0
40,0.6979327735523028,72,0.838606672154025,33.22815194832604,2.0,3000.359274635655,8033.004132091938,5348.877636528505,0,193.98034278145454,0.011899877207732527,0,3580.0,96.88546634620272,1718.0,0.0399212494266477,-1.4081639712930236,-0.16238130204960988,0.05746488736061939,0.05457623925449115,0.048412871680284325,1.0,DETECTED,0
40,0.6081432761295473,161,0.5734055206824582,33.731366915515565,1.0,12027.57535168131,3129.4490074453424,5047.427676766343,0,492.85337494984805,0.0039557731584753284,1,1387.0,88.45785635706862,893.0,0.048850099660728966,-0.7466581923119515,-0.09088454185922303,0.056986354499565316,0.1370573410048572,0.045243775915750545,0.9999997,DETECTED,0
40,0.8980743775743597,252,0.7368910279739275,14.933311957058894,1.0,4151.802734097331,4141.215101411355,5238.767610125771,0,1007.040022851354,0.006871337261552842,0,14609.0,60.34964328830806,11475.0,0.5336551296383358,0.1143857311859952,-0.1608068115184976,0.05773472505337095,0.014924595509247136,0.04602050036277224,1.0,DETECTED,0
30,0.9028837870907841,176,0.8291339225921854,33.98161165277895,1.0,4603.473557745201,4199.604462620026,4084.597182372523,0,196.81909894103035,0.010399621842434462,1,1080.0,132.76155108900548,895.0,0.054312413316293745,-0.034983512923373566,-0.14953706113065607,0.057661379056897985,0.039074986909933856,0.003595180863913518,1.0,DETECTED,0
20,0.7007228040462661,124,0.6250954139582726,34.3746373898367,1.0,7479.28758671382,5461.986936064628,5127.795253853082,1,210.18800244823066,0.012046464848316814,0,1533.0,131.22532371425433,1143.0,0.03269484061836561,-0.2955267759312449,0.2272290706452336,0.05731851611170661,0.057822010217217217,0.044544876006119,1.0,DETECTED,0
40,0.8876508065142845,56,0.49132627274047064,33.358477016698714,1.0,3404.352592713859,7288.028954775042,5147.642344385332,0,201.51924592529076,0.0006262249100887369,1,4106.0,127.39716517375501,992.0,0.02960294482299637,0.4044263438323479,0.050132114399258215,0.05711108785227154,0.05340733511953391,0.023928105443857706,1.0,DETECTED,0
20,0.7045187501734467,260,0.829725782965452,23.769048088886873,1.0,5312.726570952764,6981.677486191525,4185.57750756843,1,202.71530379917164,0.002300229848411859,0,2567.0,114.82403910328661,426.0,0.24067775111336231,0.08016523848902807,-0.09329004417533976,0.057547524545447655,0.13521713244110456,0.002758920970706156,0.9999927,DETECTED,0
20,0.5969816414453339,90,0.9327274539115488,33.71553066787554,1.0,4770.039941937004,3716.3355465300447,4304.374138588449,0,1464.6980666041861,0.0018551322111442395,0,1961.0,69.16475768047908,222.0,0.0462416589049543,-0.363601764857024,0.09386340498783641,0.04961804172693338,0.06554563430658103,0.04923531042766496,0.9908761,DETECTED,0
40,0.7925685593268484,242,0.7555889038953314,9.949140312837903,1.0,5004.24577209091,4123.210070286372,4760.451412834316,0,199.25711480340235,0.004117120020461861,1,0.0,76.09551106202433,153.0,0.23675354114830036,0.17379399877339133,0.19497742558281603,0.0582141996866494,0.05753009393375746,0.04479227929487174,1.0,DETECTED,0
20,0.4038599508814899,107,0.4915837566920441,22.407952792763556,1.0,2952.018984847503,5682.018641812317,5580.324501994627,0,197.97920290224272,0.0007296066676835849,1,0.0,49.97536662342417,186.0,0.3415493604173389,0.21225177914326504,0.06485959872557856,0.05749650379677155,0.10215187660126775,0.048816099482806,1.0,DETECTED,0
20,0.3996880331883153,155,0.28568875979232783,24.07705671165863,1.0,3469.320122660553,6609.231513898444,4973.850132829092,1,194.5770278617342,0.019443707104797616,0,12547.0,105.023478540739,4640.0,0.21472562765510228,-0.06252771566553697,-0.14625908379982488,0.050256967884588596,0.046838119636710446,-0.03971610865382096,0.25879374,EVADED,1
40,0.7005122724060265,91,0.916765944937072,33.95455680108352,1.0,8009.2966324734,4883.150289075426,3228.9545086557932,0,1484.8142953339425,0.0009159017306140387,1,13900.0,113.14663797632711,3726.0,0.5711719736616478,0.5075603633626967,0.24089116066852223,0.057535779341221165,0.03954983539546388,-0.02483699878823701,1.0,DETECTED,0
20,0.4066304158726194,48,0.567904105895453,26.65192883280772,2.0,5387.934893100921,3197.294189137985,5025.3564957227345,0,197.49328876747023,0.0011436594887062885,1,4238.0,114.39886426557891,381.0,0.5767971736008114,-0.11772152277060359,-0.17267985713938783,0.05823811227001,0.054622229638448344,0.046324687164574586,1.0,DETECTED,0
20,0.32207915397293085,237,0.8990767327072897,33.80739549630442,1.0,3877.8759209405966,4575.862156658301,4872.726405994223,0,1473.0420680680568,0.006268857395713536,0,2043.0,1560.6298215232855,3486.0,0.030158379084652527,-0.3385397736664508,-0.15227224607347903,0.0504413164129786,0.14001157783683038,0.004424018607383326,0.99999577,DETECTED,0
40,0.5922323947687144,217,0.8513098158460518,34.02918859924333,1.0,2456.8646480998195,5496.726685383061,5141.449649759265,0,202.28374754584382,0.005034517247857014,0,16876.0,46.16831707684434,9286.0,0.564082501621652,-0.35800559452852854,-0.14641474974054983,0.04946381918238808,0.07007573809094354,-0.005397865239244018,1.0,DETECTED,0
40,0.8963269364240022,82,0.8890348818513003,32.3969684408431,2.0,4458.7931730465825,4917.141957981455,5263.658780469081,1,990.1437770944865,0.0,0,1933.0,104.61471614866412,1744.0,0.016356837484933454,-0.47474676382137965,-0.09364796566175268,0.05850689657148003,0.06440179026521876,0.04446567996194422,1.0,DETECTED,0
20,0.9007141826795156,72,0.49557985132110094,21.653865278523874,2.0,2731.2475993676535,8790.1961725548,5031.739339178502,1,198.33693870196396,0.011951900912257686,1,2143.0,164.6361468882499,840.0,0.019684150621764183,-0.10443184643534205,0.14626846082985584,0.057974463977571784,0.09548383959781538,-0.030519964153378095,1.0,DETECTED,0
40,0.897875844225263,181,0.15644469476753153,9.259606807019757,2.0,2109.30686780048,7784.952462666837,4825.302832026103,1,194.5305493610485,0.0012009064655058412,1,2151.0,383.5512495790566,1328.0,0.14313347990989267,0.1626807011684315,0.2857737773228032,0.05775941970501691,0.0579922175585556,0.048225877474776864,0.9999995,DETECTED,0
40,0.7145134922781998,246,0.89058280299353,33.90618571180935,2.0,7250.758837553417,5107.260401192489,5195.183980581634,0,205.21284123449635,0.004687270006275395,0,0.0,100.7029838368816,804.0,0.1675863918411847,-0.213328814468373,0.06385339722723897,0.057270359077461,0.04945971394519381,0.04259359757006249,0.99804974,DETECTED,0
20,0.9163034483587938,80,0.8693527325048043,24.833925840377145,2.0,4125.656138049828,6000.377677181227,5287.622389794557,0,208.8498572144259,0.00298027061899865,1,5136.0,99.59314906753079,8334.0,0.39465346384099664,0.02656067668864201,-0.17566484454270587,0.05777673650901519,0.12712026093088014,0.0508015565636582,1.0,DETECTED,0
20,0.5927771068106361,91,0.9228422921555838,16.044091332776052,2.0,3971.0436471693192,7224.1973223655405,5133.62138420726,0,198.76933379943867,0.0017467739927693156,1,3887.0,348.976507355316,429.0,0.08602922290890327,-0.18265272016955242,-0.04362408075349764,0.04983778368165021,0.016507954567516796,0.04502320725055121,0.98733443,DETECTED,0
40,0.09479177657580279,263,0.873737761843592,18.25774372200429,1.0,2259.713446032467,5508.408554631614,3022.370369777168,1,196.989866327398,0.001180356673495594,1,4706.0,2472.58303877716,1039.0,0.133271157338129,-0.7239435763316427,-0.09039860157189779,0.058104430210554996,0.09054194230586135,-0.003897353490046734,0.9999861,DETECTED,0
40,0.8038418919393906,115,0.8631440936992193,26.99601753945372,2.0,3272.6572051961775,5005.5565997098975,5553.2539313271245,0,205.79171482847386,0.004490611942194077,1,1812.0,72.26146226426238,1431.0,0.20494000502295812,0.2007572297017477,0.16339798582115803,0.05148301541761693,0.020897978516732578,-0.003772416100105252,0.08716526,EVADED,1
30,0.2962531480822763,180,0.7964653894068694,25.652556345368694,1.0,4257.298570600467,4604.801524420576,3173.2383803202874,1,204.56098444069633,0.0034628615377847757,0,1200.0,100.58197808189136,2272.0,0.2459439418890903,-0.09538127320000536,0.07595644573363973,0.05159719879965356,0.05448647514130693,-0.004881687465036764,0.6817397,DETECTED,0
40,0.70388726316997,282,0.9306490890972734,34.409263611371344,2.0,4348.1529393135015,4472.039263057761,5541.014631075022,0,202.6090016288691,0.01156965261178123,1,3983.0,42.93030395206388,1059.0,0.18971225926867835,0.1931750918889251,0.06797405431919785,0.05808955928858369,0.08156545218748673,0.006327226123871016,1.0,DETECTED,0
61,0.7073190982112908,133,0.9402273923489268,21.6505726587907,1.0,8117.576980765941,6358.472751642652,4334.708642516588,0,196.83807775371005,0.001154424311571835,0,13649.0,29.696767407278664,6503.0,0.19581083031294347,-0.3888642850945422,-0.17470221373891262,0.05717732099405818,0.09633170516482338,-0.02043907237404334,1.0,DETECTED,0
40,0.8986151663974805,15,0.11353146225622002,16.091514030496125,2.0,4396.90338454053,4136.185770132098,4099.373639641563,1,207.5762957510124,0.005732980955970315,1,0.0,398.0331760175136,254.0,0.2779149690370957,-0.030318629664696783,-0.1315501353242266,0.057362485368619626,0.12859119445976055,0.04335420203987746,0.9995457,DETECTED,0
20,0.8991609600433981,246,0.6583772804231538,9.767971810987577,1.0,4179.595352134564,5997.054218455383,3218.7389771882454,0,194.6804962944842,0.009002502449928552,1,469.0,100.36640181509613,5644.0,0.2415573817075173,0.016121014694849035,-0.1442218803563798,0.05815827001267719,0.04492270156491236,0.04637458537489548,1.0,DETECTED,0
20,0.7011002307192938,170,0.36598854556813326,20.656025018989013,1.0,4164.504490013834,4965.174119758904,4146.071713241392,1,999.7597801493679,0.0033243532117613445,0,0.0,393.508537762189,307.0,0.03616294210847638,0.543902393375547,-0.07147435135220748,0.05064146658322517,0.138290391287241,0.044527811005730326,0.9999351,DETECTED,0
20,0.900042151462997,51,0.9324603719972614,15.111073819750466,1.0,2205.2164572257416,3927.203710758893,4950.375103080837,0,200.95278308974426,0.004158740777651031,1,3837.0,62.351271102860764,912.0,0.05182055926385554,-0.5983141625878388,0.04968327145261877,0.057582271693224336,0.1046180408467583,0.04849087424912533,1.0,DETECTED,0
20,0.7033988892288521,113,0.8280827597837,21.886521889715716,2.0,2044.7430604706558,2172.5799258278976,4985.97196662535,0,199.9584388506438,0.0,0,4072.0,147.6347518826047,478.0,0.02751387153817586,0.06356986281537584,-0.14592361550461838,0.049497125358725066,0.10024968699628838,0.038405735232999484,0.9999996,DETECTED,0
40,0.6003632758389853,95,0.9077497582490363,28.470007477196493,2.0,4001.643587974048,5714.42976398909,5150.775692313223,0,194.33831207536696,0.003322526425447153,1,3519.0,74.2508733517252,5983.0,0.2504004272274373,-0.21586497122883283,0.1485001846065315,0.05920932957828629,0.03308695773342715,0.04543003131666158,1.0,DETECTED,0
40,0.8060521874423195,114,0.788733219038986,34.115189573051794,1.0,3063.111836388343,3900.1445555241644,4988.073664597719,1,194.6976635392285,0.03695594850322848,0,3772.0,1779.6095768875841,2199.0,0.04006635510414447,-0.7735849713085375,-0.27175635735914827,0.050527866573466765,0.03164026074788234,-0.02832847181733981,0.9947614,DETECTED,0
40,0.8951479447680907,122,0.4896286182883294,33.75744894281946,1.0,1263.101428485655,2767.4169475284816,4133.973140811802,0,196.20381615685613,0.0011440914704030692,1,1356.0,1521.3457088930102,1748.0,0.06742364123295201,0.11543098074042246,0.10226463649808681,0.04929247973132879,0.0591088339266106,0.004625360011942789,1.0,DETECTED,0
20,0.8906617671910715,81,0.47821637348478796,9.940978914741725,2.0,7388.243657477673,4352.793571646242,4963.2431523955665,0,197.7787359222262,0.0015217008361304702,1,137.0,87.67381409586787,492.0,0.1849529083949375,0.3097030255943638,0.04134288712580595,0.05798464174241915,0.11641387443584203,-0.0036262144849550752,1.0,DETECTED,0
40,0.5971233312452612,154,0.48131776066851467,34.03889369416548,1.0,7459.420501827943,4076.252463746805,5496.032647651264,1,206.5731208501554,0.0025170951012209062,0,3080.0,105.26126654966376,2540.0,0.13332197075931523,0.5492072228191709,-0.2895488435296467,0.058973049855267246,0.033268779064679746,0.04494590313816739,1.0,DETECTED,0
40,0.7061500055500345,137,1.0,92.4105457259393,1.0,7322.536940417009,6549.334763441229,5506.895085385046,0,199.77864959752404,0.0016574443542852434,1,3594.0,136.24459598092494,1315.0,0.16383474533856798,-1.3185618651509117,-0.026755515033641257,0.05868370680326186,0.036047915826727533,-0.012220915826120109,1.0,DETECTED,0
40,0.6108397380665096,42,0.8523714856783171,28.812694005173583,1.0,7853.597129269084,7692.1834478085475,4953.645566072315,0,196.34663305962138,0.0015583357521545148,1,1279.0,123.54558251159663,300.0,0.03949664516939015,0.0022081979658894867,-0.2744017339185808,0.058845348835263295,0.01846316078834309,0.046003427867810975,0.99999994,DETECTED,0
20,0.9034468225428736,158,0.8554742162465646,33.211154709605076,2.0,1281.0729030421326,5135.342914649629,5694.6327804259945,1,204.4436723325315,0.0024299197733216368,0,3606.0,78.96027887504606,2117.0,0.23218902940819572,-0.06223756012806543,-0.13528073677584274,0.05825541698180457,0.11525445400568837,0.047093951341991354,0.99998957,DETECTED,0
20,0.9099787655902107,162,0.5257291507131332,32.70234513969729,2.0,2882.096801831996,2133.4072986594756,4726.0638088603,0,967.8958332776551,0.0053155321600244065,0,0.0,342.45745246140405,543.0,0.05305463180840125,0.5175359616924707,0.0757193332950201,0.05667576250610468,0.02194524262598403,0.04645122875556635,0.99999857,DETECTED,0
40,0.7038874987702443,197,0.792791842950517,33.72104114806067,1.0,6195.391918099681,4816.702086233744,5335.721705163016,0,199.98469442304489,0.002715071784514325,1,2364.0,95.88668353255753,538.0,0.11463370565920322,0.02125398263036703,-0.17661845327629244,0.05842315505445682,0.08895443633492184,0.00432963385726382,1.0,DETECTED,0
59,0.6060953985542342,134,0.46846441407340794,33.82642665730746,1.0,8207.630231870982,4069.5053448874396,5334.972112298805,0,201.78980525909088,0.008044156246717945,1,623455.0,96.2985390145459,2053.0,0.6964057477564841,-0.09849479804843636,-0.18242804218702194,0.05006987663742155,0.1292309535069883,0.04884502721321847,0.9355758,DETECTED,0
20,0.6046224665818174,128,0.8467484944352468,33.35182048983681,1.0,3613.933352164428,3337.024741561145,5306.771319981481,1,202.54080860213793,0.0031945259535615168,0,2044.0,58.5173159076474,1866.0,0.9125555596804713,0.2183685650311325,-0.18165274387276922,0.057902172604148344,0.014679568138774201,-0.005846490279799107,1.0,DETECTED,0
20,0.3847230583362524,141,0.7122934423377615,12.964911147019142,1.0,4946.705063264146,4998.816824859466,3484.555423566703,1,1479.7436807208146,0.003548006935385408,0,1704.0,301.62582359520053,531.0,0.031181152638904756,0.007034097512583076,0.07716108303208338,0.05756438234676322,0.0,0.044064613990098235,0.99999994,DETECTED,0
30,0.8999936665775673,9,0.21918609030208566,23.24970973896195,2.0,1918.4880136934535,3535.458054967366,4147.783145518891,0,202.30844978548743,0.002931084395523495,1,1693.0,270.31006336815767,6094.0,0.03672914559903784,0.5538217079691587,-0.17498312439907274,0.05844021254415294,0.05820367947945879,0.04478738208660641,1.0,DETECTED,0
20,0.1988027663459809,198,0.8063530605090045,21.35118069076094,1.0,4634.36825835633,4480.6315447272855,4950.465421308109,1,197.51378796709392,0.0,1,0.0,129.3190653304963,740.0,0.2032185668215236,-0.24081543351174867,0.04707160322554794,0.058506609966209835,0.06341916053840581,0.015151201942769393,0.999991,DETECTED,0
40,0.40188293745170045,127,1.0,10.369052995656029,1.0,5098.073702617079,4499.870791380298,5381.284185537931,1,202.103709500326,0.003997129996736181,1,580690.0,114.82311161218821,4509.0,0.5211496535676003,-0.3059079681081299,0.24566298800777822,0.05745173698887588,0.04749214973209727,-0.0014754082926360362,1.0,DETECTED,0
40,0.8960966925524482,178,0.8699697625985713,33.41397649173498,1.0,4552.827584586824,4785.915869065714,5502.777157294486,0,205.8578253472608,0.031155753790676602,1,0.0,86.7935021735672,525.0,0.25198714377441106,0.024444016683435984,-0.1283092753080196,0.05061485531472908,0.0641277242158095,-0.03833383649821663,0.006508697,EVADED,1
30,0.7013358583080521,150,0.5216149387372394,13.793123520670427,2.0,3534.8274099139057,3775.3880144034506,5921.816901110272,1,994.459562078763,0.012225004261079732,0,12697.0,98.77092714966594,1702.0,0.11398150679464748,-0.04895994795180389,0.09970347756477413,0.05939312666532797,0.10521202037567444,-0.03468237441205691,1.0,DETECTED,0
30,0.6901288543607677,130,0.8294734164096224,23.18573868121599,1.0,2705.4779629402033,4520.277954049635,4129.182768344757,0,190.07809706300037,0.012162250072108175,0,12711.0,76.78257705955492,3244.0,0.26891001538774734,-0.2070269470752405,0.4047177640001305,0.05824467656621764,0.09775321250858153,0.025919553851801592,1.0,DETECTED,0
30,0.9127267066450296,167,0.9572966280175756,97.52225148350051,1.0,9428.718943012333,4381.861861792605,5553.847495380357,0,204.27484489975978,0.008184288836024428,1,1852.0,49.93685230131187,10781.0,0.130619701626641,-0.2927893586873884,-0.20411969284995252,0.05665796451924892,0.023339648931816843,0.03558177704845946,1.0,DETECTED,0
40,0.31871395755714177,146,0.13574122766215113,21.63312183023041,1.0,6493.130452361709,5287.119601478272,4322.096980716878,0,191.75274920948291,0.0070619858546411805,0,12314.0,58.21729637082691,2212.0,1.0,-0.13120742459740917,-0.1541337215136174,0.05698916804137159,0.11272069670430518,0.03476141372232366,1.0,DETECTED,0
20,0.9010307137017968,104,0.7955392933323607,22.75282963839367,1.0,1626.770079130002,3190.5794104358256,4228.291083656339,1,195.929251566351,0.006135707403080755,0,1860.0,135.13682665539764,3433.0,0.02613159665454266,0.050116406327052,0.13009876073423793,0.0581521882438331,0.01794311830871581,0.04487874865677378,1.0,DETECTED,0
20,0.4120356259884567,226,0.08650787595395834,104.5496653506079,1.0,5312.127440318477,4164.266730695134,3683.7578944924335,0,199.55933381699592,0.006315814334494603,1,628457.0,52.981232840262145,8734.0,0.6586848021814518,-0.015609399200489418,-0.17458073121947645,0.057539750761638246,0.057239192054023426,0.047487790189073245,1.0,DETECTED,0
62,0.3948160059115125,128,0.7665778747978846,33.936780221419575,2.0,6685.012389812133,3932.5612102632967,3570.8837534138206,0,204.2800263021275,0.0017920801173957974,1,2131.0,64.53162850853116,1405.0,0.08362671345360087,0.6006120183689773,0.2541014693127658,0.057496897795508366,0.039903333498304876,-0.02606061085774281,1.0,DETECTED,0
40,0.8960770352686324,51,0.8115439860824871,33.02342748025734,1.0,8559.799205567786,6633.9270182477585,5409.958766992241,1,203.8306446829667,0.011958879962638022,0,1763.0,59.85450631901784,467.0,0.04269736785419641,-0.19961561560842958,-0.15681158534129888,0.05896015609211181,0.11351484340651503,0.0429009659239861,1.0,DETECTED,0
20,0.4132725448003569,219,0.49370910777086136,25.6545685719042,1.0,8002.53523591437,4532.440154957069,5130.670921719283,0,485.10975458274703,0.004487674083494219,1,3867.0,51.86565091177717,1482.0,0.6155539878014727,-0.014152891036374498,0.08396394211991737,0.05849364532002604,0.10079682652401713,0.01772049568821396,1.0,DETECTED,0
20,0.6989879215477981,63,0.9259643423871883,24.893697549139937,2.0,11121.066623477034,4323.79184956025,5440.104343177892,1,204.40723914231265,0.004004418964545309,1,620647.0,92.26317371209423,9360.0,0.43833084150019647,-0.07407073049985616,-0.16514712768221668,0.050412532296922656,0.03585501077554107,0.04441388746894049,1.0,DETECTED,0
40,0.8100201147073529,108,0.7811741584869484,33.80762685644732,2.0,2806.976492498963,6504.528109494698,5574.6182976163045,0,199.28800225356812,0.002109980781785074,1,667971.0,87.64425399979179,1828.0,0.3306005433953139,-0.05096734159385205,-0.17887551437865087,0.05751882059338736,0.10332325153452528,0.025502919759450914,1.0,DETECTED,0
40,0.0898986607156896,55,0.9066411889670677,33.903375264566165,1.0,4275.458660656287,5003.306991132425,3087.166138852787,0,200.3635185163065,0.010320851548974651,1,1852.0,223.86031529237994,0.0,0.16146126090846855,0.5366480849365438,0.04387746941321344,0.05871808921409854,0.13879459243077436,0.047512813011486056,1.0,DETECTED,0
40,0.9074793570571493,305,0.38183455294740903,34.29177224476106,1.0,4674.660743572429,5570.067687974966,4908.8612782054315,0,189.97237898962192,0.009336995852045803,0,615.0,68.5384414915552,433.0,0.22035863819892693,-0.2590359806339739,0.05004817184026815,0.05839917848596859,0.13975780961023415,0.015123719511023693,0.99992734,DETECTED,0
20,0.6999984337205138,207,0.8549472006013458,17.659779367259315,1.0,3500.2499297066283,1795.460881254554,5081.6920081496855,0,198.35253481272952,0.0026907984134517016,0,2250.0,102.62646053156959,2184.0,0.9776811195027465,0.021719310081340717,0.274795314971366,0.05762162409999641,0.07277525293970226,0.012726168974642758,1.0,DETECTED,0
40,0.601120903580258,70,0.9115629606890583,34.21455480510038,1.0,3911.2023924018376,5243.156083885775,5217.145585419546,0,197.94701814967596,0.004091848839609237,0,2889.0,71.60139672468158,1283.0,0.03769183941792755,-0.3744295634993511,0.016632751277698428,0.05198861535767993,0.08800675841348371,0.04293866918614193,0.7391425,DETECTED,0
20,0.900807432848265,100,0.8987419076550205,34.15544933433788,1.0,9398.394073288322,3640.1624896541434,3092.689279567975,0,1519.005920653698,0.013153067150704386,0,239.0,80.88296551531013,8710.0,0.05186713393848923,-0.05011769490648699,-0.12434023951570065,0.05792997608787897,0.05822590510975641,0.0014146837216678677,1.0,DETECTED,0
20,0.9093989405576067,68,0.7638873676472617,24.93307255504601,1.0,6835.885393928246,2782.016026274823,5190.084998936984,0,511.2719569421833,0.0025747223904580034,1,0.0,56.343112202152085,5794.0,0.23273866570801263,-0.08463744315430884,-0.0762195763980783,0.05805491558844059,0.10011544304994645,0.029659097065803698,1.0,DETECTED,0
40,0.9089366682977442,160,0.39670495668539973,34.002218030000975,2.0,4122.242597137096,5641.927383098962,5487.095845844156,1,204.53815608229857,0.006187360287330901,0,255.0,168.9067489562953,10672.0,0.022448347849662847,-0.43330666736342394,0.2599006923082044,0.05021149248964161,0.05003165256075112,-0.003788794212296771,1.0,DETECTED,0
21,0.89870717184689,121,0.8280121757895954,25.268596290491,1.0,3524.386118261089,3359.9009732376276,6823.489701337751,1,983.8677816019995,0.005351970206113839,0,545.0,52.060323655168204,1625.0,0.02818639703319307,0.012469650126416026,-0.10078868349398215,0.05891140714115434,0.06451783759643699,0.04669035220460872,1.0,DETECTED,0
40,0.7981856309830365,110,0.8498798798950344,34.083845622895325,1.0,3035.2757483445685,2279.0415858522697,4920.892883461861,0,205.3364569629311,0.0019382207582123636,1,1485.0,58.28080349522479,357.0,0.048626977376455306,-0.7230861503630802,0.07674960752682433,0.058007838802194144,0.05660613673118868,0.045522584951710694,1.0,DETECTED,0
40,0.10757489876519777,254,0.7453982462003571,33.54279269444737,2.0,3301.803653027092,4231.214275414543,4293.213248566254,0,1472.825106671962,0.01410259097646981,0,2578.0,130.12015246338564,1887.0,0.23949131561549655,0.23354384923451815,0.07866631061827291,0.056788465051430544,0.11160507416062998,0.019574213796375427,0.99999845,DETECTED,0
40,0.6943651562723329,86,0.13888131350877292,98.77021011037829,1.0,4930.036424429982,4732.583683724587,5162.455968907848,0,205.64766264746123,0.0020044817689972563,1,652750.0,143.00446119403372,3655.0,0.7823157249008197,0.4990005919060831,-0.15528325631596696,0.05901802597186024,0.03509050322716048,0.050101957914755406,0.9937141,DETECTED,0
40,0.08430441140416192,148,0.948872053070342,33.28407042292228,1.0,2345.9125045442634,5524.233771151204,5414.975693299488,0,195.23239502021667,0.002564984184548609,1,24030.0,96.6302012023312,3148.0,0.14520990798793082,-0.10373473483208352,-0.18022441546705342,0.05045310493819422,0.1195379866114551,0.0251220140423649,0.41103747,EVADED,1
20,0.694873576499178,139,0.4933915872852376,9.84023103112424,1.0,1471.2722553756178,4553.987298458758,4946.347463740909,1,196.22490263412973,0.0004500636884905741,1,2286.0,276.08157195192956,183.0,0.01585987067333429,0.5786708924919379,-0.1021816066841765,0.04941147455996904,0.09459433553984162,0.04351157675178134,1.0,DETECTED,0
40,0.8008994535053116,32,0.0896472278882601,33.881210145198494,1.0,3716.03043758158,3124.2285670430833,6967.313646302058,0,200.25737093650793,0.019602997758198196,0,2502.0,89.33028489686329,1441.0,0.18416668126309976,0.03391266303746676,0.06391593149228829,0.0589447184900582,0.11884827948596209,0.03401652357995042,1.0,DETECTED,0
40,0.6901414583794852,36,0.900849772250785,24.007262501564256,1.0,5286.1428192868825,4542.800353871744,5217.600180328957,0,1486.1178902565603,0.006756124195588822,1,2437.0,102.01543941042581,820.0,0.06337626441526648,-0.25243191134551246,-0.1776017868309077,0.05766253205854266,0.061336480941711555,-0.025305434612649592,1.0,DETECTED,0
40,0.8925589716415872,126,0.9238172629265974,33.63681936258307,1.0,4968.934715551719,2545.7705140523367,3392.1415594177906,1,192.4096101524752,0.003636426129044073,0,0.0,332.8355121252638,2907.0,0.03060747910364421,-0.23140368266144343,-0.0056041327498571915,0.049951521093154,0.042471326825028966,0.026069773636267023,0.9981938,DETECTED,0
30,0.40907703288084535,34,0.9218129859824549,34.44628865081335,1.0,1809.3439108148768,4041.1916907089058,5399.252055841483,0,207.4052906776786,0.0034218395828304296,1,671722.0,98.70037890322405,6197.0,0.5006105044014018,0.4587776615883016,-0.18010308123990815,0.05911060388344462,0.09238351553797487,0.024615952520457722,1.0,DETECTED,0
40,0.903654079797023,119,0.5269283786484994,13.25082025392749,2.0,5111.560921204733,5860.903411726096,4394.244781018384,0,201.42773528669872,0.008019471745293117,0,5880.0,143.74227314847025,1945.0,0.14527009152294135,-0.6196803179045483,-0.13394977004240055,0.05824628629908135,0.13449399293547684,0.04735262392259838,0.9999979,DETECTED,0
40,0.9029372224033859,188,0.750145552625941,34.14198875561191,1.0,2536.1857928213985,4231.720528323951,5402.730606477771,0,199.5161665241825,0.004679870338439135,0,0.0,363.74855093376954,6792.0,0.015487053778069408,-0.5510178282850755,-0.16967667607442394,0.05130043872296087,0.030375370929656535,-0.036671045242892664,1.0,DETECTED,0
40,0.8985265356507298,85,0.5629150540988634,38.02238684940963,1.0,12075.717935735769,4946.008214113667,4085.227753221029,0,195.0808970492063,0.009854255960518537,1,2310.0,94.93090328147909,1152.0,0.25137985618711167,-0.28876161018095464,-0.2935136807256149,0.05769822831069486,0.07371909543025772,0.046450192660365076,1.0,DETECTED,0
20,0.9090958963420611,106,0.8029982731655174,33.8910335878424,1.0,4452.330820020254,2255.43822562515,4110.347489421251,0,200.25288936611076,0.0013675028686801005,0,0.0,93.63541514111189,352.0,0.04189192475323907,0.16930422343285023,0.04254895113986776,0.05739306889006725,0.12441648106573697,0.045788445581605844,1.0,DETECTED,0
20,0.40522865919194173,183,0.2742386411142931,15.10606478725293,1.0,5586.139435645654,4401.388597316024,5171.200921056759,0,198.50214487838474,0.004178594198539491,0,3060.0,195.13354388166812,2173.0,1.0,-0.44435979040732665,-0.1278259997442115,0.05835875628661105,0.14151183109223556,0.04582296200066069,1.0,DETECTED,0
40,0.4033263011639491,124,0.69219342296922,33.35671513073159,1.0,0.0,5542.441686008159,5342.32964082505,0,203.6806630507038,0.014902486088818612,0,19684.0,17.46836792651652,6875.0,0.4684776134205643,-0.3701022097792365,-0.16153296650491067,0.057306604222130665,0.005592238950900944,0.04470338819617276,1.0,DETECTED,0
30,0.6901335409389039,129,0.8839037984285926,25.45381509705692,1.0,8111.495559428445,6341.894530867094,5190.400979459229,1,206.77093076748105,0.005631289395138366,0,0.0,323.0935851127955,675.0,0.03154361443045666,-0.5533191095782194,-0.2665710574477945,0.056791311596267935,0.026408737633934108,0.04309325422015662,0.99967015,DETECTED,0
49,0.10393090223029497,186,0.7655751622748861,21.30843069885524,2.0,836.1958578557033,4622.977269562574,2990.1855187530273,0,202.31513885189588,0.0038112102446363457,0,673832.0,51.43064667497015,8711.0,1.0,-0.16654567730402897,-0.1551315344586033,0.057018620574329916,0.05395848788068709,0.010360045687556009,0.99999535,DETECTED,0
40,0.8988539444746633,297,0.5851272015643579,32.5577806128741,2.0,3669.4842136402053,3002.531568215924,5522.389196739821,0,1481.7797486735087,0.003727711038206212,0,1128.0,2433.083174304227,1918.0,0.03217227700102716,0.5367608483607383,-0.1695229108967647,0.057639239568064715,0.05381200675170305,0.046258778761929936,1.0,DETECTED,0
50,0.39788809565535205,149,0.8476284415617509,22.24960983019469,1.0,4185.29501251416,2686.3408208819665,3124.27427736738,0,206.21634693083908,0.008484860160895157,1,0.0,109.68017391104686,207.0,0.3792445152026094,-0.16641879105524085,0.03742682902550391,0.058356961897111724,0.045987330425535586,-0.026283313726992993,0.99999994,DETECTED,0
30,0.5939232249976732,137,0.47503327419418157,33.45771205072491,2.0,6976.213650144643,5436.425323888105,4333.024933450468,0,200.38177154518445,0.007509879253539737,1,4184.0,95.08320926415409,1294.0,0.009282604880549177,-0.1274025074222536,-0.15025910530729236,0.05826412929766223,0.04270027503166414,0.022999019163728505,1.0,DETECTED,0
20,0.8984685096498736,60,0.9248623618655305,14.604651006314286,2.0,1159.6535366515836,3273.153551749042,3092.5377269364117,1,1503.9491379446833,0.006406643455164356,0,2968.0,2304.875544762511,2373.0,0.23912003873016105,0.15221275777949228,0.06430899370681656,0.05810392410005383,0.09500645758831194,-0.02004097762123692,0.9897899,DETECTED,0
20,0.4147337893409361,200,0.8089604369346725,86.19954225017126,2.0,3515.5579423092645,3483.352976008871,5171.049984023829,0,1521.110288799469,0.0,1,601590.0,77.25972976537099,8699.0,0.4904422737152836,0.08468735704311436,-0.1611148518845956,0.058140985042574304,0.08598072804205201,-0.00767423661081159,1.0,DETECTED,0
40,0.5922554907558815,134,0.5348832502908583,33.57400361901117,2.0,4891.929258261194,5627.464633365893,5416.940345407818,0,203.15086371884152,0.0034813391177252457,1,2407.0,93.32069590868244,1933.0,0.5312525623410584,-0.2543916905222386,-0.1503943740940158,0.057629473576992565,0.032683202606575756,-0.0053294351751473415,1.0,DETECTED,0
20,0.8936337301275659,145,0.866638617931887,24.293916437633687,2.0,5190.005789301739,5033.347794285832,4145.770891125121,1,211.62433957979985,0.012373807490151113,1,1142.0,67.03138729946158,2412.0,0.5881572295742479,-0.07793950465977553,-0.18005903761021608,0.0564391862234599,0.06169904706784333,0.04634072031786485,1.0,DETECTED,0
20,0.8950557967841862,54,0.9040237682502622,33.94111263848886,1.0,6373.888340928077,4143.481777026329,5371.59810936729,0,198.7809772800538,0.0013888562749361816,0,4499.0,89.6419151529534,519.0,0.1778738379602551,-0.7823371282044148,0.05574774934812298,0.057925482481344596,0.11742495414565347,0.00940522274413557,0.99620795,DETECTED,0
40,0.9020858871163961,120,0.7934754597043472,33.73954728952481,1.0,6498.51791272273,4999.237184679481,4349.133503479871,1,194.20219493781522,0.0033496779382485406,0,9024.0,148.69027345750658,8268.0,0.26009002472152354,-0.004279255068102504,-0.15879599754847756,0.058393735758356755,0.03368082341103843,0.021789010637363354,1.0,DETECTED,0
30,0.2985522356771758,243,0.9389958973347597,33.95230359377419,1.0,4176.010888984648,4009.869016242982,5340.314258872479,0,513.3250718740248,0.004348702150002762,1,697219.0,66.8011470034924,8203.0,0.5605292320847114,-0.46028808137856475,0.25249094766451774,0.05772792703023143,0.08851261313362041,0.024106757906727443,1.0,DETECTED,0
21,0.40479156615742873,181,0.7326833763685854,22.850435476218927,1.0,7413.500495958085,8439.01695564779,6408.135455853823,1,198.61257982358214,0.027384785881357742,0,2489.0,134.0879357756888,9078.0,0.11029125980889966,-0.5356252125928946,-0.15924652755271254,0.05757434615559878,0.05938057073157148,-0.025062662208038322,1.0,DETECTED,0
40,0.6998794375668538,103,0.011507032626691754,24.172057222801193,1.0,7293.072659375794,4056.861350091607,4951.551638953099,1,200.60622501117254,0.005014929758624638,0,566.0,395.36016559889697,3196.0,0.030361530980957275,-0.10144528153714442,-0.12849123076824973,0.057110447299513825,0.05703210830099549,0.04583683275764714,1.0,DETECTED,0
30,0.7098116609114655,103,0.8681310397679984,33.07188228183517,2.0,7145.3707027269575,4356.368155640959,5038.9145123540375,0,205.88857255633343,0.0015231720143319399,0,759.0,72.90511949261013,562.0,0.35056628367829357,0.05146689344224652,-0.059273304007527824,0.05810117530331339,0.07879247851220775,-0.013749791538404308,1.0,DETECTED,0
20,0.9045236301985151,292,1.0,33.50959090083533,2.0,3955.639962484235,4619.794812989892,5408.894600888161,0,200.75899230865448,0.0,1,4983.0,72.9821659163933,11160.0,0.014373819727443019,-0.30420875109238094,0.13504122057510065,0.05684757321292327,0.05261852312172509,0.018378369182610908,1.0,DETECTED,0
40,0.9171270799683608,128,0.8052103426431874,17.214317178680254,1.0,3903.7080369352693,5012.3615431290345,4121.890996447649,0,186.54046025903835,0.00496056283677751,1,2611.0,216.1764198000107,4246.0,0.1514296555140775,0.5597525735201064,0.06275504611889199,0.058469528087809045,0.07698694704689034,0.04648121450663471,1.0,DETECTED,0
40,0.39820060879432045,49,0.7737984930785533,33.8467637015085,1.0,8425.096513193559,6735.654760861488,5278.222497224717,0,198.5057211708388,0.00012368705009216342,1,631483.0,136.6426757810474,1534.0,0.5190032581030413,0.02658685196512156,0.23386045685874635,0.058986632807226255,0.09291076963909244,0.0501700535070698,0.9999994,DETECTED,0
