tree
version=v4
num_class=1
num_tree_per_iteration=1
label_index=0
max_feature_idx=15
objective=binary sigmoid:1
feature_names=is_first_use seconds_since_issued seconds_since_prior_use prior_use_count device_changed ip_changed geo_distance_km implied_speed_kmh context_match amount_to_limit_ratio hour_of_day day_of_week channel merchant_category consent_type currency
feature_infos=[0:1] [5:907455.341243] [0:345212.35339100001] [0:1] [0:1] [0:1] [0:16993.933459795906] [0:1616438.4119035865] [0:1] [0.0039488778421625436:0.99995056418622474] [0:23] [0:6] -1:2:0:1 -1:3:0:4:7:5:2:1:6 -1:1:0 -1:3:2:0:1
tree_sizes=1178 1736 1735 1737 1728 1731 1737 1517 1736 1730 1737 1624 1740 1409 1736 1737 1736 1728 1730 1741 1729 1739 1740 1744 1748 1750 1760 1745 1742 1747 1749 1750 1750 1748 1750 1752 1756 1749 1750 1739 1737 1739 1735 1747 1742 1742 1741 1750 1742 1745 1749 1742 1747 1747 1753 1746 1748 1752 1760 1765 1763 1760 1760 1763 1764 1768 1769 1771 1768 1774 1770 1776 1766 1771 1771 1758 1767 1769 1762 1769 1767 1774 1761 1772 1769 1767 1776 1766 1780 1773 1780 1776 1770 1772 1780 1781 1782 1792 1784 1782 1776 1789 1786 1791 1785 1787 1785 1787 1793 1791 1785 1791 1791 1783 1789 1789 1784 1782 1783 1787 1800 1796 1794 1805 1793 1805 1796 1791 1793 1794 1793 1797 1799 1789 1800 1800 1801 1809 1802 1805 1805 1808 1808 1809 1812 1807 1810 1809 1815 1816 1810 1812 1812 1813 1816 1818 1816 1818 1819 1816 1820 1824 1820 1821 1822 1816 1825 1823 1826 1822 1837 1833 1832 1836 1829 1828 1837 1827 1844 1833 1834 1840 1837 1843 1840 1843 1851 1845 1844 1850 1849 1856 1856 1853 1854 1856 1853 1856 1852 1862

Tree=0
num_leaves=10
num_cat=0
split_feature=2 5 1 2 2 1 1 2 1
split_gain=19150.4 188.885 10.6637 3.73526 16.1484 4.29954 21.0997 2.68273 2.84217e-14
threshold=59.500000000000007 1.0000000180025095e-35 179.50000000000003 21.500000000000004 22.500000000000004 183.50000000000003 176.50000000000003 61.500000000000007 74253.492834500023
decision_type=2 2 2 2 2 2 2 2 2
left_child=1 3 -2 -1 -5 6 -6 -4 -7
right_child=2 -3 7 4 5 8 -8 -9 -10
leaf_value=-0.10000002194668549 -0.10000002194668549 0.099999978053314523 0.049671029858294968 0.019579477655077518 -0.10000002194668549 -0.10000002194668549 0.06642280114165941 0.099999978053314523 -0.10000002194668549
leaf_weight=2365.0321054458618 0.66703297197818656 11.901960611343382 2.6506930738687506 3.3177260458469382 9.4718682020902616 49.493846520781517 2.3838798850774756 2410.1470237970352 0.93384616076946159
leaf_count=17728 5 6 6 11 71 371 4 1215 7
internal_value=-2.3044e-08 -0.0987006 0.0998894 -0.0996736 -0.0879047 -0.0936302 -0.0665368 0.0999447 -0.1
internal_weight=4856 2442.54 2413.46 2430.63 65.6012 62.2834 11.8557 2412.8 50.4277
internal_count=19424 18198 1226 18192 464 453 75 1221 378
is_linear=0
shrinkage=1


Tree=1
num_leaves=15
num_cat=0
split_feature=2 5 1 2 2 1 1 2 0 2 1 1 2 2
split_gain=17327.9 170.91 9.64888 3.38879 14.6314 3.89554 19.0915 2.4412 1.81899e-12 2.84217e-14 1.42109e-14 1.42109e-14 1.42109e-14 7.10543e-15
threshold=59.500000000000007 1.0000000180025095e-35 179.50000000000003 21.500000000000004 22.500000000000004 183.50000000000003 176.50000000000003 61.500000000000007 1.0000000180025095e-35 48.500000000000007 71363.559276000015 590.50000000000011 57.500000000000007 58.500000000000007
decision_type=2 2 2 2 2 2 2 2 2 2 2 2 2 2
left_child=1 3 -2 8 -5 6 12 -4 10 -7 11 -1 -6 -11
right_child=2 -3 7 4 5 9 -8 -9 -10 13 -12 -13 -14 -15
leaf_value=-0.095241869923251066 -0.095241869923251093 0.0952418683581812 0.047217119761314014 0.018602343647720121 -0.095241869923251121 -0.095241869923251093 0.063172535052643738 0.0952418683581812 -0.095241869923251093 -0.095241869923251107 -0.095241869923251093 -0.095241869923251093 -0.095241869923250844 -0.095241869923250996
leaf_weight=20.62641233205796 0.66536813974380393 11.872255325317381 2.649058833718299 3.3174080550670615 8.7828594446182215 35.663732290267944 2.3812523335218421 2404.13170337677 2328.7884891033173 13.041215538978573 0.79844176769256492 8.9159330725669843 0.66536813974380571 1.5968835353851325
leaf_count=155 5 6 6 11 66 268 4 1215 17500 98 6 67 5 12
internal_value=-1.79285e-09 -0.0940039 0.0951364 -0.0949305 -0.0837078 -0.0891705 -0.0633533 0.095189 -0.0952419 -0.0952419 -0.0952419 -0.0952419 -0.0952419 -0.0952419
internal_weight=4843.9 2436.45 2407.45 2424.58 65.4487 62.1313 11.8295 2406.78 2359.13 50.3018 30.3408 29.5423 9.44823 14.6381
internal_count=19424 18198 1226 18192 464 453 75 1221 17728 378 228 222 71 110
is_linear=0
shrinkage=0.05


Tree=2
num_leaves=15
num_cat=0
split_feature=2 5 1 2 2 1 1 2 2 1 1 1 9 1
split_gain=15753.6 155.381 8.77225 3.10397 13.3527 3.55479 17.3559 2.25491 1.81899e-12 9.09495e-13 2.84217e-14 7.10543e-15 7.10543e-15 3.55271e-15
threshold=59.500000000000007 1.0000000180025095e-35 179.50000000000003 21.500000000000004 22.500000000000004 183.50000000000003 176.50000000000003 61.500000000000007 218.00000000000003 530958.97707600018 1966.2805245000002 76948.369850000017 0.5068020783611551 133.50000000000003
decision_type=2 2 2 2 2 2 2 2 2 2 2 2 2 2
left_child=1 3 -2 9 -5 6 13 -4 -9 -1 -7 -12 -11 -6
right_child=2 -3 7 4 5 10 -8 8 -10 12 11 -13 -14 -15
leaf_value=-0.091131780090766945 -0.091131780090766945 0.09113178399170857 0.044935722365512701 0.017677079668998875 -0.091131780090766959 -0.091131780090766945 0.060204187151722259 0.09113178399170857 0.09113178399170857 -0.091131780090766917 -0.091131780090766973 -0.091131780090766709 -0.091131780090766945 -0.091131780090766917
leaf_weight=2324.7968807518482 0.66071644425392051 11.789253473281859 2.6444820016622534 3.3165172040462485 6.6071644425392133 40.303703099489212 2.3738985061645499 55.016516208648682 2332.307312130928 8.9857436418533343 8.985743641853329 0.66071644425392229 8.8536003530025464 2.7750090658664703
leaf_count=17593 5 6 6 11 50 305 4 28 1187 68 68 5 67 21
internal_value=-1.06382e-08 -0.089946 0.0910303 -0.0908327 -0.0800568 -0.0853097 -0.0605726 0.0910807 0.0911318 -0.0911318 -0.0911318 -0.0911318 -0.0911318 -0.0911318
internal_weight=4810.08 2419.45 2390.63 2407.66 65.0228 61.7062 11.7561 2389.97 2387.32 2342.64 49.9502 9.64646 17.8393 9.38217
internal_count=19424 18198 1226 18192 464 453 75 1221 1215 17728 378 73 135 71
is_linear=0
shrinkage=0.05


Tree=3
num_leaves=15
num_cat=0
split_feature=2 5 1 2 2 1 1 2 7 0 1 1 1 1
split_gain=14381.2 141.844 8.00809 2.86675 12.2619 3.264 15.8426 2.1096 1.81899e-12 9.09495e-13 9.09495e-13 2.84217e-14 7.10543e-15 3.55271e-15
threshold=59.500000000000007 1.0000000180025095e-35 179.50000000000003 21.500000000000004 22.500000000000004 183.50000000000003 176.50000000000003 61.500000000000007 244.57944716068076 1.0000000180025095e-35 57329.820591500007 229.50000000000003 133.50000000000003 61.500000000000007
decision_type=2 2 2 2 2 2 2 2 2 2 2 2 2 2
left_child=1 3 -2 9 -5 6 12 -4 -9 -1 -11 -7 13 -6
right_child=2 -3 7 4 5 11 -8 8 -10 10 -12 -13 -14 -15
leaf_value=-0.087549099711788758 -0.087549099711788758 0.087549094239533581 0.042806252609417922 0.016800379073191436 -0.087549099711788828 -0.087549099711788758 0.057475767327745897 0.087549094239533581 0.087549094239533581 -0.087549099711788758 -0.087549099711788758 -0.087549099711788758 -0.08754909971178873 -0.087549099711788744
leaf_weight=29.801510989665985 0.65354190766811271 11.66123843193054 2.6374086141586295 3.3151394426822653 1.0456670522689799 2.4834592491388312 2.3625390231609336 1574.2671883106232 787.13359415531158 1965.0698079764843 322.32686886191368 46.924308970570564 2.7448760122060776 5.4897520244121552
leaf_count=228 5 6 6 11 8 19 4 810 405 15034 2466 359 21 42
internal_value=-2.24646e-08 -0.0864082 0.0874508 -0.08726 -0.0768515 -0.0819369 -0.058121 0.0874992 0.0875491 -0.0875491 -0.0875491 -0.0875491 -0.0875491 -0.0875491
internal_weight=4757.92 2393.23 2364.69 2381.56 64.3657 61.0506 11.6428 2364.04 2361.4 2317.2 2287.4 49.4078 9.2803 6.53542
internal_count=19424 18198 1226 18192 464 453 75 1221 1215 17728 17500 378 71 50
is_linear=0
shrinkage=0.05


Tree=4
num_leaves=15
num_cat=0
split_feature=2 5 1 2 2 1 1 2 1 1 1 1 2 1
split_gain=13175.4 129.95 7.33672 2.66699 11.3219 3.01332 14.513 1.99529 9.09495e-13 9.09495e-13 5.68434e-14 2.84217e-14 7.10543e-15 3.55271e-15
threshold=59.500000000000007 1.0000000180025095e-35 179.50000000000003 21.500000000000004 22.500000000000004 183.50000000000003 176.50000000000003 61.500000000000007 217.50000000000003 978.65292450000004 907.20479550000016 74253.492834500023 656.50000000000011 156.50000000000003
decision_type=2 2 2 2 2 2 2 2 2 2 2 2 2 2
left_child=1 3 -2 8 -5 6 13 -4 -1 10 -9 -7 -12 -6
right_child=2 -3 7 4 5 11 -8 9 -10 -11 12 -13 -14 -15
leaf_value=-0.084401500593964882 -0.084401500593964882 0.084401500044581232 0.040811515656011238 0.015969189156259167 -0.084401500593964895 -0.084401500593964882 0.054953218796498352 0.084401500044581232 -0.084401500593964882 0.084401500044581232 0.08440150004458119 -0.084401500593964882 0.084401500044581232 -0.08440150059396484
leaf_weight=530.6042308807373 0.64424991607665916 11.495439291000364 2.6282313466072074 3.3133510053157798 7.6021490097045881 47.803343772888184 2.3478073924779883 113.0384863615036 1753.6482715606689 2195.6289045810699 9.579532742500307 0.90194988250732322 9.5795327425003034 1.5461997985839842
leaf_count=4118 5 6 6 11 59 371 4 59 13610 1146 5 7 5 12
internal_value=-3.80668e-08 -0.0832994 0.0843057 -0.0841205 -0.0740143 -0.0789668 -0.0559417 0.0843523 -0.0844015 0.0844015 0.0844015 -0.0844015 0.0844015 -0.0844015
internal_weight=4690.36 2359.26 2331.1 2347.77 63.5148 60.2014 11.4962 2330.45 2284.25 2327.83 132.198 48.7053 19.1591 9.14835
internal_count=19424 18198 1226 18192 464 453 75 1221 17728 1215 69 378 10 71
is_linear=0
shrinkage=0.05


Tree=5
num_leaves=15
num_cat=0
split_feature=2 5 1 2 2 1 1 2 1 1 2 1 1 2
split_gain=12108.8 119.429 6.7428 2.49722 10.5046 2.79534 13.3368 1.90488 9.09495e-13 9.09495e-13 2.84217e-14 1.42109e-14 3.55271e-15 1.77636e-15
threshold=59.500000000000007 1.0000000180025095e-35 179.50000000000003 21.500000000000004 22.500000000000004 183.50000000000003 176.50000000000003 61.500000000000007 584903.82477000018 584903.82477000018 323630.9734190001 76948.369850000017 87.500000000000014 45.500000000000007
decision_type=2 2 2 2 2 2 2 2 2 2 2 2 2 2
left_child=1 3 -2 8 -5 6 12 -4 -1 -9 -11 -7 -6 -14
right_child=2 -3 7 4 5 11 -8 9 -10 10 -12 -13 13 -15
leaf_value=-0.081617113752489825 -0.081617113752489825 0.081617122772844997 0.038937042972787293 0.015180748827919753 -0.081617113752489853 -0.081617113752489825 0.052608674552667822 0.081617122772844997 -0.081617113752489825 0.081617122772844997 0.081617122772844997 -0.081617113752489825 -0.081617113752489812 -0.081617113752489798
leaf_weight=2241.5083408355713 0.6331944465637197 11.298174619674681 2.6172966957092276 3.3112194240093222 3.1659722328186017 47.236305713653564 2.3302608579397193 2214.4422254562378 3.545888900756835 64.022989511489868 9.4151455163955671 0.6331944465637197 3.6725277900695801 2.1528611183166504
leaf_count=17700 5 6 6 11 25 373 4 1176 28 34 5 5 29 17
internal_value=-5.20699e-08 -0.0805487 0.0815233 -0.0813427 -0.0714847 -0.0763329 -0.0539902 0.0815684 -0.0816171 0.0816171 0.0816171 -0.0816171 -0.0816171 -0.0816171
internal_weight=4609.99 2318.85 2291.13 2307.56 62.5023 59.1911 11.3216 2290.5 2245.05 2287.88 73.4381 47.8695 8.99136 5.82539
internal_count=19424 18198 1226 18192 464 453 75 1221 17728 1215 39 378 71 46
is_linear=0
shrinkage=0.05


Tree=6
num_leaves=15
num_cat=0
split_feature=2 5 1 2 2 1 1 2 1 1 1 2 1 1
split_gain=11159.4 110.064 6.21422 2.35182 9.78831 2.60436 12.2905 1.83314 9.09495e-13 9.09495e-13 9.09495e-13 2.84217e-14 1.42109e-14 1.42109e-14
threshold=59.500000000000007 1.0000000180025095e-35 179.50000000000003 21.500000000000004 22.500000000000004 183.50000000000003 176.50000000000003 61.500000000000007 223120.88964500002 584903.82477000018 530958.97707600018 317069.65089700004 71363.559276000015 590.50000000000011
decision_type=2 2 2 2 2 2 2 2 2 2 2 2 2 2
left_child=1 3 -2 8 -5 6 -6 -4 -1 10 -9 -11 13 -7
right_child=2 -3 7 4 5 12 -8 9 -10 11 -12 -13 -14 -15
leaf_value=-0.079139120942384886 -0.079139120942384886 0.079139119018176857 0.037170604277121093 0.014432505505312483 -0.079139120942384886 -0.079139120942384886 0.050419146223015104 0.079139119018176857 -0.079139120942384886 0.079139119018176857 0.079139119018176857 0.079139119018176857 -0.079139120942384886 -0.079139120942384886
leaf_weight=2085.1294266879559 0.62068507075309653 11.074969053268431 2.6049091368913642 3.30880382657051 8.8137280046939832 29.172198325395584 2.3103887140750876 2120.8565737009048 115.57156017422676 60.912329792976379 49.837360739707947 11.074969053268431 0.99309611320495506 16.758496910333633
leaf_count=16797 5 6 6 11 71 235 4 1149 931 33 27 6 8 135
internal_value=-7.34173e-08 -0.0781001 0.0790467 -0.0788699 -0.0692145 -0.0739825 -0.0522309 0.0790904 -0.0791391 0.0791391 0.0791391 0.0791391 -0.0791391 -0.0791391
internal_weight=4519.04 2273.13 2245.91 2262.06 61.3567 58.0479 11.1241 2245.29 2200.7 2242.68 2170.69 71.9873 46.9238 45.9307
internal_count=19424 18198 1226 18192 464 453 75 1221 17728 1215 1176 39 378 370
is_linear=0
shrinkage=0.05


Tree=7
num_leaves=13
num_cat=0
split_feature=2 5 1 2 2 1 1 2 1 1 9 9
split_gain=10310 101.685 5.74127 2.22649 9.15619 2.43593 11.3548 1.77621 9.09495e-13 1.42109e-14 1.42109e-14 1.42109e-14
threshold=59.500000000000007 1.0000000180025095e-35 179.50000000000003 21.500000000000004 22.500000000000004 183.50000000000003 176.50000000000003 61.500000000000007 373288.45787900005 71363.559276000015 0.63747139692971788 0.33902351039975215
decision_type=2 2 2 2 2 2 2 2 2 2 2 2
left_child=1 3 -2 8 -5 6 -6 -4 -1 10 11 -7
right_child=2 -3 7 4 5 9 -8 -9 -10 -11 -12 -13
leaf_value=-0.076921969849937072 -0.076921969849937072 0.07692197100766289 0.035501796357298526 0.013722145984712567 -0.076921969849937072 -0.076921969849937044 0.04836552614844529 0.07692197100766289 -0.076921969849937072 -0.076921969849937072 -0.076921969849937072 -0.076921969849937072
leaf_weight=2097.644571736455 0.60699246823787589 10.830649852752684 2.5913365334272376 3.3061565458774558 8.6192930489778501 14.810616225004198 2.2886202186346045 2193.2065951824188 54.507923647761345 0.97118794918060203 15.296210199594496 14.810616225004194
leaf_count=17279 5 6 6 11 71 122 4 1215 449 8 126 122
internal_value=-9.35017e-08 -0.0759087 0.0768306 -0.0766569 -0.067165 -0.0718735 -0.050635 0.0768731 -0.076922 -0.076922 -0.076922 -0.076922
internal_weight=4419.49 2223.09 2196.4 2212.26 60.1027 56.7965 10.9079 2195.8 2152.15 45.8886 44.9174 29.6212
internal_count=19424 18198 1226 18192 464 453 75 1221 17728 378 370 244
is_linear=0
shrinkage=0.05


Tree=8
num_leaves=15
num_cat=0
split_feature=2 5 1 2 2 1 1 2 1 1 1 1 9 9
split_gain=9546.3 94.1517 5.31608 2.11787 8.59486 2.28651 10.5142 1.73116 9.09495e-13 9.09495e-13 5.68434e-14 1.42109e-14 7.10543e-15 3.55271e-15
threshold=59.500000000000007 1.0000000180025095e-35 179.50000000000003 21.500000000000004 22.500000000000004 183.50000000000003 176.50000000000003 61.500000000000007 502589.84051850007 502589.84051850007 584903.82477000018 76948.369850000017 0.53987981417914577 0.48263968864766532
decision_type=2 2 2 2 2 2 2 2 2 2 2 2 2 2
left_child=1 3 -2 8 -5 6 -6 -4 -1 -9 -11 -7 13 -10
right_child=2 -3 7 4 5 11 -8 9 12 10 -12 -13 -14 -15
leaf_value=-0.074928716106307983 -0.074928716106307983 0.074928721003192506 0.033921699135838528 0.013047502311709081 -0.074928716106307983 -0.074928716106307983 0.046431829963312798 0.074928721003192506 -0.074928716106307969 0.074928721003192506 0.074928721003192506 -0.074928716106307983 -0.074928716106307983 -0.074928716106307844
leaf_weight=2077.5007333755493 0.59235308319330116 10.569437026977537 2.5768139511346808 3.3033237755298606 8.4114137813448888 44.189540006220341 2.2653319090604773 2006.4314622879028 11.01776734739542 65.178194999694824 68.701340675354004 0.59235308319330116 10.780826114118097 0.94776493310928422
leaf_count=17536 5 6 6 11 71 373 4 1139 93 37 39 5 91 8
internal_value=-1.14762e-07 -0.073938 0.074838 -0.0746668 -0.0653045 -0.0699715 -0.0491791 0.0748794 -0.0749287 0.0749287 0.0749287 -0.0749287 -0.0749287 -0.0749287
internal_weight=4313.06 2169.58 2143.48 2159.01 58.762 55.4586 10.6767 2142.89 2100.25 2140.31 133.88 44.7819 22.7464 11.9655
internal_count=19424 18198 1226 18192 464 453 75 1221 17728 1215 76 378 192 101
is_linear=0
shrinkage=0.05


Tree=9
num_leaves=15
num_cat=0
split_feature=2 5 1 2 2 1 1 2 1 1 1 2 1 9
split_gain=8856.8 87.35 4.93219 2.02335 8.0936 2.15328 9.75604 1.69572 9.09495e-13 9.09495e-13 9.09495e-13 2.84217e-14 3.55271e-15 3.55271e-15
threshold=59.500000000000007 1.0000000180025095e-35 179.50000000000003 21.500000000000004 22.500000000000004 183.50000000000003 176.50000000000003 61.500000000000007 560484.02121750009 486.50000000000006 560484.02121750009 323630.9734190001 151.50000000000003 0.92246052036402182
decision_type=2 2 2 2 2 2 2 2 2 2 2 2 2 2
left_child=1 3 -2 8 -5 6 12 -4 9 -1 -9 -12 -6 -10
right_child=2 -3 7 4 5 -7 -8 10 13 -11 11 -13 -14 -15
leaf_value=-0.07312910862309252 -0.07312910862309252 0.073129104595980307 0.032422660222014087 0.012406607491107918 -0.073129108623092534 -0.07312910862309252 0.044604600353277103 0.073129104595980307 -0.073129108623092534 -0.07312910862309252 0.073129104595980307 0.073129104595980307 -0.073129108623092479 -0.073129108623092284
leaf_weight=1072.9392654448748 0.57697314769029517 10.295011281967161 2.5615471154451361 3.3003454208374015 6.4620992541313154 43.619169965386391 2.2408530563116065 1995.5163534879684 8.8853864744305575 963.31436738371849 77.212584614753723 12.010846495628355 1.7309194430708883 0.57697314769029695
leaf_count=9298 5 6 6 11 56 378 4 1163 77 8348 45 7 15 5
internal_value=-1.40528e-07 -0.0721582 0.0730387 -0.0728694 -0.0636071 -0.0682483 -0.0478438 0.0730791 -0.0731291 -0.0731291 0.0731291 0.0731291 -0.0731291 -0.0731291
internal_weight=4201.24 2113.36 2087.88 2103.07 57.3534 54.053 10.4339 2087.3 2045.72 2036.25 2084.74 89.2234 8.19302 9.46236
internal_count=19424 18198 1226 18192 464 453 75 1221 17728 17646 1215 52 71 82
is_linear=0
shrinkage=0.05


Tree=10
num_leaves=15
num_cat=0
split_feature=2 5 1 2 2 1 1 2 1 1 1 1 9 1
split_gain=8231.87 81.1853 4.58425 1.94082 7.64369 2.03394 9.06968 1.66815 9.09495e-13 4.54747e-13 1.42109e-14 1.42109e-14 1.42109e-14 7.10543e-15
threshold=59.500000000000007 1.0000000180025095e-35 179.50000000000003 21.500000000000004 22.500000000000004 183.50000000000003 176.50000000000003 61.500000000000007 11293.978542000003 480276.80964400008 76948.369850000017 2416.7969755000008 0.57944380568795062 584903.82477000018
decision_type=2 2 2 2 2 2 2 2 2 2 2 2 2 2
left_child=1 3 -2 9 -5 6 -6 -4 -9 -1 11 -7 13 -11
right_child=2 -3 7 4 5 10 -8 8 -10 12 -12 -13 -14 -15
leaf_value=-0.071498056819398914 -0.071498056819398914 0.07149806163360653 0.030998049380952221 0.011797599235399081 -0.071498056819398914 -0.071498056819398914 0.042872457809553045 0.07149806163360653 0.07149806163360653 -0.071498056819398886 -0.071498056819398914 -0.071498056819398914 -0.071498056819398914 -0.071498056819398831
leaf_weight=1961.8186418116093 0.56103255599737067 10.010580539703367 2.5457162261009207 3.2972570061683646 7.966662295162676 34.896224983036518 2.2154713049530983 887.60480785369873 1139.5377514362335 14.92346598953009 0.56103255599737067 6.9568036943674079 10.996238097548483 1.458684645593167
leaf_count=17484 5 6 6 11 71 311 4 532 683 133 5 62 98 13
internal_value=-1.62405e-07 -0.0705446 0.0714078 -0.0712399 -0.0620509 -0.0666805 -0.0466128 0.0714473 0.0714981 -0.0714981 -0.0714981 -0.0714981 -0.0714981 -0.0714981
internal_weight=4085.35 2055.1 2030.25 2045.09 55.8935 52.5962 10.1821 2029.69 2027.14 1989.2 42.4141 41.853 27.3784 16.3822
internal_count=19424 18198 1226 18192 464 453 75 1221 1215 17728 378 373 244 146
is_linear=0
shrinkage=0.05


Tree=11
num_leaves=14
num_cat=0
split_feature=2 5 1 2 2 1 1 2 1 1 2 9 1
split_gain=7663.49 75.5784 4.2678 1.86858 7.238 1.9266 8.4463 1.64705 4.54747e-13 4.54747e-13 5.68434e-14 7.10543e-15 1.77636e-15
threshold=59.500000000000007 1.0000000180025095e-35 179.50000000000003 21.500000000000004 22.500000000000004 183.50000000000003 176.50000000000003 61.500000000000007 480276.80964400008 427146.75037550007 331677.09937750007 0.94242873540246985 156.50000000000003
decision_type=2 2 2 2 2 2 2 2 2 2 2 2 2
left_child=1 3 -2 8 -5 6 12 -4 -1 -9 -11 -10 -6
right_child=2 -3 7 4 5 -7 -8 9 11 10 -12 -13 -14
leaf_value=-0.070014655285498342 -0.070014655285498342 0.070014658461813817 0.029642108125068786 0.011218782085090209 -0.070014655285498356 -0.070014655285498342 0.041225745770807912 0.070014658461813817 -0.070014655285498328 0.070014658461813817 0.070014658461813817 -0.070014655285498342 -0.070014655285498301
leaf_weight=1904.6635438799858 0.54468758404254813 9.718935012817381 2.5294781178235999 3.2940889894962302 6.427313491702078 41.178381353616714 2.1894375085830688 1776.9452848434448 25.709253966808323 183.03994274139404 8.0991125106811506 0.87150013446807761 1.3072502017021177
leaf_count=17484 5 6 6 11 59 378 4 1097 236 113 5 8 12
internal_value=-1.88114e-07 -0.0690764 0.0699242 -0.0697572 -0.060618 -0.0652487 -0.0454727 0.0699628 -0.0700147 0.0700147 0.0700147 -0.0700147 -0.0700147
internal_weight=3966.52 1995.36 1971.16 1985.64 54.3965 51.1024 9.924 1970.61 1931.24 1968.08 191.139 26.5808 7.73456
internal_count=19424 18198 1226 18192 464 453 75 1221 17728 1215 118 244 71
is_linear=0
shrinkage=0.05


Tree=12
num_leaves=15
num_cat=0
split_feature=2 5 1 2 2 1 1 2 1 1 1 9 2 1
split_gain=7144.92 70.4629 3.97908 1.80527 6.87062 1.82971 7.87845 1.63129 4.54747e-13 4.54747e-13 4.54747e-13 4.54747e-13 2.27374e-13 1.42109e-14
threshold=59.500000000000007 1.0000000180025095e-35 179.50000000000003 21.500000000000004 22.500000000000004 183.50000000000003 176.50000000000003 61.500000000000007 530958.97707600018 560484.02121750009 145357.16080850005 0.58678572191841838 906.00000000000011 19705.518783500003
decision_type=2 2 2 2 2 2 2 2 2 2 2 2 2 2
left_child=1 3 -2 8 -5 6 -6 -4 11 10 -9 -1 -12 -7
right_child=2 -3 7 4 5 13 -8 9 -10 -11 12 -13 -14 -15
leaf_value=-0.068661266034669419 -0.068661266034669419 0.068661266221357029 0.028349820832839587 0.010668543880484271 -0.068661266034669419 -0.068661266034669419 0.039656209590988867 0.068661266221357029 -0.068661266034669419 0.068661266221357029 0.068661266221357029 -0.068661266034669419 0.068661266221357029 -0.068661266034669419
leaf_weight=1087.304327711463 0.52807398140430351 9.422496557235716 2.5129692554473868 3.2908684909343711 7.4986505359411222 36.753949105739594 2.1629695221781731 1174.6712374687195 14.25799749791622 81.661636829376221 64.387059807777405 770.77678325772285 587.33561873435974 3.1684438884258261
leaf_count=10295 5 6 6 11 71 348 4 748 135 52 41 7298 374 30
internal_value=-2.14198e-07 -0.0677364 0.0685703 -0.068404 -0.0592929 -0.0639362 -0.044412 0.0686082 -0.0686613 0.0686613 0.0686613 -0.0686613 0.0686613 -0.0686613
internal_weight=3845.73 1934.64 1911.1 1925.21 52.8749 49.584 9.66162 1910.57 1872.34 1908.06 1826.39 1858.08 651.723 39.9224
internal_count=19424 18198 1226 18192 464 453 75 1221 17728 1215 1163 17593 415 378
is_linear=0
shrinkage=0.05


Tree=13
num_leaves=12
num_cat=0
split_feature=2 5 2 2 2 1 1 1 1 1 1
split_gain=6670.44 65.7822 3.8177 1.74975 6.5366 1.74197 7.35977 4.54747e-13 4.54747e-13 1.42109e-14 1.77636e-15
threshold=59.500000000000007 1.0000000180025095e-35 61.500000000000007 21.500000000000004 22.500000000000004 183.50000000000003 176.50000000000003 398943.58635400009 291669.20205750008 427146.75037550007 65.500000000000014
decision_type=2 2 2 2 2 2 2 2 2 2 2
left_child=1 3 -2 7 -5 6 10 -1 -4 -9 -6
right_child=2 -3 8 4 5 -7 -8 9 -10 -11 -12
leaf_value=-0.06742295333649391 0.011044576158310507 0.067422956632969253 0.067422956632969253 0.010145393924872879 -0.067422953336493979 -0.06742295333649391 0.038156804074638569 -0.06742295333649391 0.067422956632969253 -0.06742295333649391 -0.067422953336493896
leaf_weight=1772.1975805610418 3.0076171830296508 9.1233594417572004 1473.4225498437881 3.2876184284687033 0.92035650461911966 38.654973194003105 2.1362561136484146 4.806306190788745 374.05773711204529 35.893903680145741 6.3402336984872818
leaf_count=17330 11 6 969 11 9 378 4 47 246 351 62
internal_value=-2.4011e-07 -0.0665097 0.0673313 -0.0671652 -0.0580625 -0.0627292 -0.0434207 -0.067423 0.067423 -0.067423 -0.067423
internal_weight=3723.85 1873.36 1850.49 1864.24 51.3394 48.0518 9.39685 1812.9 1847.48 40.7002 7.26059
internal_count=19424 18198 1226 18192 464 453 75 17728 1215 398 71
is_linear=0
shrinkage=0.05


Tree=14
num_leaves=15
num_cat=0
split_feature=2 5 2 2 2 9 9 9 1 1 1 1 1 1
split_gain=6235.1 61.4882 3.73197 1.7011 6.23181 1.69041 11.1183 0.0613267 0.0229558 0.227939 4.54747e-13 4.54747e-13 7.10543e-15 1.77636e-15
threshold=59.500000000000007 1.0000000180025095e-35 61.500000000000007 21.500000000000004 22.500000000000004 0.21562525791965045 0.21139337552368265 0.19518146394612088 183.50000000000003 166.50000000000003 373288.45787900005 1489.5925055000002 74253.492834500023 4979.4777895000016
decision_type=2 2 2 2 2 2 2 2 2 2 2 2 2 2
left_child=1 3 -2 10 -5 6 7 13 9 -7 -1 -4 -10 -6
right_child=2 -3 11 4 5 8 -8 -9 12 -11 -12 -13 -14 -15
leaf_value=-0.066286974021811995 0.010506660083803413 0.066286978423156465 0.066286978423156465 0.0096479420945714371 -0.066286974021812037 -0.066286974021811995 0.067148576986309341 -0.082680580734347378 -0.066286974021811981 -0.098080198798338417 -0.066286974021811995 0.066286978423156465 -0.066286974021811995 -0.066286974021811898
leaf_weight=1708.873621955514 3.0036246180534354 8.8233304023742658 198.52493405342102 3.2843588888645163 7.7141120731830544 5.2416402548551551 1.8542107194662101 0.61254391074180681 29.274066329002384 0.63169458508491505 44.405593857169151 1588.1994724273682 0.5933932363986959 0.59339323639869679
leaf_count=17279 11 6 135 11 78 53 2 6 296 6 449 1080 6 6
internal_value=-2.62202e-07 -0.0653838 0.0661934 -0.0660281 -0.0569156 -0.0616155 -0.0442552 -0.0674127 -0.0668489 -0.0697064 -0.066287 0.066287 -0.066287 -0.066287
internal_weight=3601.63 1811.9 1789.73 1803.08 49.7994 46.5151 10.7743 8.92005 35.7408 5.87333 1753.28 1786.72 29.8675 8.30751
internal_count=19424 18198 1226 18192 464 453 92 90 361 59 17728 1215 302 84
is_linear=0
shrinkage=0.05


Tree=15
num_leaves=15
num_cat=0
split_feature=2 5 2 2 2 9 9 9 1 1 1 1 0 2
split_gain=5834.79 57.5397 3.65605 1.65526 5.95434 1.59904 10.3742 0.054692 0.0200983 0.295931 4.21315e-06 9.09495e-13 4.54747e-13 2.84217e-14
threshold=59.500000000000007 1.0000000180025095e-35 61.500000000000007 21.500000000000004 22.500000000000004 0.21562525791965045 0.21139337552368265 0.19518146394612088 183.50000000000003 171.50000000000003 156.50000000000003 455579.22469500004 1.0000000180025095e-35 321204.07697650004
decision_type=2 2 2 2 2 2 2 2 2 2 2 2 2 2
left_child=1 3 -2 12 -5 6 7 -6 9 10 -7 -4 -1 -13
right_child=2 -3 11 4 5 8 -8 -9 -10 -11 -12 13 -14 -15
leaf_value=-0.065242366304766389 0.0099947172872135639 0.06524236655729683 0.06524236655729683 0.0091748648234905358 -0.065242366304766417 -0.065242366304766389 0.065156384467085229 -0.080956271802976001 -0.065242366304766389 -0.10830421281193769 -0.065107747282445685 0.06524236655729683 -0.065242366304766389 0.06524236655729683
leaf_weight=21.783874690532684 2.9997022375464431 8.5239615440368635 1584.0361869335175 3.2811070084571829 8.0256380438804573 4.5860788822174063 1.8163244351744658 0.59476264566183168 28.854079633951187 0.43140698969364155 0.66556003689765919 127.85942316055298 1672.0079258084297 14.206602573394774
leaf_count=228 11 6 1115 11 84 48 2 6 302 4 7 90 17500 10
internal_value=-2.79088e-07 -0.0643481 0.0651465 -0.0649822 -0.0558509 -0.0605949 -0.0434443 -0.0663265 -0.0657777 -0.0684955 -0.0652253 0.0652424 -0.0652424 0.0652424
internal_weight=3479.67 1750.57 1729.1 1742.05 48.255 44.9739 10.4367 8.6204 34.5371 5.68305 5.25164 1726.1 1693.79 142.066
internal_count=19424 18198 1226 18192 464 453 92 90 361 59 55 1215 17728 100
is_linear=0
shrinkage=0.05


Tree=16
num_leaves=15
num_cat=0
split_feature=2 5 1 2 2 1 1 2 1 11 1 9 9 1
split_gain=5465.86 53.9008 3.62771 1.61512 5.69946 1.51864 6.01937 1.46881 3.36689e-05 1.77075e-05 0.000107592 2.07547e-06 3.42459e-05 1.57078e-10
threshold=59.500000000000007 1.0000000180025095e-35 179.50000000000003 21.500000000000004 22.500000000000004 183.50000000000003 176.50000000000003 61.500000000000007 161.50000000000003 5.5000000000000009 1489.5925055000002 0.21562525791965045 0.19518146394612088 151.50000000000003
decision_type=2 2 2 2 2 2 2 2 2 2 2 2 2 2
left_child=1 3 -2 -1 -5 6 8 -4 13 11 -11 12 -7 -6
right_child=2 -3 7 4 5 9 -8 -9 -10 10 -12 -13 -14 -15
leaf_value=-0.064279660048032441 -0.067981338770402563 0.064279662328484616 0.025746834247697293 0.0087249299746578069 -0.064279660048032455 -0.064279660048032414 0.03401967977529146 0.064279662328484616 -0.063918771177750966 -0.064279660048032441 -0.064969726458247209 -0.064279660048032441 -0.063828462786106738 -0.064280487344866924
leaf_weight=1634.6991839408875 0.519062839448451 8.2265796661376935 2.4767964184284201 3.2778776884078971 5.1637609601020795 5.9014410972595241 2.0467092171311378 1665.8823823928833 0.72676381468772877 3.9650307372212401 0.6586925834417342 23.882394440472126 0.45281667262315739 0.64549079537391651
leaf_count=17728 5 6 6 11 56 64 4 1215 8 43 7 259 5 7
internal_value=-2.89636e-07 -0.063393 0.0641813 -0.0640177 -0.0548513 -0.0596483 -0.0408079 0.0642225 -0.0642396 -0.0642868 -0.064378 -0.0642729 -0.0642475 -0.0642798
internal_weight=3358.52 1689.65 1668.88 1681.42 46.721 43.4431 8.58272 1668.36 6.53602 34.8604 4.62372 30.2367 6.35426 5.80925
internal_count=19424 18198 1226 18192 464 453 75 1221 71 378 50 328 69 63
is_linear=0
shrinkage=0.05


Tree=17
num_leaves=15
num_cat=0
split_feature=2 5 2 2 2 9 9 9 1 1 1 11 1 1
split_gain=5125.21 50.5401 3.48259 1.58303 5.46312 1.48066 9.32475 0.0552582 0.019606 0.276326 2.79471e-06 1.51267e-09 1.34102e-08 6.48695e-10
threshold=59.500000000000007 1.0000000180025095e-35 61.500000000000007 21.500000000000004 22.500000000000004 0.21562525791965045 0.21139337552368265 0.19518146394612088 183.50000000000003 171.50000000000003 156.50000000000003 5.5000000000000009 1629.4654165000002 7020.0000000000009
decision_type=2 2 2 2 2 2 2 2 2 2 2 2 2 2
left_child=1 3 -2 -1 -5 6 7 13 9 10 -7 -10 -13 -6
right_child=2 -3 -4 4 5 8 -8 -9 11 -11 -12 12 -14 -15
leaf_value=-0.063390650048933614 0.0091281255075846956 0.063390648624512366 0.063390648624512366 0.008296983422117956 -0.063390772324093375 -0.063390649422252768 0.062811428856826876 -0.079684309491868346 -0.0633906500489336 -0.1056935760239337 -0.06327698342912845 -0.0633906500489336 -0.063381410693029938 -0.063388802766962196
leaf_weight=1576.2253804206848 2.9623959809541693 7.9323120117187491 1606.2931823730469 3.2746833562850943 7.0240558013319934 4.2677581161260596 1.751332767307759 0.55932484567165364 23.028112225234512 0.41882787644863118 0.61923927813768376 3.3786419481039043 0.44438097625970829 0.44452271610498417
leaf_count=17728 11 6 1215 11 79 48 2 6 259 4 7 38 5 5
internal_value=-3.20141e-07 -0.0625101 0.0632908 -0.0631261 -0.0539014 -0.0587583 -0.0417214 -0.0645259 -0.0639393 -0.0667167 -0.0633762 -0.0633905 -0.0633896 -0.0633907
internal_weight=3238.62 1629.37 1609.26 1621.44 45.2109 41.9362 9.77924 8.0279 32.157 5.30583 4.887 26.8511 3.82302 7.46858
internal_count=19424 18198 1226 18192 464 453 92 90 361 59 55 302 43 84
is_linear=0
shrinkage=0.05


Tree=18
num_leaves=15
num_cat=0
split_feature=2 5 2 2 2 9 9 9 1 1 1 11 1 1
split_gain=4810 47.4311 3.42969 1.55093 5.24693 1.40417 8.72627 0.0495695 0.0168505 0.231317 2.30685e-06 1.25041e-09 1.10854e-08 5.33225e-10
threshold=59.500000000000007 1.0000000180025095e-35 61.500000000000007 21.500000000000004 22.500000000000004 0.21562525791965045 0.21139337552368265 0.19518146394612088 183.50000000000003 171.50000000000003 156.50000000000003 5.5000000000000009 1629.4654165000002 7020.0000000000009
decision_type=2 2 2 2 2 2 2 2 2 2 2 2 2 2
left_child=1 3 -2 -1 -5 6 7 13 9 10 -7 -10 -13 -6
right_child=2 -3 -4 4 5 8 -8 -9 11 -11 -12 12 -14 -15
leaf_value=-0.062568157313620712 0.0086831056492846278 0.062568153984600985 0.062568153984600985 0.007889921011971425 -0.062568263491148593 -0.062568156296179553 0.061110512835826386 -0.078254705523129645 -0.062568157313620698 -0.10152285521759181 -0.062462939422392477 -0.062568157313620698 -0.062559598860101248 -0.062566444222256809
leaf_weight=1518.559534072876 2.9586107507348052 7.6421105861663809 1547.5273936986923 3.2715345323085776 6.767083600163458 4.1116231754422214 1.711101561784744 0.54151821881532658 22.185633987188343 0.41434450447559346 0.59651964902877797 3.2550351023674007 0.42811967432498921 0.42825921624898899
leaf_count=17728 11 6 1215 11 79 48 2 6 259 4 7 38 5 5
internal_value=-3.31808e-07 -0.061693 0.0624653 -0.0623009 -0.0530153 -0.0579425 -0.041068 -0.0636661 -0.0630868 -0.0657068 -0.0625548 -0.062568 -0.0625672 -0.0625682
internal_weight=3120.4 1569.91 1550.49 1562.27 43.7108 40.4392 9.44796 7.73686 30.9913 5.12249 4.70814 25.8688 3.68315 7.19534
internal_count=19424 18198 1226 18192 464 453 92 90 361 59 55 302 43 84
is_linear=0
shrinkage=0.05


Tree=19
num_leaves=15
num_cat=0
split_feature=2 5 2 2 2 1 1 11 9 1 9 9 1 1
split_gain=4517.88 44.5498 3.38226 1.52209 5.04714 1.34395 4.99621 6.72472e-05 0.000415926 5.35923e-05 4.63262e-06 7.80925e-05 9.18227e-09 6.45634e-10
threshold=59.500000000000007 1.0000000180025095e-35 61.500000000000007 21.500000000000004 22.500000000000004 183.50000000000003 176.50000000000003 5.5000000000000009 0.21943297836404529 161.50000000000003 0.21562525791965045 0.19518146394612088 1629.4654165000002 151.50000000000003
decision_type=2 2 2 2 2 2 2 2 2 2 2 2 2 2
left_child=1 3 -2 -1 -5 6 9 10 -9 13 11 -7 -10 -6
right_child=2 -3 -4 4 5 7 -8 8 12 -11 -12 -13 -14 -15
leaf_value=-0.061805886788224976 0.008259491064422711 0.061805885442380415 0.061805885442380415 0.0075027053955810776 -0.061805885222958594 -0.061805881603872459 0.03069223904340623 -0.063225441314294167 -0.061805886788224955 -0.061321497193834389 -0.061805886788224976 -0.061078004931588228 -0.06179794791101334 -0.061807658798677334
leaf_weight=1461.8602776527405 2.9549311548471442 7.3567728996276847 1489.7465121746063 3.2684401571750632 4.6177896037697783 5.2774742245674195 1.9498634636402128 0.60297057777643104 3.1335001438856129 0.64095640182495106 21.357277296483517 0.39615862071514119 0.4121313989162444 0.57727748155593861
leaf_count=17728 11 6 1215 11 56 64 4 7 38 8 259 5 5 7
internal_value=-3.44686e-07 -0.0609352 0.0616999 -0.0615355 -0.0521777 -0.0571837 -0.0386013 -0.061824 -0.0620114 -0.0617529 -0.0617952 -0.0617551 -0.061805 -0.0618061
internal_weight=3004.15 1511.45 1492.7 1504.09 42.2338 38.9654 7.78589 31.1795 4.1486 5.83602 27.0309 5.67363 3.54563 5.19507
internal_count=19424 18198 1226 18192 464 453 75 378 50 71 328 69 43 63
is_linear=0
shrinkage=0.05


Tree=20
num_leaves=15
num_cat=0
split_feature=2 5 1 2 2 2 9 9 9 1 1 9 1 11
split_gain=4246.69 41.8749 3.3474 1.50232 4.85888 1.37899 1.31081 7.89234 0.0752961 0.0164781 0.215893 1.04522e-05 1.51724e-06 2.95185e-08
threshold=59.500000000000007 1.0000000180025095e-35 179.50000000000003 21.500000000000004 22.500000000000004 61.500000000000007 0.21562525791965045 0.21139337552368265 0.19924007190499207 183.50000000000003 171.50000000000003 0.1821357717099254 156.50000000000003 5.5000000000000009
decision_type=2 2 2 2 2 2 2 2 2 2 2 2 2 2
left_child=1 3 -2 -1 -5 -4 7 8 11 10 12 13 -8 -6
right_child=2 -3 5 4 6 -7 9 -9 -10 -11 -12 -13 -14 -15
leaf_value=-0.061098301728890893 -0.067243305132366954 0.061098300153987532 0.023497890763346338 0.0071343636604730021 -0.061098426204427195 0.061098300153987532 -0.061098299966429716 0.059171128495811409 -0.084689607097126682 -0.061098179695581192 -0.099394976842440724 -0.060830956147807452 -0.061009624936227504 -0.061085481301797855
leaf_weight=1406.2589025497437 0.5087444931268682 7.0769605636596671 2.442615494132041 3.2654073536396018 5.9493550509214383 1433.0845141410828 3.8075598031282452 1.6453369334340093 0.3553790971636771 23.955731876194477 0.40167559683322895 0.39023170620203007 0.55236145108938206 0.47559457272291172
leaf_count=17728 5 6 6 11 75 1215 48 2 4 302 4 5 7 6
internal_value=-3.69241e-07 -0.0602305 0.0609889 -0.0608239 -0.0513655 0.0610343 -0.056455 -0.0395906 -0.0622522 -0.0616322 -0.0643186 -0.0610822 -0.0610871 -0.0610975
internal_weight=2890.17 1454.13 1436.04 1447.06 40.7986 1435.53 37.5332 8.8159 7.17056 28.7173 4.7616 6.81518 4.35992 6.42495
internal_count=19424 18198 1226 18192 464 1221 453 92 90 361 59 86 55 81
is_linear=0
shrinkage=0.05


Tree=21
num_leaves=15
num_cat=0
split_feature=2 5 2 2 2 1 1 11 1 1 9 9 9 1
split_gain=3994.65 39.3885 3.25947 1.47998 4.68653 1.24986 4.44103 9.51714e-05 0.00059227 5.06599e-05 4.69802e-06 8.03619e-05 2.69582e-08 7.24174e-10
threshold=59.500000000000007 1.0000000180025095e-35 61.500000000000007 21.500000000000004 22.500000000000004 183.50000000000003 176.50000000000003 5.5000000000000009 1489.5925055000002 161.50000000000003 0.21562525791965045 0.19518146394612088 0.21943297836404529 151.50000000000003
decision_type=2 2 2 2 2 2 2 2 2 2 2 2 2 2
left_child=1 3 -2 -1 -5 6 9 10 12 13 11 -7 -9 -6
right_child=2 -3 -4 4 5 7 -8 8 -10 -11 -12 -13 -14 -15
leaf_value=-0.060440513225362681 0.0075418425613557735 0.060440514568503391 0.060440514568503391 0.0067839679398991872 -0.060440512866884281 -0.060440601006769901 0.028715174130069805 -0.060426363832569586 -0.062191240092646462 -0.059949190925918244 -0.060440512205271371 -0.059668743681195381 -0.06044051220527135 -0.06044246612081583
leaf_weight=1351.86279296875 2.918209232389926 6.8032128810882559 1377.650608420372 3.2624423503875724 4.2703244611620894 4.8803971409797731 1.8880802541971204 0.38094062358140934 0.56531623005866993 0.58838956803083409 19.750253699719906 0.36225280165672291 2.8977206200361252 0.53385586291551579
leaf_count=17728 11 6 1215 11 56 64 4 5 7 8 259 5 38 7
internal_value=-3.90418e-07 -0.0595753 0.0603287 -0.0601622 -0.0506073 -0.0557914 -0.0372803 -0.060465 -0.0606966 -0.0603871 -0.0604293 -0.0603873 -0.0604389 -0.0604407
internal_weight=2778.61 1398.05 1380.57 1391.24 39.38 36.1175 7.28065 28.8369 3.84398 5.39257 24.9929 5.24265 3.27866 4.80418
internal_count=19424 18198 1226 18192 464 453 75 378 50 71 328 69 43 63
is_linear=0
shrinkage=0.05


Tree=22
num_leaves=15
num_cat=0
split_feature=2 5 2 2 2 9 9 9 1 1 9 1 11 11
split_gain=3759.96 37.0735 3.22539 1.46677 4.52261 1.22993 7.16274 0.0740642 0.0160682 0.200383 7.20737e-06 9.99872e-07 2.90014e-08 8.18429e-09
threshold=59.500000000000007 1.0000000180025095e-35 61.500000000000007 21.500000000000004 22.500000000000004 0.21562525791965045 0.21139337552368265 0.19924007190499207 183.50000000000003 171.50000000000003 0.1821357717099254 156.50000000000003 5.5000000000000009 5.5000000000000009
decision_type=2 2 2 2 2 2 2 2 2 2 2 2 2 2
left_child=1 3 -2 -1 -5 6 7 10 9 11 12 -7 -6 -10
right_child=2 -3 -4 4 5 8 -8 -9 13 -11 -12 -13 -14 -15
leaf_value=-0.059828177645703223 0.0071734556558714236 0.059828172526755201 0.059828172526755201 0.0064506365402922997 -0.059828351025813589 -0.059828174752622303 0.057423046084775123 -0.083919531871357866 -0.059828176646176456 -0.097377504306367213 -0.059597026392712818 -0.059753268007887932 -0.059814998530463195 -0.059825424443290302
leaf_weight=1298.7584638595581 2.9147586822509757 6.5359675884246817 1323.5334366559982 3.2595496773719779 5.4945866614580137 3.5164933651685741 1.5803155452013014 0.33564873039722432 18.974417664110664 0.38946983218193043 0.36023679375648487 0.51012073457241047 0.43916514515876759 3.1495990827679625
leaf_count=17728 11 6 1215 11 75 48 2 4 259 4 5 7 6 43
internal_value=-4.15482e-07 -0.058964 0.0597125 -0.0595448 -0.0498634 -0.0551456 -0.0382329 -0.0610346 -0.0603774 -0.0631311 -0.0598142 -0.0598187 -0.0598274 -0.0598278
internal_weight=2669.75 1343.3 1326.45 1336.77 38.0096 34.7501 8.20995 6.62964 26.5401 4.41608 6.29399 4.02661 5.93375 22.124
internal_count=19424 18198 1226 18192 464 453 92 90 361 59 86 55 81 302
is_linear=0
shrinkage=0.05


Tree=23
num_leaves=15
num_cat=1
split_feature=2 5 2 2 12 2 1 1 2 10 2 1 1 10
split_gain=3541.22 34.9162 3.19454 1.44966 4.48395 10.1728 3.07355 3.47982 1.38834 0.022644 0.0432177 0.00361683 0.0387721 0.000320793
threshold=59.500000000000007 1.0000000180025095e-35 61.500000000000007 21.500000000000004 0 22.500000000000004 188.50000000000003 176.50000000000003 22.500000000000004 22.500000000000004 45.500000000000007 183.50000000000003 166.50000000000003 20.500000000000004
decision_type=2 2 2 2 1 2 2 2 2 2 2 2 2 2
left_child=1 3 -2 -1 5 -5 7 -7 -6 11 -11 12 -10 -13
right_child=2 -3 -4 4 8 6 -8 -9 9 10 -12 13 -14 -15
leaf_value=-0.059257417426272718 0.0068227872362664511 0.059257418356787994 0.059257418356787994 0.075221175184874936 -0.11568546972990271 -0.059258067075352173 -0.059252237732911717 0.050606513001947656 -0.059258372377576252 -0.0591471432740866 -0.081738057238714842 -0.05924667894022842 -0.07596038054745069 -0.060025569243981794
leaf_weight=1247.0143346786499 2.9114263951778403 6.2755658626556388 1270.802087187767 2.0781468451023111 1.1785865128040338 1.3365530520677558 8.9297534301877004 1.564310759305954 3.2359385862946577 0.5576053187251081 0.34128043800592422 15.602071218192579 0.3892739564180373 1.4443160444498051
leaf_count=17728 11 6 1215 2 9 19 127 2 46 8 4 222 5 20
internal_value=-4.28672e-07 -0.0583942 0.0591376 -0.0589693 -0.0491693 -0.026805 -0.0447268 -1.28367e-05 -0.0628428 -0.0599555 -0.0677242 -0.0596177 -0.0610518 -0.0593127
internal_weight=2563.66 1289.95 1273.71 1283.67 36.6578 13.9088 11.8306 2.90086 22.7491 21.5705 0.898886 20.6716 3.62521 17.0464
internal_count=19424 18198 1226 18192 464 150 148 21 314 305 12 293 51 242
cat_boundaries=0 1
cat_threshold=2
is_linear=0
shrinkage=0.05


Tree=24
num_leaves=15
num_cat=1
split_feature=2 5 2 2 12 2 1 9 2 1 10 2 1 1
split_gain=3337.11 32.9031 3.16656 1.43096 4.23563 9.45421 2.91453 3.26345 1.08858 0.0441171 0.0200329 0.0378206 0.00323297 0.0343823
threshold=59.500000000000007 1.0000000180025095e-35 61.500000000000007 21.500000000000004 0 22.500000000000004 188.50000000000003 0.23445056193255559 22.500000000000004 133.50000000000003 22.500000000000004 45.500000000000007 183.50000000000003 166.50000000000003
decision_type=2 2 2 2 1 2 2 2 2 2 2 2 2 2
left_child=1 3 -2 -1 5 -5 7 -7 -6 -9 12 -12 13 -10
right_child=2 -3 -4 4 8 6 -8 9 10 -11 11 -13 -14 -15
leaf_value=-0.058724779434740575 0.0064889976232254554 0.058724782196517569 0.058724782196517569 0.072313698148236641 -0.10850967845187896 0.044674363041769499 -0.058719951953408456 -0.058724778730977346 -0.058725674079946069 -0.080320385828428958 -0.05862195481043872 -0.080124652291500092 -0.058777219724860344 -0.074730249443071814
leaf_weight=1196.6823143959045 2.9082120582461348 6.0222716331481925 1219.5100057125092 2.0542154312133798 1.19327509403229 1.6638199463486665 8.5692872479557973 0.81002819538116433 3.1053323969245024 0.33400704711675644 0.53504179045557876 0.33100650459527969 16.358990423381329 0.37622937560081471
leaf_count=17728 11 6 1215 2 9 5 127 12 46 4 8 4 242 5
internal_value=-4.09376e-07 -0.0578621 0.0586005 -0.058432 -0.0485149 -0.0264088 -0.0442338 -2.35785e-05 -0.0620726 -0.0650297 -0.0593966 -0.0668404 -0.0590717 -0.0604552
internal_weight=2460.45 1238.04 1222.42 1232.01 35.3312 13.4314 11.3771 2.80786 21.8999 1.14404 20.7066 0.866048 19.8406 3.48156
internal_count=19424 18198 1226 18192 464 150 148 21 314 16 305 12 293 51
cat_boundaries=0 1
cat_threshold=2
is_linear=0
shrinkage=0.05


Tree=25
num_leaves=15
num_cat=1
split_feature=2 5 2 2 2 9 9 9 9 1 1 1 12 1
split_gain=3146.41 31.0223 3.14113 1.4185 4.08143 5.28064 1.09461 6.11403 0.0503306 0.0126663 0.147886 2.61099e-05 1.94392e-05 4.11723e-06
threshold=59.500000000000007 1.0000000180025095e-35 61.500000000000007 21.500000000000004 22.500000000000004 0.82769200860483727 0.21562525791965045 0.21139337552368265 0.19924007190499207 183.50000000000003 171.50000000000003 196.50000000000003 0 142.50000000000003
decision_type=2 2 2 2 2 2 2 2 2 2 2 2 1 2
left_child=1 3 -2 -1 5 -5 7 8 11 10 13 12 -6 -8
right_child=2 -3 -4 4 6 -7 9 -9 -10 -11 -12 -13 -14 -15
leaf_value=-0.058227178914456779 0.006171295268337651 0.058227178968124349 0.058227178968124349 -0.10629223721695001 -0.058229022667431088 0.042195590606855515 -0.058223137818283727 0.054891177151211147 -0.078893569685253656 -0.058225231684726979 -0.091319878219094139 -0.058207774550206641 -0.058693220807114602 -0.058092328865594449
leaf_weight=1147.8004431724548 2.9051145091652861 5.7762751579284659 1169.6957194805145 0.79432012140750829 0.38853280991315842 2.4318473339080811 2.7830358296632802 1.4618040546774862 0.31194882467389096 19.549603186547756 0.37226930260658253 4.6533342562615871 0.53759514540434139 0.76742520183324803
leaf_count=17728 11 6 1215 6 6 5 43 2 4 302 4 72 8 12
internal_value=-4.04344e-07 -0.0573639 0.0580982 -0.0579288 -0.0478719 0.00563615 -0.053472 -0.0366381 -0.0593488 -0.0587455 -0.0613384 -0.058256 -0.0584985 -0.0581949
internal_weight=2360.23 1187.63 1172.6 1181.85 34.0517 3.22617 30.8255 7.35322 5.89141 23.4723 3.92273 5.57946 0.926128 3.55046
internal_count=19424 18198 1226 18192 464 11 453 92 90 361 59 86 14 55
cat_boundaries=0 1
cat_threshold=4
is_linear=0
shrinkage=0.05


Tree=26
num_leaves=15
num_cat=1
split_feature=2 5 2 2 2 9 1 1 11 9 9 1 12 9
split_gain=2968.08 29.2637 3.11796 1.40191 3.94753 4.76769 1.05304 3.37705 0.000142291 0.000867952 3.42906e-05 6.38203e-05 2.0015e-05 3.90207e-06
threshold=59.500000000000007 1.0000000180025095e-35 61.500000000000007 21.500000000000004 22.500000000000004 0.82769200860483727 183.50000000000003 176.50000000000003 5.5000000000000009 0.21943297836404529 0.15901763046747411 161.50000000000003 0 0.21562525791965045
decision_type=2 2 2 2 2 2 2 2 2 2 2 2 1 2
left_child=1 3 -2 -1 5 -5 7 10 13 -10 12 -12 -6 -8
right_child=2 -3 -4 4 6 -7 8 -9 9 -11 11 -13 -14 -15
leaf_value=-0.057761808295229804 0.0058689117295581076 0.057761810465153302 0.057761810465153302 -0.10067221504716402 -0.057763535353571573 0.040394278812839648 -0.057706297381508488 0.024947383025746093 -0.060075364139641853 -0.057759160238776398 -0.057746498340932907 -0.057028031850380717 -0.058258160009341031 -0.057760129510082782
leaf_weight=1100.3947415351868 2.9021321311593047 5.5377069711685172 1121.3856616616249 0.79664896428584997 0.37248654663562775 2.413741409778595 4.2580479457974496 1.7176473289728162 0.47672693431377355 2.668385673314333 3.2228925153613095 0.34187814220786084 0.45356761291623371 16.073757592588663
leaf_count=17728 11 6 1215 6 6 5 69 4 7 43 52 6 7 259
internal_value=-4.07112e-07 -0.0568979 0.0576279 -0.0574582 -0.0472713 0.00538904 -0.0529856 -0.0344925 -0.0577973 -0.0581102 -0.0577449 -0.0576776 -0.0580351 -0.0577489
internal_weight=2263.02 1138.73 1124.29 1133.19 32.7958 3.21039 29.5854 6.10847 23.4769 3.14511 4.39082 3.56477 0.826054 20.3318
internal_count=19424 18198 1226 18192 464 11 453 75 378 50 71 58 13 328
cat_boundaries=0 1
cat_threshold=4
is_linear=0
shrinkage=0.05


Tree=27
num_leaves=15
num_cat=1
split_feature=2 5 2 2 12 2 1 1 2 10 2 1 1 10
split_gain=2801.13 27.6171 3.09681 1.3934 3.89462 8.07818 2.59385 2.79963 0.755651 0.0175421 0.0315877 0.00278451 0.0290698 0.000307747
threshold=59.500000000000007 1.0000000180025095e-35 61.500000000000007 21.500000000000004 0 22.500000000000004 188.50000000000003 176.50000000000003 22.500000000000004 22.500000000000004 45.500000000000007 183.50000000000003 166.50000000000003 20.500000000000004
decision_type=2 2 2 2 1 2 2 2 2 2 2 2 2 2
left_child=1 3 -2 -1 5 -5 7 -7 -6 11 -11 12 -10 -13
right_child=2 -3 -4 4 8 6 -8 -9 9 10 -12 13 -14 -15
leaf_value=-0.057326176495419129 0.0055811310459927101 0.05732617813999883 0.05732617813999883 0.06753487006714641 -0.09905667410880703 -0.057479907375936334 -0.05732190386750028 0.047380990159103922 -0.057326736984318706 -0.057227723898135033 -0.077870018589287784 -0.05731630292178061 -0.072797350673127384 -0.058142849382798317
leaf_weight=1054.4803991317749 2.8992633521556845 5.3066443204879752 1074.5954748988152 1.9952048063278205 1.1942061185836816 1.1459153033792955 7.5506487004458904 1.4319060295820236 2.7362838834524221 0.47044585645198722 0.3057941198348999 13.190001010894774 0.3415471464395522 1.2312841489911068
leaf_count=17728 11 6 1215 2 9 19 127 2 46 8 4 222 5 20
internal_value=-4.27838e-07 -0.0564602 0.0571869 -0.0570162 -0.0466695 -0.0244228 -0.0425375 0.000767322 -0.0605225 -0.0580045 -0.0653596 -0.0576783 -0.0590435 -0.0573869
internal_weight=2168.88 1091.38 1077.49 1086.07 31.5932 12.1237 10.1285 2.57782 19.4696 18.2754 0.77624 17.4991 3.07783 14.4213
internal_count=19424 18198 1226 18192 464 150 148 21 314 305 12 293 51 242
cat_boundaries=0 1
cat_threshold=2
is_linear=0
shrinkage=0.05


Tree=28
num_leaves=15
num_cat=1
split_feature=2 5 1 2 12 2 1 1 2 2 10 2 1 1
split_gain=2644.76 26.0753 3.07992 1.36968 3.68993 7.53455 2.46544 2.62168 1.26731 0.606886 0.0154623 0.0275393 0.002477 0.0256459
threshold=59.500000000000007 1.0000000180025095e-35 179.50000000000003 21.500000000000004 0 22.500000000000004 188.50000000000003 176.50000000000003 61.500000000000007 22.500000000000004 22.500000000000004 45.500000000000007 183.50000000000003 166.50000000000003
decision_type=2 2 2 2 1 2 2 2 2 2 2 2 2 2
left_child=1 3 -2 -1 5 -5 7 -7 -4 -6 12 -12 13 -11
right_child=2 -3 8 4 9 6 -8 -9 -10 10 11 -13 -14 -15
leaf_value=-0.056918008258255118 -0.066874929694206803 0.056918008367581464 0.020490211016573077 0.065291667836622339 -0.094476079436535854 -0.057062279340806446 -0.056914005863687847 0.046219916214961937 0.056918008367581464 -0.056918529306402892 -0.056825846773090417 -0.076454687424303586 -0.05697579659353752 -0.071715303037692454
leaf_weight=1010.0634918212891 0.50337612628936668 5.0831172466278067 2.393129549920558 1.9614236354827888 1.1895967125892664 1.097803767770527 7.2325698174536228 1.3954174816608429 1029.331242442131 2.6210272833705015 0.45058648660778899 0.29612824693322182 13.814415026456116 0.32966734468936909
leaf_count=17728 5 6 6 2 9 19 127 2 1215 46 8 4 242 5
internal_value=-4.28252e-07 -0.0560514 0.0567732 -0.0566033 -0.0461444 -0.0241047 -0.0421335 0.000743173 0.0568335 -0.0599178 -0.0575702 -0.0646102 -0.0572567 -0.0585717
internal_weight=2077.76 1045.54 1032.23 1040.45 30.3886 11.6872 9.72579 2.49322 1031.72 18.7014 17.5118 0.746715 16.7651 2.95069
internal_count=19424 18198 1226 18192 464 150 148 21 1221 314 305 12 293 51
cat_boundaries=0 1
cat_threshold=2
is_linear=0
shrinkage=0.05


Tree=29
num_leaves=15
num_cat=1
split_feature=2 5 2 2 2 9 9 9 9 1 1 1 1 12
split_gain=2498.16 24.6297 3.02323 1.34436 3.53842 3.80777 0.980623 5.08072 0.0374289 0.0133455 0.195083 5.09271e-05 1.39823e-05 9.98842e-06
threshold=59.500000000000007 1.0000000180025095e-35 61.500000000000007 21.500000000000004 22.500000000000004 0.82769200860483727 0.21562525791965045 0.21139337552368265 0.19924007190499207 183.50000000000003 176.50000000000003 161.50000000000003 196.50000000000003 0
decision_type=2 2 2 2 2 2 2 2 2 2 2 2 2 1
left_child=1 3 -2 -1 5 -5 7 8 12 10 11 -8 13 -6
right_child=2 -3 -4 4 6 -7 9 -9 -10 -11 -12 -13 -14 -15
leaf_value=-0.056535242026931602 0.0050916627367496156 0.056535243976867246 0.056535243976867246 -0.09109417878837188 -0.05653667894861665 0.03677237117686679 -0.056517328840073704 0.052597965726864038 -0.075336968911291657 -0.056532556375768012 -0.10118912832350382 -0.055826354444458076 -0.056515538525053546 -0.056899013904977952
leaf_weight=967.14217042922974 2.8642367869615546 4.8671171665191642 985.59122622013092 0.77629514038563074 0.32738221809267998 2.3290681838989258 2.7760877013206517 1.3235911652445791 0.28109328076243389 16.469966482371092 0.2646706998348235 0.29500180110335339 3.9182453155517578 0.45392217114568012
leaf_count=17728 11 6 1215 6 6 5 51 2 4 302 2 6 72 8
internal_value=-4.39063e-07 -0.0556679 0.0563862 -0.056216 -0.0456488 0.00480762 -0.0516498 -0.0344748 -0.0576141 -0.0571167 -0.0600006 -0.056451 -0.0565541 -0.0567472
internal_weight=1989.68 1001.22 988.455 996.357 29.2153 3.10536 26.11 6.30423 4.98064 19.8057 3.33576 3.07109 4.69955 0.781304
internal_count=19424 18198 1226 18192 464 11 453 92 90 361 59 57 86 14
cat_boundaries=0 1
cat_threshold=4
is_linear=0
shrinkage=0.05


Tree=30
num_leaves=15
num_cat=1
split_feature=2 5 2 2 12 2 1 1 2 10 2 1 1 10
split_gain=2360.53 23.2726 3.00729 1.32878 3.43339 6.7705 2.24597 2.32263 0.472299 0.0119589 0.0207345 0.00175333 0.0182415 0.000329704
threshold=59.500000000000007 1.0000000180025095e-35 61.500000000000007 21.500000000000004 0 22.500000000000004 188.50000000000003 176.50000000000003 22.500000000000004 22.500000000000004 45.500000000000007 183.50000000000003 166.50000000000003 20.500000000000004
decision_type=2 2 2 2 1 2 2 2 2 2 2 2 2 2
left_child=1 3 -2 -1 5 -5 7 -7 -6 11 -11 12 -10 -13
right_child=2 -3 -4 4 8 6 -8 -9 9 10 -12 13 -14 -15
leaf_value=-0.056176021804430182 0.0048416031841922481 0.056176020370954649 0.056176020370954649 0.062434640592607428 -0.089699642032188914 -0.056303724404434513 -0.056172515532752536 0.04451804191058592 -0.056176471043905024 -0.056084904181886379 -0.073727781136831635 -0.056166750898812401 -0.069094031510636325 -0.05707654622548311
leaf_weight=925.70784950256348 2.8616289198398581 4.6586000919342032 943.36651861667633 1.9064756333827979 1.1688972413539911 1.0064367279410344 6.6285057812929153 1.3209938257932663 2.402129773050548 0.41217793524265367 0.27942615747451782 11.576882429420946 0.30838680267333973 1.0895306132733811
leaf_count=17728 11 6 1215 2 9 19 127 2 46 8 4 222 5 20
internal_value=-4.51704e-07 -0.0553064 0.0560208 -0.0558509 -0.0451394 -0.0231227 -0.0413355 0.000920295 -0.0590135 -0.0567813 -0.0632131 -0.056492 -0.0576462 -0.056245
internal_weight=1904.69 958.466 946.228 953.808 28.0998 10.8624 8.95594 2.32743 17.2374 16.0685 0.691604 15.3769 2.71052 12.6664
internal_count=19424 18198 1226 18192 464 150 148 21 314 305 12 293 51 242
cat_boundaries=0 1
cat_threshold=2
is_linear=0
shrinkage=0.05


Tree=31
num_leaves=15
num_cat=1
split_feature=2 5 2 2 2 9 9 9 9 1 1 1 1 12
split_gain=2231.3 21.9986 2.99263 1.30278 3.28888 3.28871 0.913334 4.57195 0.0284113 0.0117517 0.158341 4.0484e-05 1.02201e-05 7.20074e-06
threshold=59.500000000000007 1.0000000180025095e-35 61.500000000000007 21.500000000000004 22.500000000000004 0.82769200860483727 0.21562525791965045 0.21139337552368265 0.19924007190499207 183.50000000000003 176.50000000000003 161.50000000000003 196.50000000000003 0
decision_type=2 2 2 2 2 2 2 2 2 2 2 2 2 1
left_child=1 3 -2 -1 5 -5 7 8 12 10 11 -8 13 -6
right_child=2 -3 -4 4 6 -7 9 -9 -10 -11 -12 -13 -14 -15
leaf_value=-0.055838644299617539 0.004603649796755897 0.055838641129340241 0.055838641129340241 -0.086158724966913861 -0.055839916210055955 0.034487638172292133 -0.055820964657316174 0.051074316917363076 -0.072725333078626997 -0.055835783414857315 -0.096372029635854575 -0.055174707968257991 -0.055819810198198518 -0.056161327008725108
leaf_weight=885.74613189697266 2.8591282442212096 4.4574937820434561 902.64249086380005 0.75197278708219828 0.29983027279376984 2.2700033187866211 2.5415958575904405 1.2502724155783651 0.2649031989276408 15.082633413374422 0.2624157816171645 0.26787443086504925 3.5875174663960934 0.41608507186174648
leaf_count=17728 11 6 1215 6 6 5 51 2 4 302 2 6 72 8
internal_value=-4.60822e-07 -0.0549677 0.0556769 -0.0555089 -0.0446885 0.00446663 -0.0508848 -0.0336461 -0.0568325 -0.0564099 -0.0592287 -0.0557593 -0.0558542 -0.0560267
internal_weight=1822.7 917.199 905.502 912.741 26.9951 3.02198 23.9731 5.81861 4.56834 18.1545 3.07189 2.80947 4.30343 0.715915
internal_count=19424 18198 1226 18192 464 11 453 92 90 361 59 57 86 14
cat_boundaries=0 1
cat_threshold=4
is_linear=0
shrinkage=0.05


Tree=32
num_leaves=15
num_cat=1
split_feature=2 5 2 2 12 2 1 1 2 10 2 1 1 10
split_gain=2109.82 20.8009 2.97913 1.28746 3.20491 6.09893 2.05026 2.06074 0.376206 0.0091795 0.0155286 0.00122221 0.0129007 0.000392713
threshold=59.500000000000007 1.0000000180025095e-35 61.500000000000007 21.500000000000004 0 22.500000000000004 188.50000000000003 176.50000000000003 22.500000000000004 22.500000000000004 45.500000000000007 183.50000000000003 166.50000000000003 20.500000000000004
decision_type=2 2 2 2 1 2 2 2 2 2 2 2 2 2
left_child=1 3 -2 -1 5 -5 7 -7 -6 11 -11 12 -10 -13
right_child=2 -3 -4 4 8 6 -8 -9 9 10 -12 13 -14 -15
leaf_value=-0.055521556917874207 0.0043772349487477781 0.055521556347152494 0.055521556347152494 0.059902811780320434 -0.085900673042749079 -0.055634864848061773 -0.055518479354159461 0.042920555353919448 -0.055521955226526878 -0.055433547465152055 -0.071269575588172637 -0.055512825694635573 -0.06678748372822782 -0.056547235356720162
leaf_weight=847.23773336410522 2.8567318692803374 4.2637013196945182 863.39951723814011 1.8483727276325232 1.1398033276200301 0.92138228192925287 6.0665990151464939 1.2499167323112488 2.1985089257359482 0.37658694759011346 0.26285438984632492 10.594150494784115 0.28733924776315678 1.0045558437705029
leaf_count=17728 11 6 1215 2 9 19 127 2 46 8 4 222 5 20
internal_value=-4.77067e-07 -0.0546476 0.0553529 -0.0551855 -0.0442153 -0.0221786 -0.0405956 0.00109895 -0.0582264 -0.0560841 -0.0619432 -0.055818 -0.0568241 -0.0556024
internal_weight=1743.71 877.452 866.256 873.188 25.9501 10.0863 8.2379 2.1713 15.8638 14.724 0.639441 14.0846 2.48585 11.5987
internal_count=19424 18198 1226 18192 464 150 148 21 314 305 12 293 51 242
cat_boundaries=0 1
cat_threshold=2
is_linear=0
shrinkage=0.05


Tree=33
num_leaves=15
num_cat=1
split_feature=2 5 2 2 2 9 9 9 9 1 1 1 1 12
split_gain=1995.6 19.6752 2.96667 1.26126 3.05471 2.86478 0.85305 4.12214 0.0214503 0.0104706 0.130683 3.16726e-05 7.48237e-06 5.20646e-06
threshold=59.500000000000007 1.0000000180025095e-35 61.500000000000007 21.500000000000004 22.500000000000004 0.82769200860483727 0.21562525791965045 0.21139337552368265 0.19924007190499207 183.50000000000003 176.50000000000003 161.50000000000003 196.50000000000003 0
decision_type=2 2 2 2 2 2 2 2 2 2 2 2 2 1
left_child=1 3 -2 -1 5 -5 7 8 12 10 11 -8 13 -6
right_child=2 -3 -4 4 6 -7 9 -9 -10 -11 -12 -13 -14 -15
leaf_value=-0.055223347449945163 0.0041618037899983796 0.055223346314150761 0.055223346314150761 -0.08235499993491896 -0.055224474048103205 0.032421346181322912 -0.05520626533047826 0.049655404169373613 -0.070371814369593153 -0.055220382739413112 -0.092450774948087122 -0.054606486531242074 -0.055205504733868219 -0.055510194103195257
leaf_weight=810.15927505493164 2.8544365987181655 4.0771050453186026 825.61377167701721 0.72123900055885615 0.2742445133626461 2.2080705761909485 2.3239873796701467 1.1805572658777235 0.24889267608523358 13.794396787881849 0.25844670832157124 0.24313896149396885 3.2805289104580879 0.38087692856788935
leaf_count=17728 11 6 1215 6 6 5 51 2 4 302 2 6 72 8
internal_value=-4.89214e-07 -0.0543476 0.0550474 -0.0548826 -0.0438018 0.00416173 -0.0501925 -0.0328577 -0.0561366 -0.0557884 -0.0585613 -0.0551495 -0.0552363 -0.0553906
internal_weight=1667.62 839.151 828.468 835.074 24.9144 2.92931 21.9851 5.3651 4.18454 16.62 2.82557 2.56713 3.93565 0.655121
internal_count=19424 18198 1226 18192 464 11 453 92 90 361 59 57 86 14
cat_boundaries=0 1
cat_threshold=4
is_linear=0
shrinkage=0.05


Tree=34
num_leaves=15
num_cat=1
split_feature=2 5 2 2 12 2 1 1 2 10 2 9 9 10
split_gain=1888.1 18.6153 2.95515 1.24657 3.00075 5.50558 1.87534 1.83079 0.305998 0.00699811 0.0115814 0.000839541 0.0108385 0.00121414
threshold=59.500000000000007 1.0000000180025095e-35 61.500000000000007 21.500000000000004 0 22.500000000000004 188.50000000000003 176.50000000000003 22.500000000000004 22.500000000000004 45.500000000000007 0.35873538909192204 0.35171219482503063 20.500000000000004
decision_type=2 2 2 2 1 2 2 2 2 2 2 2 2 2
left_child=1 3 -2 -1 5 -5 7 -7 -6 11 -11 12 13 -10
right_child=2 -3 -4 4 8 6 -8 -9 9 10 -12 -13 -14 -15
leaf_value=-0.054942717549836484 0.0039568415599073687 0.054942714041838273 0.054942714041838273 0.057636473963648141 -0.082838688183518625 -0.055043472148720574 -0.054940011646218159 0.041411941828990981 -0.054910141264129769 -0.054859069913137284 -0.069060784563865996 -0.054930797326045382 -0.065824893606434953 -0.057949933980265683
leaf_weight=774.48394393920898 2.8522391989827147 3.897569775581359 789.25787955522537 1.7885075062513349 1.1047655716538436 0.84247342124581348 5.545633353292942 1.1824159622192383 3.8183396719396088 0.34370652213692743 0.24651921540498734 8.4543986432254297 0.2532212659716605 0.35940844938158978
leaf_count=17728 11 6 1215 2 9 19 127 2 88 8 4 194 4 7
internal_value=-5.14316e-07 -0.0540633 0.0547591 -0.0545954 -0.0433581 -0.0212629 -0.0399026 0.0012808 -0.0575408 -0.0554668 -0.0607907 -0.055223 -0.0557805 -0.0551717
internal_weight=1594.43 802.321 792.11 798.423 23.9394 9.35903 7.57052 2.02489 14.5804 13.4756 0.590226 12.8854 4.43097 4.17775
internal_count=19424 18198 1226 18192 464 150 148 21 314 305 12 293 99 95
cat_boundaries=0 1
cat_threshold=2
is_linear=0
shrinkage=0.05


Tree=35
num_leaves=15
num_cat=1
split_feature=2 5 2 2 12 2 1 1 2 10 2 1 1 10
split_gain=1786.9 17.618 2.94447 1.22062 2.85516 5.15469 1.78864 1.71695 0.253073 0.00610791 0.0100124 0.000734509 0.00787906 0.00039814
threshold=59.500000000000007 1.0000000180025095e-35 61.500000000000007 21.500000000000004 0 22.500000000000004 188.50000000000003 176.50000000000003 22.500000000000004 22.500000000000004 45.500000000000007 183.50000000000003 166.50000000000003 20.500000000000004
decision_type=2 2 2 2 1 2 2 2 2 2 2 2 2 2
left_child=1 3 -2 -1 5 -5 7 -7 -6 11 -11 12 -10 -13
right_child=2 -3 -4 4 8 6 -8 -9 9 10 -12 13 -14 -15
leaf_value=-0.054678474024731263 0.0037618449508600091 0.054678478317118244 0.054678478317118244 0.056050916850449745 -0.080349524733674127 -0.054773454192640264 -0.054675927314773554 0.0403796500955316 -0.054677813673404685 -0.054599798116128299 -0.068070480407768919 -0.054670410831193852 -0.063989496739490975 -0.055780237079462114
leaf_weight=740.18208718299866 2.8501364514231673 3.7249463796615592 754.30164188146591 1.7481758743524549 1.0825999751687057 0.80523611232638326 5.3000037372112274 1.1527730077505112 1.9203679971396899 0.32845698297023851 0.23782119899988174 9.2536456249654258 0.25765331462025631 0.88542406633496362
leaf_count=17728 11 6 1215 2 9 19 127 2 46 8 4 222 5 20
internal_value=-5.28021e-07 -0.0537967 0.0544868 -0.0543262 -0.0429755 -0.0210247 -0.0395893 0.0012477 -0.0571308 -0.0551797 -0.0602571 -0.0549463 -0.0557794 -0.0547673
internal_weight=1524.03 766.879 757.152 763.154 22.9722 9.00619 7.25801 1.95801 13.966 12.8834 0.566278 12.3171 2.17802 10.1391
internal_count=19424 18198 1226 18192 464 150 148 21 314 305 12 293 51 242
cat_boundaries=0 1
cat_threshold=2
is_linear=0
shrinkage=0.05


Tree=36
num_leaves=15
num_cat=1
split_feature=2 5 2 2 2 9 9 9 1 1 1 1 12 1
split_gain=1691.57 16.6785 2.93456 1.19441 2.72296 0.782512 3.56989 0.0139461 0.0100863 0.112696 2.06747e-05 4.77424e-06 3.22714e-06 7.84887e-07
threshold=59.500000000000007 1.0000000180025095e-35 61.500000000000007 21.500000000000004 22.500000000000004 0.21562525791965045 0.21139337552368265 0.19924007190499207 183.50000000000003 176.50000000000003 161.50000000000003 196.50000000000003 0 142.50000000000003
decision_type=2 2 2 2 2 2 2 2 2 2 2 2 1 2
left_child=1 3 -2 -1 -5 6 7 11 9 10 13 12 -6 -7
right_child=2 -3 -4 4 5 8 -8 -9 -10 -11 -12 -13 -14 -15
leaf_value=-0.054429530264014925 0.0035763390545860809 0.054429528690719577 0.054429528690719577 0.0037812529617565699 -0.054430631964401392 -0.054425636256420121 0.048102998490351087 -0.067260261492899973 -0.054426196890579016 -0.08973004187512823 -0.053891874536551622 -0.054412437359488676 -0.054671333519176128 -0.054339551558795066
leaf_weight=707.22174048423767 2.8481252565979949 3.559074640274047 720.71261465549469 2.7661327496171024 0.2394072413444519 1.7141137756407263 1.083137013018131 0.22604820504784573 12.039429452270268 0.25045616924762715 0.21063357405364502 2.8621662668883801 0.33285899460316049 0.31316146254539479
leaf_count=17728 11 6 1215 11 6 43 2 4 302 2 6 72 8 8
internal_value=-5.47556e-07 -0.0535454 0.0542294 -0.0540723 -0.0426092 -0.0492679 -0.0316358 -0.0552306 -0.0550251 -0.057923 -0.0543634 -0.0544388 -0.0545706 -0.0544123
internal_weight=1456.38 732.818 723.561 729.259 22.0375 19.2714 4.74362 3.66048 14.5278 2.48836 2.23791 3.43443 0.572266 2.02728
internal_count=19424 18198 1226 18192 464 453 92 90 361 59 57 86 14 51
cat_boundaries=0 1
cat_threshold=4
is_linear=0
shrinkage=0.05


Tree=37
num_leaves=15
num_cat=1
split_feature=2 5 2 2 12 2 1 1 2 10 2 9 9 10
split_gain=1601.65 15.7916 2.92534 1.19724 2.7265 4.73666 1.64026 1.52734 0.215703 0.0046188 0.0074344 0.000602572 0.00641902 0.00119007
threshold=59.500000000000007 1.0000000180025095e-35 61.500000000000007 21.500000000000004 0 22.500000000000004 188.50000000000003 176.50000000000003 22.500000000000004 22.500000000000004 45.500000000000007 0.35873538909192204 0.35171219482503063 20.500000000000004
decision_type=2 2 2 2 1 2 2 2 2 2 2 2 2 2
left_child=1 3 -2 -1 5 -5 7 -7 -6 11 -11 12 13 -10
right_child=2 -3 -4 4 8 6 -8 -9 9 10 -12 -13 -14 -15
leaf_value=-0.05419487621752056 0.0033998820839552337 0.054194878548695972 0.054194878548695972 0.05444631908446862 -0.078214448893052027 -0.054279557635550771 -0.054192635470902611 0.038965646965998545 -0.054166663589555568 -0.0541210990826963 -0.066194570327240285 -0.054184279064409618 -0.063118819293378023 -0.057350464598555355
leaf_weight=675.56922245025635 2.8462020903825751 3.3997839689254752 688.45625370740891 1.7048258781433103 1.0597129613161094 0.73510095104575124 4.837343156337738 1.0908465087413788 3.329274728894231 0.29937773197889406 0.22209049388766289 7.3731423020362854 0.22666297107934941 0.32188741117715824
leaf_count=17728 11 6 1215 2 9 19 127 2 88 8 4 194 4 7
internal_value=-5.61918e-07 -0.0533032 0.0539857 -0.0538277 -0.0421279 -0.0199235 -0.0389513 0.00142643 -0.0566078 -0.0546629 -0.0592631 -0.0544496 -0.0549542 -0.0544473
internal_weight=1391.47 700.169 691.302 696.769 21.2003 8.36812 6.66329 1.82595 12.8321 11.7724 0.521468 11.251 3.87783 3.65116
internal_count=19424 18198 1226 18192 464 150 148 21 314 305 12 293 99 95
cat_boundaries=0 1
cat_threshold=2
is_linear=0
shrinkage=0.05


Tree=38
num_leaves=15
num_cat=1
split_feature=2 5 2 2 12 2 1 2 2 1 10 2 9 9
split_gain=1516.92 14.9567 2.91674 1.17175 2.59802 4.43837 1.56651 1.49768 0.179465 0.0486506 0.00401892 0.00641392 0.00052412 0.00554477
threshold=59.500000000000007 1.0000000180025095e-35 61.500000000000007 21.500000000000004 0 22.500000000000004 188.50000000000003 43.500000000000007 22.500000000000004 142.50000000000003 22.500000000000004 45.500000000000007 0.35873538909192204 0.35171219482503063
decision_type=2 2 2 2 1 2 2 2 2 2 2 2 2 2
left_child=1 3 -2 -1 5 -5 7 9 -6 -7 12 -12 13 -10
right_child=2 -3 -4 4 8 6 -8 -9 10 -11 11 -13 -14 -15
leaf_value=-0.053973590771499713 0.0032320264643443657 0.053973588019631272 0.053973588019631272 0.053018113413393866 -0.076185979784610447 -0.05406109084170288 -0.053971470934518095 0.033377353382741698 -0.05421478164878335 -0.084431321726529826 -0.05390407859209867 -0.065351580408013268 -0.053963603067458343 -0.062436012512629702
leaf_weight=645.18939876556396 2.8443640246987334 3.2468984127044669 657.49692857265472 1.6642505228519437 1.0341781601309783 0.37020374834537495 4.6198019534349442 1.1912988834083078 3.4876136798411577 0.20482329651713371 0.2858944348990925 0.21391494199633598 7.0415051467716694 0.21790660172700871
leaf_count=17728 11 6 1215 2 9 10 127 8 95 3 8 4 194 4
internal_value=-5.85407e-07 -0.0530789 0.053755 -0.0536012 -0.0417826 -0.0197068 -0.0386591 0.00139005 -0.0562536 -0.0648789 -0.0544207 -0.0588035 -0.0542169 -0.0546982
internal_weight=1329.11 668.768 660.341 665.521 20.3314 8.05038 6.38613 1.76633 12.281 0.575027 11.2468 0.499809 10.747 3.70552
internal_count=19424 18198 1226 18192 464 150 148 21 314 13 305 12 293 99
cat_boundaries=0 1
cat_threshold=2
is_linear=0
shrinkage=0.05


Tree=39
num_leaves=15
num_cat=2
split_feature=2 5 2 2 12 2 1 1 2 10 12 9 9 10
split_gain=1436.95 14.1686 2.90872 1.15552 2.48824 4.15145 1.5087 1.39735 0.149673 0.00349334 0.00724392 0.000457031 0.00478668 0.000907581
threshold=59.500000000000007 1.0000000180025095e-35 61.500000000000007 21.500000000000004 0 22.500000000000004 188.50000000000003 176.50000000000003 22.500000000000004 22.500000000000004 1 0.35873538909192204 0.35171219482503063 20.500000000000004
decision_type=2 2 2 2 1 2 2 2 2 2 1 2 2 2
left_child=1 3 -2 -1 5 -5 7 -7 -6 11 -11 12 13 -10
right_child=2 -3 -4 4 8 6 -8 -9 9 10 -12 -13 -14 -15
leaf_value=-0.053764805795475691 0.00307237510959474 0.053764808561929583 0.053764808561929583 0.051652566115863108 -0.07434800138185188 -0.053968775376714462 -0.053762808459378024 0.037859755196017038 -0.053738764612506533 -0.05359411290468509 -0.066290379071458336 -0.053755391426062553 -0.061790097929894518 -0.056641387947598799
leaf_weight=616.04614448547363 2.8426077067852011 3.1002355813980094 627.79770523309708 1.6238689869642255 1.0074349045753503 0.68786140903830495 4.4111160971224308 1.0415973514318466 3.0350766275078032 0.29889063537120819 0.18000875040888864 6.7233744729310274 0.20939098298549641 0.29552716389298428
leaf_count=17728 11 6 1215 2 9 19 127 2 88 9 3 194 4 7
internal_value=-6.10423e-07 -0.0528652 0.0535363 -0.0533854 -0.0414066 -0.0194432 -0.0382444 0.00133659 -0.0559204 -0.0541923 -0.0583664 -0.0539975 -0.0544573 -0.0539963
internal_weight=1269.3 638.661 630.64 635.56 19.5141 7.76444 6.14057 1.72946 11.7497 10.7423 0.478899 10.2634 3.53999 3.3306
internal_count=19424 18198 1226 18192 464 150 148 21 314 305 12 293 99 95
cat_boundaries=0 1 2
cat_threshold=2 4
is_linear=0
shrinkage=0.05


Tree=40
num_leaves=15
num_cat=2
split_feature=2 5 2 2 12 2 1 2 2 1 10 12 9 9
split_gain=1361.51 13.4253 2.9012 1.1299 2.374 3.89252 1.442 1.37178 0.125114 0.0456608 0.00301604 0.00619372 0.000397121 0.00413222
threshold=59.500000000000007 1.0000000180025095e-35 61.500000000000007 21.500000000000004 0 22.500000000000004 188.50000000000003 43.500000000000007 22.500000000000004 142.50000000000003 22.500000000000004 1 0.35873538909192204 0.35171219482503063
decision_type=2 2 2 2 1 2 2 2 2 2 2 1 2 2
left_child=1 3 -2 -1 5 -5 7 9 -6 -7 12 -12 13 -10
right_child=2 -3 -4 4 8 6 -8 -9 10 -11 11 -13 -14 -15
leaf_value=-0.053567732006286367 0.0029205228356869884 0.053567735301190113 0.053567735301190113 0.050342495898392403 -0.072676537033021391 -0.053645331254528472 -0.053565850642182611 0.032302002054508776 -0.053788846905436921 -0.083951574797073672 -0.053406684838296983 -0.065385980256289639 -0.053558864894264452 -0.061178988516185265
leaf_weight=588.10254216194153 2.8409302160143843 2.9596102237701407 599.32107031345367 1.5838449001312254 0.97977562248707073 0.33746642619371403 4.2110215425491333 1.1391850858926771 3.1800786405801742 0.19674373790621758 0.28528612107038498 0.1735377963632353 6.4183459375053644 0.20111799612641323
leaf_count=17728 11 6 1215 2 9 10 127 8 95 3 9 3 194 4
internal_value=-6.36286e-07 -0.0526648 0.0533288 -0.0531829 -0.0410854 -0.0192354 -0.0379629 0.00130126 -0.0556058 -0.0648068 -0.0539754 -0.0579375 -0.0537899 -0.0542284
internal_weight=1211.93 609.769 602.162 606.809 18.7064 7.46826 5.88442 1.6734 11.2381 0.53421 10.2584 0.458824 9.79954 3.3812
internal_count=19424 18198 1226 18192 464 150 148 21 314 13 305 12 293 99
cat_boundaries=0 1 2
cat_threshold=2 4
is_linear=0
shrinkage=0.05


Tree=41
num_leaves=15
num_cat=2
split_feature=2 5 2 2 12 2 1 1 2 10 12 9 9 10
split_gain=1290.25 12.723 2.89415 1.11354 2.27673 3.64243 1.38993 1.28147 0.104792 0.00260245 0.005296 0.000345886 0.0035653 0.000690525
threshold=59.500000000000007 1.0000000180025095e-35 61.500000000000007 21.500000000000004 0 22.500000000000004 188.50000000000003 176.50000000000003 22.500000000000004 22.500000000000004 1 0.35873538909192204 0.35171219482503063 20.500000000000004
decision_type=2 2 2 2 1 2 2 2 2 2 1 2 2 2
left_child=1 3 -2 -1 5 -5 7 -7 -6 11 -11 12 13 -10
right_child=2 -3 -4 4 8 6 -8 -9 9 10 -12 -13 -14 -15
leaf_value=-0.053381647741163975 0.0027761017952003205 0.053381649056205821 0.053381649056205821 0.049081654643499117 -0.071151494919780664 -0.053702051678375141 -0.053379870026336942 0.036816484308664355 -0.053357665121357339 -0.053229634267330177 -0.064535411311643975 -0.053373277377051803 -0.060600721222853718 -0.056002459439876487
leaf_weight=561.32127809524536 2.83932851999998 2.8248342275619498 572.02893108129501 1.5443167909979818 0.95145530998707073 0.64405885897576787 4.0192508120089769 0.9951062947511673 2.7647334095090601 0.27225237898528576 0.16719461418688375 6.1260118782520294 0.19308861158788193 0.2709841951727866
leaf_count=17728 11 6 1215 2 9 19 127 2 88 9 3 194 4 7
internal_value=-6.67627e-07 -0.0524734 0.0531317 -0.0529896 -0.0407301 -0.018979 -0.0375543 0.00125005 -0.0553096 -0.0537707 -0.0575311 -0.053594 -0.0540128 -0.0535938
internal_weight=1156.96 582.095 574.868 579.27 17.9485 7.20273 5.65842 1.63917 10.7457 9.79427 0.439447 9.35482 3.22881 3.03572
internal_count=19424 18198 1226 18192 464 150 148 21 314 305 12 293 99 95
cat_boundaries=0 1 2
cat_threshold=2 4
is_linear=0
shrinkage=0.05


Tree=42
num_leaves=15
num_cat=2
split_feature=2 5 2 2 12 2 1 2 2 1 10 12 9 9
split_gain=1222.96 12.0601 2.88753 1.0882 2.17491 3.41685 1.32946 1.25897 0.0879338 0.0425539 0.00224507 0.00452874 0.00030027 0.00307622
threshold=59.500000000000007 1.0000000180025095e-35 61.500000000000007 21.500000000000004 0 22.500000000000004 188.50000000000003 43.500000000000007 22.500000000000004 142.50000000000003 22.500000000000004 1 0.35873538909192204 0.35171219482503063
decision_type=2 2 2 2 1 2 2 2 2 2 2 1 2 2
left_child=1 3 -2 -1 5 -5 7 9 -6 -7 12 -12 13 -10
right_child=2 -3 -4 4 8 6 -8 -9 10 -11 11 -13 -14 -15
leaf_value=-0.053205864940084918 0.0026387576543586665 0.053205862710698749 0.053205862710698749 0.047864602853158349 -0.069755884256407538 -0.053274362306947542 -0.0532041852876943 0.031285357119259637 -0.053408383116670934 -0.083407726120737741 -0.053062319746329981 -0.063735280090469082 -0.053197965519434599 -0.060053442178142881
leaf_weight=535.6647744178772 2.8377994000911704 2.6957187652587882 545.88304996490479 1.5054011717438696 0.9226959645748164 0.30735352635383595 3.8355352059006691 1.089797433465719 2.8974325209856002 0.18933470360934734 0.25977041572332382 0.16098629683256227 5.8459608238190413 0.18530298396944989
leaf_count=17728 11 6 1215 2 9 10 127 8 95 3 9 3 194 4
internal_value=-6.98778e-07 -0.052294 0.0529443 -0.0528084 -0.0404289 -0.0187779 -0.0372809 0.00121568 -0.05503 -0.064761 -0.0535767 -0.0571459 -0.0534085 -0.0538078
internal_weight=1104.28 555.56 548.721 552.864 17.1996 6.92742 5.42202 1.58649 10.2721 0.496688 9.34945 0.420757 8.9287 3.08274
internal_count=19424 18198 1226 18192 464 150 148 21 314 13 305 12 293 99
cat_boundaries=0 1 2
cat_threshold=2 4
is_linear=0
shrinkage=0.05


Tree=43
num_leaves=15
num_cat=2
split_feature=2 5 2 2 12 2 1 1 2 10 12 9 9 10
split_gain=1159.35 11.4333 2.88128 1.07206 2.08852 3.19814 1.28241 1.17791 0.0739092 0.00193583 0.003873 0.000261247 0.00265292 0.000524218
threshold=59.500000000000007 1.0000000180025095e-35 61.500000000000007 21.500000000000004 0 22.500000000000004 188.50000000000003 176.50000000000003 22.500000000000004 22.500000000000004 1 0.35873538909192204 0.35171219482503063 20.500000000000004
decision_type=2 2 2 2 1 2 2 2 2 2 1 2 2 2
left_child=1 3 -2 -1 5 -5 7 -7 -6 11 -11 12 13 -10
right_child=2 -3 -4 4 8 6 -8 -9 9 10 -12 -13 -14 -15
leaf_value=-0.053039748653370994 0.0025081428745455997 0.053039751920264659 0.053039751920264659 0.046686584474626536 -0.068475280546198308 -0.053472972482894433 -0.053038165049325098 0.035831536084888864 -0.053017704571258595 -0.052904154093297386 -0.062982396238748739 -0.053032294805744729 -0.059535416893458183 -0.055426250055338612
leaf_weight=511.09558534622192 2.8363401070237151 2.5720748305320731 520.84515318274498 1.4671952351927755 0.89369006454944866 0.60349078848957993 3.6596057675778866 0.95123755931854248 2.5167355649173233 0.24782134406268597 0.15491896681487638 5.5777826737612486 0.17776050232350815 0.24819255061447609
leaf_count=17728 11 6 1215 2 9 19 127 2 88 9 3 194 4 7
internal_value=-7.31897e-07 -0.0521221 0.0527661 -0.0526348 -0.0400901 -0.0185267 -0.0368762 0.00116667 -0.0547665 -0.0533935 -0.0567809 -0.0532334 -0.0536146 -0.0532339
internal_weight=1053.85 530.166 523.681 527.594 16.4984 6.68153 5.21433 1.55473 9.8169 8.92321 0.40274 8.52047 2.94269 2.76493
internal_count=19424 18198 1226 18192 464 150 148 21 314 305 12 293 99 95
cat_boundaries=0 1 2
cat_threshold=2 4
is_linear=0
shrinkage=0.05


Tree=44
num_leaves=15
num_cat=2
split_feature=2 5 2 2 12 2 1 2 2 1 10 12 9 9
split_gain=1099.25 10.8413 2.87539 1.04736 1.99751 3.00103 1.22744 1.15764 0.0622191 0.0498838 0.00166894 0.00331259 0.000226603 0.00228797
threshold=59.500000000000007 1.0000000180025095e-35 61.500000000000007 21.500000000000004 0 22.500000000000004 188.50000000000003 43.500000000000007 22.500000000000004 151.50000000000003 22.500000000000004 1 0.35873538909192204 0.35171219482503063
decision_type=2 2 2 2 1 2 2 2 2 2 2 1 2 2
left_child=1 3 -2 -1 5 -5 7 9 -6 -7 12 -12 13 -10
right_child=2 -3 -4 4 8 6 -8 -9 10 -11 11 -13 -14 -15
leaf_value=-0.052882723650439056 0.0023839352585367183 0.052882726385907297 0.052882726385907297 0.045543452251173594 -0.06729728970007369 -0.05291265122270853 -0.052881224086668469 0.030323850415215726 -0.053068053779618846 -0.087557534107209123 -0.05275458985630184 -0.062273775233718465 -0.05287568164656823 -0.059045020252160754
leaf_weight=487.57626509666443 2.8349478989839545 2.4537144899368277 496.87718421220779 1.4297789335250852 0.8646043986082067 0.30453277751803387 3.4911948144435883 1.0430089719593523 2.6380925141274898 0.15770893916487694 0.23638640344142914 0.14899776875972826 5.3210689462721348 0.17045983113348473
leaf_count=17728 11 6 1215 2 9 11 127 8 95 2 9 3 194 4
internal_value=-7.67824e-07 -0.051961 0.0525962 -0.0524721 -0.0398048 -0.0183305 -0.0366086 0.00113324 -0.0545175 -0.0647329 -0.0532199 -0.0564349 -0.0530675 -0.0534308
internal_weight=1005.55 505.836 499.712 503.382 15.8058 6.42622 4.99645 1.50525 9.37961 0.462242 8.51501 0.385384 8.12962 2.80855
internal_count=19424 18198 1226 18192 464 150 148 21 314 13 305 12 293 99
cat_boundaries=0 1 2
cat_threshold=2 4
is_linear=0
shrinkage=0.05


Tree=45
num_leaves=15
num_cat=2
split_feature=2 5 2 2 12 2 9 9 2 1 1 10 12 9
split_gain=1042.4 10.2811 2.8698 1.03198 1.92082 2.80907 1.19083 1.97881 0.0524504 0.0153814 0.0448121 0.00143826 0.00283363 0.000196961
threshold=59.500000000000007 1.0000000180025095e-35 61.500000000000007 21.500000000000004 0 22.500000000000004 0.21943297836404529 0.21139337552368265 22.500000000000004 188.50000000000003 151.50000000000003 22.500000000000004 1 0.35873538909192204
decision_type=2 2 2 2 1 2 2 2 2 2 2 2 1 2
left_child=1 3 -2 -1 5 -5 7 -7 -6 10 -8 13 -13 -10
right_child=2 -3 -4 4 8 6 9 -9 11 -11 -12 12 -14 -15
leaf_value=-0.05273423726685901 0.0022658293800540082 0.052734240611003971 0.052734240611003971 0.044431566466224565 -0.066211260847959461 -0.052878043828899379 -0.053182473564592936 0.056190786555906494 -0.053257437057547902 -0.052734205437883042 -0.084763058233605804 -0.052613115797115556 -0.061606611202629474 -0.052727583180240171
leaf_weight=465.06983017921448 2.8336198404431334 2.3404514193534842 473.94141241908073 1.3932176008820532 0.8355826810002317 0.89354432187974431 0.40918217413127456 0.77788043022155762 2.680053072050212 2.570866335183382 0.15483552776277065 0.22544705867767334 0.14322696439921845 5.075414752587676
leaf_count=17728 11 6 1215 2 9 33 14 1 99 98 2 9 3 194
internal_value=-8.04432e-07 -0.0518063 0.0524343 -0.0523158 -0.0394777 -0.0180812 -0.0362019 -0.00211745 -0.0542826 -0.0543747 -0.0618521 -0.0530557 -0.056107 -0.0529107
internal_weight=959.345 482.57 476.775 480.229 15.1593 6.19953 4.80631 1.67142 8.95972 3.13488 0.564018 8.12414 0.368674 7.75547
internal_count=19424 18198 1226 18192 464 150 148 34 314 114 16 305 12 293
cat_boundaries=0 1 2
cat_threshold=2 4
is_linear=0
shrinkage=0.05


Tree=46
num_leaves=15
num_cat=2
split_feature=2 5 2 2 12 2 9 9 2 1 1 10 12 9
split_gain=988.657 9.752 2.8645 1.00117 1.83239 2.64201 1.12801 1.87381 0.0442664 0.0131281 0.0372797 0.00123838 0.00242428 0.000173029
threshold=59.500000000000007 1.0000000180025095e-35 61.500000000000007 21.500000000000004 0 22.500000000000004 0.21943297836404529 0.21139337552368265 22.500000000000004 188.50000000000003 151.50000000000003 22.500000000000004 1 0.35873538909192204
decision_type=2 2 2 2 1 2 2 2 2 2 2 2 1 2
left_child=1 3 -2 -1 5 -5 7 -7 -6 10 -8 13 -13 -10
right_child=2 -3 -4 4 8 6 9 -9 11 -11 -12 12 -14 -15
leaf_value=-0.052593786998702131 0.0021535253412939943 0.052593785729117541 0.052593785729117541 0.043347765186034261 -0.06520794072062068 -0.052730124404907389 -0.053018186015707458 0.055852514305949369 -0.05309596977538461 -0.052593753605772911 -0.082224993370197771 -0.05247925319759511 -0.060978300932270392 -0.052587496966003615
leaf_weight=443.5396603345871 2.8323532342910758 2.2321014404296866 452.00054168701172 1.3575627803802488 0.80674846470355799 0.85228973999619462 0.39040172845125232 0.74431073665618896 2.5569022037088871 2.451849453151226 0.15171319246292114 0.21498507261276245 0.13760989531874646 4.8404198009520769
leaf_count=17728 11 6 1215 2 9 33 14 1 99 98 2 9 3 194
internal_value=-8.20225e-07 -0.051663 0.0522797 -0.0521711 -0.0392445 -0.0179296 -0.0360511 -0.00211056 -0.0540616 -0.0541506 -0.0611918 -0.0529012 -0.0557962 -0.0527633
internal_weight=915.109 460.277 454.833 458.044 14.5048 5.94813 4.59056 1.5966 8.55667 2.99396 0.542115 7.74992 0.352595 7.39732
internal_count=19424 18198 1226 18192 464 150 148 34 314 114 16 305 12 293
cat_boundaries=0 1 2
cat_threshold=2 4
is_linear=0
shrinkage=0.05


Tree=47
num_leaves=15
num_cat=2
split_feature=2 5 2 2 12 2 1 1 2 10 12 9 9 10
split_gain=937.814 9.25142 2.85946 0.971089 1.74867 2.48556 1.07321 0.968564 0.0374042 0.00106607 0.00207437 0.00015189 0.00151905 0.000302874
threshold=59.500000000000007 1.0000000180025095e-35 61.500000000000007 21.500000000000004 0 22.500000000000004 188.50000000000003 176.50000000000003 22.500000000000004 22.500000000000004 1 0.35873538909192204 0.35171219482503063 20.500000000000004
decision_type=2 2 2 2 1 2 2 2 2 2 1 2 2 2
left_child=1 3 -2 -1 5 -5 7 -7 -6 11 -11 12 13 -10
right_child=2 -3 -4 4 8 6 -8 -9 9 10 -12 -13 -14 -15
leaf_value=-0.052460893602210658 0.0020467465856608721 0.052460893122359513 0.052460893122359513 0.042289273853562598 -0.064279270688526166 -0.052946318872657154 -0.052459462624224254 0.034144602412336217 -0.052440213862306753 -0.052352559245526689 -0.06038638864190056 -0.052454951030639234 -0.057797461374440688 -0.054442232594620069
leaf_weight=422.94972968101501 2.8311456292867652 2.1284832358360282 431.01785525679588 1.3228551000356672 0.77820718288421442 0.51470581255853154 3.0282541122287512 0.84065920114517212 2.0801276862621316 0.20498251914978027 0.13214910961687554 4.6156905572861433 0.15114803053438652 0.20778586715459813
leaf_count=17728 11 6 1215 2 9 19 127 2 88 9 3 194 4 7
internal_value=-8.34764e-07 -0.0515272 0.0521319 -0.0520339 -0.0390187 -0.0177808 -0.0359083 0.00107144 -0.0538526 -0.0527549 -0.0555017 -0.0526236 -0.0529428 -0.052622
internal_weight=872.804 438.955 433.849 436.826 13.8766 5.70647 4.38362 1.35537 8.17009 7.39188 0.337132 7.05475 2.43906 2.28791
internal_count=19424 18198 1226 18192 464 150 148 21 314 305 12 293 99 95
cat_boundaries=0 1 2
cat_threshold=2 4
is_linear=0
shrinkage=0.05


Tree=48
num_leaves=15
num_cat=2
split_feature=2 5 2 2 12 2 9 9 2 1 1 10 12 9
split_gain=889.681 8.77738 2.85465 0.948865 1.67624 2.3334 1.04737 1.70055 0.0316468 0.0125764 0.033799 0.000918271 0.00177526 0.000131566
threshold=59.500000000000007 1.0000000180025095e-35 61.500000000000007 21.500000000000004 0 22.500000000000004 0.21943297836404529 0.21139337552368265 22.500000000000004 188.50000000000003 151.50000000000003 22.500000000000004 1 0.35873538909192204
decision_type=2 2 2 2 1 2 2 2 2 2 2 2 1 2
left_child=1 3 -2 -1 5 -5 7 -7 -6 10 -8 13 -13 -10
right_child=2 -3 -4 4 8 6 9 -9 11 -11 -12 12 -14 -15
leaf_value=-0.052335122228427226 0.001945216931780389 0.052335124217002371 0.052335124217002371 0.04125368947299806 -0.063418197086822392 -0.052457783337436274 -0.052715641462696805 0.055348813075759763 -0.052794384141925221 -0.052335094501143778 -0.08113992062104354 -0.052232620755120564 -0.059828598975408112 -0.05232949834218234
leaf_weight=403.26467275619507 2.8299944475293151 2.02941870689392 410.95728814601898 1.2891244590282438 0.75004842132329752 0.77512834593653657 0.35519807785749469 0.69268834590911865 2.3264610599726439 2.2292155101895332 0.14822795614600182 0.19542182981967926 0.12684635445475567 4.4008404836058617
leaf_count=17728 11 6 1215 2 9 33 14 1 99 98 2 9 3 194
internal_value=-8.77241e-07 -0.0513965 0.0519905 -0.0519019 -0.0387563 -0.0175895 -0.0356485 -0.00158197 -0.053654 -0.053947 -0.0610848 -0.0526152 -0.0552224 -0.0524903
internal_weight=832.371 418.583 413.787 416.554 13.2892 5.48958 4.20046 1.46782 7.79962 2.73264 0.503426 7.04957 0.322268 6.7273
internal_count=19424 18198 1226 18192 464 150 148 34 314 114 16 305 12 293
cat_boundaries=0 1 2
cat_threshold=2 4
is_linear=0
shrinkage=0.05


Tree=49
num_leaves=15
num_cat=2
split_feature=2 5 2 2 12 2 9 9 2 1 1 10 12 9
split_gain=844.132 8.32897 2.85004 0.92031 1.60106 2.19604 0.992383 1.61132 0.0267986 0.0107257 0.0281536 0.000790268 0.00151952 0.00011531
threshold=59.500000000000007 1.0000000180025095e-35 61.500000000000007 21.500000000000004 0 22.500000000000004 0.21943297836404529 0.21139337552368265 22.500000000000004 188.50000000000003 151.50000000000003 22.500000000000004 1 0.35873538909192204
decision_type=2 2 2 2 1 2 2 2 2 2 2 2 1 2
left_child=1 3 -2 -1 5 -5 7 -7 -6 10 -8 13 -13 -10
right_child=2 -3 -4 4 8 6 9 -9 11 -11 -12 12 -14 -15
leaf_value=-0.05221605645338892 0.001848696806631577 0.052216054730700547 0.052216054730700547 0.040238918143577392 -0.062618528691801525 -0.052332408733369522 -0.052576590633802017 0.055060804826945565 -0.052656428109128961 -0.052216034665053104 -0.078912899338844253 -0.052119049432411191 -0.05930279697175727 -0.052210734644954376
leaf_weight=384.44985055923462 2.8288972824811927 1.9347335100173939 391.78353577852249 1.2563924491405485 0.72234751284122278 0.73904669657349564 0.33874587155878577 0.66226482391357422 2.2186497198417783 2.1252083908766508 0.1448755469173193 0.18628583662211895 0.12170268036425103 4.1954908212646842
leaf_count=17728 11 6 1215 2 9 33 14 1 99 98 2 9 3 194
internal_value=-8.98491e-07 -0.0512743 0.051855 -0.0517784 -0.0385416 -0.0174437 -0.0355159 -0.00157799 -0.0534671 -0.0537454 -0.060466 -0.0524837 -0.0549577 -0.0523649
internal_weight=793.708 399.096 394.612 397.161 12.711 5.26653 4.01014 1.40131 7.44448 2.60883 0.483621 6.72213 0.307989 6.41414
internal_count=19424 18198 1226 18192 464 150 148 34 314 114 16 305 12 293
cat_boundaries=0 1 2
cat_threshold=2 4
is_linear=0
shrinkage=0.05


Tree=50
num_leaves=15
num_cat=2
split_feature=2 5 2 2 2 9 9 1 1 9 12 2 1 12
split_gain=801.004 7.90439 2.84562 0.892558 1.53008 0.525256 1.94212 0.00417304 0.028951 0.00166363 1.15062e-05 2.6569e-05 7.45023e-06 1.66047e-05
threshold=59.500000000000007 1.0000000180025095e-35 61.500000000000007 21.500000000000004 22.500000000000004 0.21562525791965045 0.21139337552368265 183.50000000000003 176.50000000000003 0.19924007190499207 0 43.500000000000007 196.50000000000003 1
decision_type=2 2 2 2 2 2 2 2 2 2 1 2 2 1
left_child=1 3 -2 -1 -5 6 9 8 10 12 11 -7 13 -6
right_child=2 -3 -4 4 5 7 -8 -9 -10 -11 -12 -13 -14 -15
leaf_value=-0.052103312095838773 0.0017569264255798405 0.05210331095109734 0.05210331095109734 0.0026287082028941529 -0.05286488427924381 -0.052034968502889405 0.045086254381339438 -0.052099538892726963 -0.07267682730691491 -0.057944911923351272 -0.052060718881455782 -0.052934139651709747 -0.052089843525624784 -0.052096356038171157
leaf_weight=366.47135055065155 2.8278516456484786 1.8442572355270375 373.46209019422531 1.9198402985930432 0.10665585845708847 0.19946561008691788 0.69293660670518864 6.2317488547414541 0.20105034112930287 0.13239632733166207 0.84782420285046078 0.13968757912516594 1.4790246002376077 0.20609009452164029
leaf_count=17728 11 6 1215 11 4 10 2 302 2 4 42 5 72 10
internal_value=-9.17516e-07 -0.0511582 0.051725 -0.0516612 -0.0383323 -0.0460142 -0.0266886 -0.0526518 -0.0551311 -0.0525364 -0.0521592 -0.0524053 -0.0521367 -0.0523584
internal_weight=756.762 380.472 376.29 378.628 12.1567 10.2369 2.6171 7.61978 1.38803 1.92417 1.18698 0.339153 1.79177 0.312746
internal_count=19424 18198 1226 18192 464 453 92 361 59 90 57 15 86 14
cat_boundaries=0 1 2
cat_threshold=2 2
is_linear=0
shrinkage=0.05


Tree=51
num_leaves=15
num_cat=2
split_feature=2 5 2 2 12 10 10 2 2 10 10 12 9 9
split_gain=760.089 7.50095 2.84137 0.897565 1.53203 2.03847 3.30892 0.311409 0.0233171 0.0152022 0.00058322 0.00111579 9.82205e-05 0.000801572
threshold=59.500000000000007 1.0000000180025095e-35 61.500000000000007 21.500000000000004 0 10.500000000000002 9.5000000000000018 23.500000000000004 22.500000000000004 8.5000000000000018 22.500000000000004 1 0.35873538909192204 0.35171219482503063
decision_type=2 2 2 2 1 2 2 2 2 2 2 1 2 2
left_child=1 3 -2 -1 5 6 9 -7 -6 -5 12 -12 13 -10
right_child=2 -3 -4 4 8 7 -8 -9 10 -11 11 -13 -14 -15
leaf_value=-0.051996528836381221 0.0016696840601199037 0.05199652874910661 0.05199652874910661 -0.052028092119977554 -0.061905103597311065 -0.11725016422116293 0.050043768141327383 -0.052078304514986129 -0.052164840181506689 -0.066445655126438616 -0.051909425617498041 -0.058341997163790453 -0.051991775096111831 -0.05626447348969215
leaf_weight=349.2961517572403 2.8268554434180251 1.7578235864639271 355.95927625894547 1.0524852285161612 0.69630395621061136 0.20811696536838997 1.8623561300337315 1.5368457883596418 1.8937311358749869 0.22127588652074348 0.16920924745500088 0.11206045001745213 3.8118399316444993 0.12724336050450791
leaf_count=17728 11 6 1215 53 9 6 9 76 95 6 9 3 194 4
internal_value=-9.37338e-07 -0.0510387 0.0516 -0.0515404 -0.0379128 -0.0165333 0.00756914 -0.0598512 -0.0532357 -0.0545327 -0.0522484 -0.0544722 -0.0521412 -0.052423
internal_weight=721.532 362.745 358.786 360.988 11.6915 4.88108 3.13612 1.74496 6.81039 1.27376 6.11408 0.28127 5.83281 2.02097
internal_count=19424 18198 1226 18192 464 150 68 82 314 59 305 12 293 99
cat_boundaries=0 1 2
cat_threshold=2 4
is_linear=0
shrinkage=0.05


Tree=52
num_leaves=15
num_cat=2
split_feature=2 5 2 2 12 10 10 2 2 10 10 12 9 9
split_gain=721.389 7.11994 2.83726 0.874728 1.468 1.93045 3.10632 0.276153 0.0197864 0.0132172 0.00050199 0.000955558 8.52299e-05 0.000690207
threshold=59.500000000000007 1.0000000180025095e-35 61.500000000000007 21.500000000000004 0 10.500000000000002 9.5000000000000018 23.500000000000004 22.500000000000004 8.5000000000000018 22.500000000000004 1 0.35873538909192204 0.35171219482503063
decision_type=2 2 2 2 1 2 2 2 2 2 2 1 2 2
left_child=1 3 -2 -1 5 6 9 -7 -6 -5 12 -12 13 -10
right_child=2 -3 -4 4 8 7 -8 -9 10 -11 11 -13 -14 -15
leaf_value=-0.051895368542257542 0.0015867473096494906 0.051895367086813332 0.051895367086813332 -0.051925337020249589 -0.061210329714616242 -0.11417864973991519 0.04903147689975032 -0.051972964295334018 -0.052056522584413026 -0.065639194513114382 -0.051812874678031889 -0.057900611637874549 -0.051890867404347146 -0.055946703750288866
leaf_weight=332.89209175109863 2.8259063586592665 1.6752705574035633 339.2422878742218 1.0030860640108583 0.66967163607477953 0.20315979979932297 1.8071800339967012 1.4647811036556957 1.8050263877958057 0.21300469897687446 0.16124917939305305 0.1073872074484824 3.6328073395416141 0.12170771695673455
leaf_count=17728 11 6 1215 53 9 6 9 76 95 6 9 3 194 4
internal_value=-9.61383e-07 -0.0509325 0.0514798 -0.0514332 -0.0376823 -0.0163676 0.00745605 -0.0595498 -0.0530707 -0.0543274 -0.0521354 -0.0542464 -0.0520334 -0.0523023
internal_weight=687.825 345.756 342.068 344.081 11.1891 4.69121 3.02327 1.66794 6.49785 1.21609 5.82818 0.268636 5.55954 1.92673
internal_count=19424 18198 1226 18192 464 150 68 82 314 59 305 12 293 99
cat_boundaries=0 1 2
cat_threshold=2 4
is_linear=0
shrinkage=0.05


Tree=53
num_leaves=15
num_cat=2
split_feature=2 5 2 2 12 10 10 2 2 10 10 12 9 9
split_gain=684.72 6.75892 2.83329 0.853192 1.40784 1.8275 2.91556 0.242352 0.0168042 0.0114782 0.000432035 0.000818475 7.39305e-05 0.000594268
threshold=59.500000000000007 1.0000000180025095e-35 61.500000000000007 21.500000000000004 0 10.500000000000002 9.5000000000000018 23.500000000000004 22.500000000000004 8.5000000000000018 22.500000000000004 1 0.35873538909192204 0.35171219482503063
decision_type=2 2 2 2 1 2 2 2 2 2 2 1 2 2
left_child=1 3 -2 -1 5 6 9 -7 -6 -5 12 -12 13 -10
right_child=2 -3 -4 4 8 7 -8 -9 10 -11 11 -13 -14 -15
leaf_value=-0.051799515804432296 0.0015079047058422837 0.051799518254200719 0.051799518254200719 -0.051827973395220821 -0.060562451945533696 -0.11086956554316237 0.048010873126774191 -0.051873157973963517 -0.051953777143207328 -0.064867117642004243 -0.05172136935927072 -0.057484006633582031 -0.051795253230006257 -0.055645521984841934
leaf_weight=317.2279326915741 2.8250024169683448 1.5964409708976735 323.2792966067791 0.95591224543750286 0.64365269616246035 0.19887450896203507 1.7546642497181892 1.3959560822695491 1.7203041007742284 0.20496687851846218 0.15364948101341724 0.10287143103778351 3.4618511339649558 0.11638273298740376
leaf_count=17728 11 6 1215 53 9 6 9 76 95 6 9 3 194 4
internal_value=-9.84906e-07 -0.0508313 0.0513638 -0.0513309 -0.0374503 -0.0161976 0.00734146 -0.05923 -0.0529145 -0.0541302 -0.0520283 -0.0540323 -0.0519313 -0.0521877
internal_weight=655.638 329.533 326.104 327.937 10.7091 4.51037 2.91554 1.59483 6.19871 1.16088 5.55506 0.256521 5.29854 1.83669
internal_count=19424 18198 1226 18192 464 150 68 82 314 59 305 12 293 99
cat_boundaries=0 1 2
cat_threshold=2 4
is_linear=0
shrinkage=0.05


Tree=54
num_leaves=15
num_cat=2
split_feature=2 5 2 2 2 9 9 1 1 9 12 2 1 12
split_gain=649.968 6.41679 2.82943 0.832869 1.35458 0.445012 1.58441 0.00239524 0.0153816 0.000908151 9.94924e-06 9.93769e-06 3.35199e-06 7.66538e-06
threshold=59.500000000000007 1.0000000180025095e-35 61.500000000000007 21.500000000000004 22.500000000000004 0.21562525791965045 0.21139337552368265 183.50000000000003 176.50000000000003 0.19924007190499207 0 43.500000000000007 196.50000000000003 1
decision_type=2 2 2 2 2 2 2 2 2 2 1 2 2 1
left_child=1 3 -2 -1 -5 6 9 8 10 12 11 -7 13 -6
right_child=2 -3 -4 4 5 7 -8 -9 -10 -11 -12 -13 -14 -15
leaf_value=-0.051708677910303036 0.0014329563171511582 0.0517086735063918 0.0517086735063918 0.002857906634110537 -0.052282950999548689 -0.051782045481337163 0.043688716218319136 -0.051715203769110013 -0.067690276669318289 -0.056411954904260465 -0.051673768489238874 -0.052381226930775376 -0.051697186341806214 -0.051702213508863587
leaf_weight=302.27326226234436 2.8241415768861762 1.5211821198463429 308.03937926888466 1.7488823458552349 0.085373517125844955 0.17202852759510279 0.59378826245665539 5.1555730067193508 0.1794377937912941 0.11148170847445715 0.69891263265162684 0.11577027663588524 1.219444505870342 0.16990352421998833
leaf_count=17728 11 6 1215 11 4 10 2 302 2 4 42 5 72 10
internal_value=-1.01126e-06 -0.0507347 0.0512519 -0.0512334 -0.0372168 -0.0454605 -0.0259803 -0.0521781 -0.0542245 -0.0520606 -0.0517757 -0.0520231 -0.0517317 -0.0518964
internal_weight=624.909 314.045 310.864 312.524 10.2506 8.50171 2.17999 6.32172 1.16615 1.5862 0.986711 0.287799 1.47472 0.255277
internal_count=19424 18198 1226 18192 464 453 92 361 59 90 57 15 86 14
cat_boundaries=0 1 2
cat_threshold=2 2
is_linear=0
shrinkage=0.05


Tree=55
num_leaves=15
num_cat=2
split_feature=2 5 2 2 12 10 10 2 2 10 10 12 10 11
split_gain=616.977 6.0915 2.82567 0.838064 1.35335 1.72441 2.64687 0.215367 0.0146454 0.00851087 0.000317651 0.000601646 6.64401e-05 0.000255232
threshold=59.500000000000007 1.0000000180025095e-35 61.500000000000007 21.500000000000004 0 10.500000000000002 9.5000000000000018 23.500000000000004 22.500000000000004 8.5000000000000018 22.500000000000004 1 20.500000000000004 5.5000000000000009
decision_type=2 2 2 2 1 2 2 2 2 2 2 1 2 2
left_child=1 3 -2 -1 5 6 9 -7 -6 -5 12 -12 -10 -14
right_child=2 -3 -4 4 8 7 -8 -9 10 -11 11 -13 13 -15
leaf_value=-0.051622569522355249 0.001361717972087533 0.051622565028197502 0.051622565028197502 -0.05164814819474961 -0.059985350550921294 -0.10858133802669048 0.047258444672265962 -0.051688857827487805 -0.05169647925116172 -0.063323509194519623 -0.051552287936872304 -0.056720976056906985 -0.05160757120294486 -0.05448260690447515
leaf_weight=287.99872481822968 2.8233218714594832 1.4493459463119496 293.49255412817001 0.86785899009555578 0.61946914345025827 0.19147363770753134 1.6756897438317537 1.2675143610686062 4.419994012452662 0.19031929783523083 0.13946311455219984 0.094418466091155895 0.28986144252121437 0.10521531291306019
leaf_count=17728 11 6 1215 53 9 6 9 76 271 6 9 3 18 4
internal_value=-1.03647e-06 -0.0506342 0.0511437 -0.0511318 -0.036799 -0.015262 0.00816261 -0.0591553 -0.0527296 -0.053748 -0.0518394 -0.0536389 -0.051752 -0.0523732
internal_weight=595.625 299.309 296.316 297.86 9.86128 4.19286 2.73387 1.45899 5.66842 1.05818 5.04895 0.233882 4.81507 0.395077
internal_count=19424 18198 1226 18192 464 150 68 82 314 59 305 12 293 22
cat_boundaries=0 1 2
cat_threshold=2 4
is_linear=0
shrinkage=0.05


Tree=56
num_leaves=15
num_cat=2
split_feature=2 5 2 2 12 10 10 2 2 10 10 12 10 11
split_gain=585.751 5.78412 2.822 0.818517 1.29935 1.63096 2.48343 0.185471 0.0124569 0.00737148 0.00027326 0.000515601 5.72378e-05 0.000219683
threshold=59.500000000000007 1.0000000180025095e-35 61.500000000000007 21.500000000000004 0 10.500000000000002 9.5000000000000018 23.500000000000004 22.500000000000004 8.5000000000000018 22.500000000000004 1 20.500000000000004 5.5000000000000009
decision_type=2 2 2 2 1 2 2 2 2 2 2 1 2 2
left_child=1 3 -2 -1 5 6 9 -7 -6 -5 12 -12 -10 -14
right_child=2 -3 -4 4 8 7 -8 -9 10 -11 11 -13 13 -15
leaf_value=-0.051540929997792799 0.0012939949983143194 0.051540932372882854 0.051540932372882854 -0.051565227865182063 -0.059418218490000764 -0.10496055225346151 0.046230907226048799 -0.051603859795621765 -0.051611807266752019 -0.06265756200233899 -0.051474317650721912 -0.056369985014105742 -0.05152671578729761 -0.05425694510381255
leaf_weight=274.37582325935364 2.8225413039326659 1.3807890415191639 279.60978090763092 0.82682702224701643 0.59473876655101587 0.18825843092054118 1.6284997016191483 1.2076327158138154 4.211151972413063 0.18291270080953836 0.13285729475319386 0.090358693152665981 0.27614648826420296 0.10048964526504278
leaf_count=17728 11 6 1215 53 9 6 9 76 271 6 9 3 18 4
internal_value=-1.0593e-06 -0.0505462 0.0510388 -0.0510429 -0.0365666 -0.0150931 0.00803211 -0.0587999 -0.0525916 -0.0535746 -0.0517477 -0.0534561 -0.0516646 -0.0522552
internal_weight=567.629 285.196 282.432 283.816 9.43987 4.03413 2.63824 1.39589 5.40574 1.00974 4.811 0.223216 4.58779 0.376636
internal_count=19424 18198 1226 18192 464 150 68 82 314 59 305 12 293 22
cat_boundaries=0 1 2
cat_threshold=2 4
is_linear=0
shrinkage=0.05


Tree=57
num_leaves=15
num_cat=2
split_feature=2 5 2 2 12 10 10 2 2 10 10 12 10 11
split_gain=556.143 5.49266 2.8184 0.800026 1.24839 1.54246 2.32947 0.158826 0.0106026 0.0063799 0.000235065 0.000441937 4.93059e-05 0.000189084
threshold=59.500000000000007 1.0000000180025095e-35 61.500000000000007 21.500000000000004 0 10.500000000000002 9.5000000000000018 23.500000000000004 22.500000000000004 8.5000000000000018 22.500000000000004 1 20.500000000000004 5.5000000000000009
decision_type=2 2 2 2 1 2 2 2 2 2 2 1 2 2
left_child=1 3 -2 -1 5 6 9 -7 -6 -5 12 -12 -10 -14
right_child=2 -3 -4 4 8 7 -8 -9 10 -11 11 -13 13 -15
leaf_value=-0.05146352046251617 0.0012296303774986606 0.051463523768747799 0.051463523768747799 -0.051486600608883951 -0.058887637676981214 -0.10141724202120704 0.045191253858023278 -0.051523271293905284 -0.051531461825307462 -0.062022892573926104 -0.051400369432360184 -0.056038323320547312 -0.051450041104403647 -0.054042952048665827
leaf_weight=261.37703460454941 2.8217983022332183 1.3153729140758503 266.36301510035992 0.78767298068851288 0.57070091739296724 0.18517366424202908 1.5838151518255472 1.1504872143268583 4.0118596199899912 0.17572727892547846 0.12655499577522278 0.086447679437696823 0.26306024380028237 0.09595764335244894
leaf_count=17728 11 6 1215 53 9 6 9 76 271 6 9 3 18 4
internal_value=-1.08923e-06 -0.050462 0.0509369 -0.0509578 -0.0363321 -0.0149208 0.00789916 -0.0584405 -0.0524609 -0.0534085 -0.0516607 -0.0532827 -0.0515817 -0.0521431
internal_weight=540.915 271.73 269.185 270.414 9.03746 3.88288 2.54722 1.33566 5.15458 0.9634 4.58388 0.213003 4.37088 0.359018
internal_count=19424 18198 1226 18192 464 150 68 82 314 59 305 12 293 22
cat_boundaries=0 1 2
cat_threshold=2 4
is_linear=0
shrinkage=0.05


Tree=58
num_leaves=15
num_cat=2
split_feature=2 5 2 2 2 9 9 1 1 9 12 2 12 10
split_gain=528.063 5.21625 2.81486 0.782534 1.21047 0.381721 1.30305 0.00137093 0.0081927 0.000495485 1.19263e-05 4.50543e-06 3.03048e-06 6.84015e-06
threshold=59.500000000000007 1.0000000180025095e-35 61.500000000000007 21.500000000000004 22.500000000000004 0.21562525791965045 0.21139337552368265 183.50000000000003 176.50000000000003 0.19924007190499207 0 40.500000000000007 1 10.500000000000002
decision_type=2 2 2 2 2 2 2 2 2 2 1 2 1 2
left_child=1 3 -2 -1 -5 6 9 8 10 -6 11 -7 13 -9
right_child=2 -3 -4 4 5 7 -8 12 -10 -11 -12 -13 -14 -15
leaf_value=-0.051390112928149038 0.0011684489530644877 0.051390111659905174 0.051390111659905174 0.0033351590262234707 -0.051407196822523704 -0.051546866387049667 0.042545112794085738 -0.051594031236543915 -0.063923888543559362 -0.055186682408283443 -0.051361575971693385 -0.051975272892932682 -0.051385632896819668 -0.051373283818703513
leaf_weight=248.9757274389267 2.8210909515619269 1.2529637217521656 253.72515365481377 1.5889967940747718 1.2128442330285905 0.11423480417579412 0.51027824729681004 0.65178624354302883 0.15781135857105255 0.093394839204847702 0.57545711006969202 0.13261912763118744 2.8555547455325723 0.76024578511714935
leaf_count=17728 11 6 1215 11 86 8 2 43 2 4 42 7 204 55
internal_value=-1.12324e-06 -0.0503814 0.0508379 -0.0508764 -0.036095 -0.0449643 -0.0252094 -0.0518026 -0.0534889 -0.0516774 -0.0514863 -0.051777 -0.0514153 -0.0514752
internal_weight=515.428 258.882 256.546 257.629 8.65322 7.06423 1.81652 5.24771 0.980122 1.30624 0.822311 0.246854 4.26759 1.41203
internal_count=19424 18198 1226 18192 464 453 92 361 59 90 57 15 302 98
cat_boundaries=0 1 2
cat_threshold=2 2
is_linear=0
shrinkage=0.05


Tree=59
num_leaves=15
num_cat=1
split_feature=2 5 2 2 12 10 10 2 2 10 10 9 1 1
split_gain=501.387 4.95325 2.81137 0.787589 1.20191 1.4548 2.11477 0.137836 0.00925653 0.00472039 0.000189636 0.000425776 2.7026e-05 0.000294893
threshold=59.500000000000007 1.0000000180025095e-35 61.500000000000007 21.500000000000004 0 10.500000000000002 9.5000000000000018 23.500000000000004 22.500000000000004 8.5000000000000018 20.500000000000004 0.23856327090073773 183.50000000000003 171.50000000000003
decision_type=2 2 2 2 1 2 2 2 2 2 2 2 2 2
left_child=1 3 -2 -1 5 6 9 -7 -6 -5 12 -12 13 -10
right_child=2 -3 -4 4 8 7 -8 -9 10 -11 11 -13 -14 -15
leaf_value=-0.051320476743171674 0.0011102962504173392 0.051320477627361784 0.051320477627361784 -0.051341070306836205 -0.058418162370843921 -0.098798229310169239 0.044473485283955234 -0.051374362760832772 -0.051310927739422113 -0.060783118208558119 -0.054238621516753995 -0.051294492398071226 -0.051315761346025203 -0.054720147480878938
leaf_weight=237.14627748727798 2.8204176500439635 1.1934322714805592 241.67003497481346 0.71457398682832773 0.54867741465568354 0.17957256268709887 1.5146563835442066 1.0439744517207143 0.6107101142406467 0.16246381029486656 0.1964834677055477 0.32747468911111355 2.958472209982574 0.070781609043478966
leaf_count=17728 11 6 1215 53 9 6 9 76 46 6 9 25 222 3
internal_value=-1.15495e-06 -0.0502957 0.0507413 -0.0507897 -0.0356765 -0.0139894 0.00869676 -0.0583345 -0.0523136 -0.0530901 -0.0515092 -0.0523985 -0.0513812 -0.051665
internal_weight=491.158 246.668 244.49 245.474 8.32784 3.61524 2.39169 1.22355 4.7126 0.877038 4.16392 0.523958 3.63996 0.681492
internal_count=19424 18198 1226 18192 464 150 68 82 314 59 305 34 271 49
cat_boundaries=0 1
cat_threshold=2
is_linear=0
shrinkage=0.05


Tree=60
num_leaves=15
num_cat=1
split_feature=2 5 2 2 12 2 9 9 2 1 1 10 9 1
split_gain=476.125 4.7046 2.80791 0.770649 1.15567 1.37827 0.625484 0.932146 0.00788912 0.00211313 0.00539343 0.000163784 0.000366743 2.32802e-05
threshold=59.500000000000007 1.0000000180025095e-35 61.500000000000007 21.500000000000004 0 22.500000000000004 0.21943297836404529 0.21139337552368265 22.500000000000004 188.50000000000003 176.50000000000003 20.500000000000004 0.23856327090073773 183.50000000000003
decision_type=2 2 2 2 1 2 2 2 2 2 2 2 2 2
left_child=1 3 -2 -1 5 -5 7 -7 -6 10 -8 13 -13 -10
right_child=2 -3 -4 4 8 6 9 -9 11 -11 -12 12 -14 -15
leaf_value=-0.0512544162921304 0.0010550291061850654 0.051254418516224913 0.051254418516224913 0.035345935218621088 -0.057950740246140491 -0.051309677224791975 -0.051663030405206527 0.053018933251170332 -0.051582053070329696 -0.051359529127230436 -0.065734382372678229 -0.054027391041056055 -0.051229772518154776 -0.051249946314921024
leaf_weight=225.8639190196991 2.8197769895195952 1.13665410876274 230.17245702445507 1.0114112347364428 0.52602102980017562 0.43034404050558839 0.22768337372690428 0.42607799172401428 0.64927103370428163 1.2896586908027527 0.097156472504138947 0.18761312309652556 0.3118871571496129 2.8177085323259234
leaf_count=17728 11 6 1215 2 9 33 15 1 49 98 1 9 25 222
internal_value=-1.19012e-06 -0.0502218 0.0506469 -0.0507151 -0.0354393 -0.0138203 -0.0339453 0.000594785 -0.0521971 -0.0522674 -0.0558716 -0.0514341 -0.0522806 -0.0513121
internal_weight=467.968 234.975 232.992 233.839 7.97483 3.48233 2.47092 0.856422 4.4925 1.6145 0.32484 3.96648 0.4995 3.46698
internal_count=19424 18198 1226 18192 464 150 148 34 314 114 16 305 34 271
cat_boundaries=0 1
cat_threshold=2
is_linear=0
shrinkage=0.05


Tree=61
num_leaves=15
num_cat=1
split_feature=2 5 2 2 12 10 10 2 2 10 10 9 1 1
split_gain=452.169 4.46894 2.80448 0.748075 1.10671 1.35011 1.89297 0.126308 0.00672677 0.00345687 0.000141333 0.000315875 2.0266e-05 0.000219707
threshold=59.500000000000007 1.0000000180025095e-35 61.500000000000007 21.500000000000004 0 10.500000000000002 9.5000000000000018 23.500000000000004 22.500000000000004 8.5000000000000018 20.500000000000004 0.23856327090073773 183.50000000000003 171.50000000000003
decision_type=2 2 2 2 1 2 2 2 2 2 2 2 2 2
left_child=1 3 -2 -1 5 6 9 -7 -6 -5 12 -12 13 -10
right_child=2 -3 -4 4 8 7 -8 -9 10 -11 11 -13 -14 -15
leaf_value=-0.051191741103552825 0.0010025005825855075 0.051191745556119023 0.051191745556119023 -0.051210192006583256 -0.057512279717845394 -0.09758525439209155 0.04340420723365282 -0.051240258617316986 -0.051182754035648183 -0.05963935299652498 -0.053826860017887085 -0.051168363800409324 -0.051187501320947904 -0.054260944002678536
leaf_weight=215.10481089353561 2.8191672563552848 1.082509160041808 219.20810490846634 0.64811460021883305 0.50408461689948936 0.17403487581759669 1.4244669377803802 0.94697711989283562 0.55376019049435932 0.14973513782024384 0.17911118641495694 0.29702330753207207 2.683474550023675 0.064746348187327385
leaf_count=17728 11 6 1215 53 9 6 9 76 46 6 9 25 222 3
internal_value=-1.22957e-06 -0.0501536 0.0505545 -0.0506462 -0.035256 -0.0136986 0.00886808 -0.0584352 -0.052087 -0.0527921 -0.0513631 -0.0521684 -0.051247 -0.051505
internal_weight=445.84 223.813 222.027 222.73 7.62553 3.34333 2.22232 1.12101 4.2822 0.79785 3.77812 0.476134 3.30198 0.618507
internal_count=19424 18198 1226 18192 464 150 68 82 314 59 305 34 271 49
cat_boundaries=0 1
cat_threshold=2
is_linear=0
shrinkage=0.05


Tree=62
num_leaves=15
num_cat=2
split_feature=2 5 2 2 2 9 9 1 1 9 12 10 12 10
split_gain=429.427 4.24512 2.80106 0.732446 1.07501 0.325606 1.07008 0.000765088 0.00430498 0.000273692 1.2181e-05 5.89784e-06 5.29651e-06 1.06151e-05
threshold=59.500000000000007 1.0000000180025095e-35 61.500000000000007 21.500000000000004 22.500000000000004 0.21562525791965045 0.21139337552368265 183.50000000000003 176.50000000000003 0.19924007190499207 0 9.5000000000000018 1 10.500000000000002
decision_type=2 2 2 2 2 2 2 2 2 2 1 2 1 2
left_child=1 3 -2 -1 -5 6 9 8 10 -6 11 -7 13 -9
right_child=2 -3 -4 4 5 7 -8 12 -10 -11 -12 -13 -14 -15
leaf_value=-0.051132269914203443 0.00095257428374040268 0.051132272411107509 0.051132272411107509 0.0036202303248792944 -0.051145178743696743 -0.051243106845390268 0.041453961928590216 -0.051417508570703221 -0.060980465224005964 -0.054219247319218747 -0.05110869683232222 -0.051783226419660114 -0.051128654548752095 -0.051116885564611761
leaf_weight=204.84600353240967 2.8185870870947829 1.0308820009231556 208.75360518693924 1.4441990442574013 0.9965806985273955 0.084521234966814518 0.43664832785725582 0.55532750673592091 0.13632849976420403 0.078078995458781719 0.47315118834376324 0.1257207440212369 2.3494012663140893 0.62314943037927151
leaf_count=17728 11 6 1215 11 86 7 2 43 2 4 42 8 204 55
internal_value=-1.2686e-06 -0.0500857 0.0504638 -0.0505775 -0.035018 -0.0445422 -0.0245502 -0.0514918 -0.0528678 -0.0513685 -0.0512494 -0.0515661 -0.051172 -0.0512585
internal_weight=424.752 213.18 211.572 212.149 7.30311 5.85891 1.51131 4.3476 0.819722 1.07466 0.683393 0.210242 3.52788 1.17848
internal_count=19424 18198 1226 18192 464 453 92 361 59 90 57 15 302 98
cat_boundaries=0 1 2
cat_threshold=2 2
is_linear=0
shrinkage=0.05


Tree=63
num_leaves=15
num_cat=1
split_feature=2 5 2 2 12 10 10 2 2 10 10 9 1 1
split_gain=407.808 4.03198 2.79765 0.737439 1.06625 1.27319 1.71871 0.144505 0.0058778 0.00255539 0.000126769 0.00027201 1.4595e-05 0.000157938
threshold=59.500000000000007 1.0000000180025095e-35 61.500000000000007 21.500000000000004 0 10.500000000000002 9.5000000000000018 22.500000000000004 22.500000000000004 8.5000000000000018 20.500000000000004 0.23856327090073773 183.50000000000003 171.50000000000003
decision_type=2 2 2 2 1 2 2 2 2 2 2 2 2 2
left_child=1 3 -2 -1 5 6 9 -7 -6 -5 12 -12 13 -10
right_child=2 -3 -4 4 8 7 -8 -9 10 -11 11 -13 -14 -15
leaf_value=-0.05107583058610593 0.00090513035642247679 0.0510758309494641 0.0510758309494641 -0.051092296138248283 -0.057125903095003976 -0.10698662921493199 0.042724397383210017 -0.051102703966533318 -0.051067743601341857 -0.058655259366400106 -0.053624166750788765 -0.051054763463711697 -0.051071990040487472 -0.053805966902794239
leaf_weight=195.06543892621994 2.8180351182818404 0.98166158795356651 198.78647156059742 0.58765370491892155 0.48418780788779203 0.13283766806125619 1.3635033387690783 0.89544658502563834 0.50216638483107168 0.13789867889136076 0.16679449845105399 0.26933663990348577 2.4333994323387742 0.058830453082919121
leaf_count=17728 11 6 1215 53 9 1 9 81 46 6 9 25 222 3
internal_value=-1.30548e-06 -0.0500114 0.0503745 -0.0505024 -0.0345949 -0.0127769 0.00964158 -0.058322 -0.0519689 -0.0525297 -0.051241 -0.0520374 -0.051125 -0.0513549
internal_weight=404.684 203.079 201.605 202.097 7.03206 3.11734 2.08906 1.02828 3.91472 0.725552 3.43053 0.436131 2.9944 0.560997
internal_count=19424 18198 1226 18192 464 150 68 82 314 59 305 34 271 49
cat_boundaries=0 1
cat_threshold=2
is_linear=0
shrinkage=0.05


Tree=64
num_leaves=15
num_cat=1
split_feature=2 5 2 2 12 10 10 2 2 10 10 9 1 1
split_gain=387.324 3.8304 2.79423 0.723117 1.02676 1.20053 1.61066 0.116068 0.00501737 0.0022048 0.000109407 0.000234207 1.25694e-05 0.000135679
threshold=59.500000000000007 1.0000000180025095e-35 61.500000000000007 21.500000000000004 0 10.500000000000002 9.5000000000000018 22.500000000000004 22.500000000000004 8.5000000000000018 20.500000000000004 0.23856327090073773 183.50000000000003 171.50000000000003
decision_type=2 2 2 2 1 2 2 2 2 2 2 2 2 2
left_child=1 3 -2 -1 5 6 9 -7 -6 -5 12 -12 13 -10
right_child=2 -3 -4 4 8 7 -8 -9 10 -11 11 -13 -14 -15
leaf_value=-0.051022259330588071 0.00086003567291062966 0.051022262092939752 0.051022262092939752 -0.051037908028344792 -0.056737676519413208 -0.10120463649822974 0.041671841953349054 -0.051047817556360557 -0.05101458666134806 -0.058218877842516385 -0.053443867057085474 -0.051002269992246552 -0.051018617752037899 -0.053612554297740679
leaf_weight=185.74188458919525 2.817509911954402 0.93474107980728049 189.2850686609745 0.55957414209842737 0.46364527940750067 0.1333876997232436 1.328937191516161 0.85266786022111773 0.47816061507910568 0.13213161192834377 0.15918157808482636 0.25645798351615667 2.3170815892517567 0.056158042512834072
leaf_count=17728 11 6 1215 53 9 1 9 81 46 6 9 25 222 3
internal_value=-1.33107e-06 -0.0499482 0.0502865 -0.0504386 -0.0343473 -0.0126049 0.0094659 -0.0578327 -0.0518703 -0.0524096 -0.0511795 -0.0519374 -0.051069 -0.0512876
internal_weight=385.517 193.414 192.103 192.479 6.73738 3.0067 2.02064 0.986056 3.73069 0.691706 3.26704 0.41564 2.8514 0.534319
internal_count=19424 18198 1226 18192 464 150 68 82 314 59 305 34 271 49
cat_boundaries=0 1
cat_threshold=2
is_linear=0
shrinkage=0.05


Tree=65
num_leaves=15
num_cat=2
split_feature=2 5 2 2 2 9 9 1 1 9 12 12 10 10
split_gain=367.882 3.63907 2.79079 0.709376 1.00028 0.29382 0.92869 0.000499166 0.00267057 0.000174866 1.49717e-05 9.24864e-06 1.67776e-05 9.63317e-05
threshold=59.500000000000007 1.0000000180025095e-35 61.500000000000007 21.500000000000004 22.500000000000004 0.21562525791965045 0.21139337552368265 183.50000000000003 176.50000000000003 0.19924007190499207 0 1 10.500000000000002 9.5000000000000018
decision_type=2 2 2 2 2 2 2 2 2 2 1 1 2 2
left_child=1 3 -2 -1 -5 6 9 8 10 -6 -7 12 13 -9
right_child=2 -3 -4 4 5 7 -8 11 -10 -11 -12 -13 -14 -15
leaf_value=-0.050971412124752868 0.00081718472847417192 0.050971412343599969 0.050971412343599969 0.0041591783554174302 -0.050982244131511423 -0.051488974942588618 0.040581714646175958 -0.050961146366035298 -0.059258223783106495 -0.053614947735664525 -0.05095117615813486 -0.050968324252049092 -0.050958204461914014 -0.052568777574208914
leaf_weight=176.85495007038116 2.8170103132724753 0.89001783728599448 180.22861205041409 1.3510539308190335 0.86016954900696851 0.18944183038547635 0.39230795577168465 0.37487520184367895 0.12130773812532425 0.068063725251704454 0.40838889451697502 2.0283571174368262 0.53793503204360604 0.12400751002132893
leaf_count=17728 11 6 1215 11 86 15 2 38 2 4 42 204 55 5
internal_value=-1.36874e-06 -0.0498874 0.0501996 -0.0503771 -0.0340975 -0.0442226 -0.023916 -0.0513086 -0.0524941 -0.0511753 -0.0511216 -0.0510304 -0.0511519 -0.0513608
internal_weight=367.246 184.201 183.046 183.311 6.45591 5.10485 1.32054 3.78431 0.719138 0.928233 0.597831 3.06517 1.03682 0.498883
internal_count=19424 18198 1226 18192 464 453 92 361 59 90 57 302 98 43
cat_boundaries=0 1 2
cat_threshold=2 2
is_linear=0
shrinkage=0.05


Tree=66
num_leaves=15
num_cat=1
split_feature=2 5 2 2 12 10 10 2 2 10 10 9 1 1
split_gain=349.394 3.45681 2.78733 0.714142 0.990038 1.13031 1.46242 0.0942009 0.00438731 0.0016292 9.94234e-05 0.000204309 9.08904e-06 9.79683e-05
threshold=59.500000000000007 1.0000000180025095e-35 61.500000000000007 21.500000000000004 0 10.500000000000002 9.5000000000000018 22.500000000000004 22.500000000000004 8.5000000000000018 20.500000000000004 0.23856327090073773 183.50000000000003 171.50000000000003
decision_type=2 2 2 2 1 2 2 2 2 2 2 2 2 2
left_child=1 3 -2 -1 5 6 9 -7 -6 -5 12 -12 13 -10
right_child=2 -3 -4 4 8 7 -8 -9 10 -11 11 -13 -14 -15
leaf_value=-0.050923139525477584 0.00077645906393876548 0.050923138848282881 0.050923138848282881 -0.050937217162922169 -0.056398791390891878 -0.096468961845567469 0.041020442791590131 -0.050946226176148447 -0.050916231750927125 -0.057385382582245341 -0.053280020382576426 -0.050905114789788652 -0.050919845244393282 -0.053233173200623742
leaf_weight=168.38508695363998 2.8165351152420035 0.84739342331886192 171.59716822206974 0.507277679629624 0.44524990022182409 0.1332278549671172 1.2732886131852865 0.77301596896722913 0.43347492534667331 0.12140193674713373 0.14834577403962601 0.23248147033154964 2.1005008704960346 0.050991176161915064
leaf_count=17728 11 6 1215 53 9 1 9 81 46 6 9 25 222 3
internal_value=-1.41246e-06 -0.0498197 0.0501133 -0.0503086 -0.03367 -0.0116835 0.010213 -0.0576386 -0.0517708 -0.0521824 -0.051076 -0.0518302 -0.0509649 -0.0511601
internal_weight=349.865 175.452 174.414 174.604 6.21926 2.80821 1.90197 0.906244 3.41104 0.62868 2.96579 0.380827 2.58497 0.484466
internal_count=19424 18198 1226 18192 464 150 68 82 314 59 305 34 271 49
cat_boundaries=0 1
cat_threshold=2
is_linear=0
shrinkage=0.05


Tree=67
num_leaves=15
num_cat=1
split_feature=2 5 2 2 12 10 10 2 2 10 10 9 1 1
split_gain=331.874 3.28443 2.78384 0.700534 0.953494 1.06645 1.36962 0.0765716 0.00374841 0.00140463 8.57765e-05 0.000175886 7.82655e-06 8.41821e-05
threshold=59.500000000000007 1.0000000180025095e-35 61.500000000000007 21.500000000000004 0 10.500000000000002 9.5000000000000018 22.500000000000004 22.500000000000004 8.5000000000000018 20.500000000000004 0.23856327090073773 183.50000000000003 171.50000000000003
decision_type=2 2 2 2 1 2 2 2 2 2 2 2 2 2
left_child=1 3 -2 -1 5 6 9 -7 -6 -5 12 -12 13 -10
right_child=2 -3 -4 4 8 7 -8 -9 10 -11 11 -13 -14 -15
leaf_value=-0.050877304463254086 0.00073775504432352194 0.05087730428892745 0.05087730428892745 -0.050890686773043051 -0.056053936339205503 -0.092195586892531101 0.039953629774997827 -0.050899259004049492 -0.050870746441278036 -0.057013348381015919 -0.053117070336341277 -0.050860196306756304 -0.050874179058849001 -0.05306980834325338
leaf_weight=160.31350630521774 2.8160830810666075 0.80677342414855857 163.37161839008331 0.48296751221641909 0.42607449740171377 0.13245064020156849 1.2427124921232462 0.73597691068425775 0.41269347444176752 0.11621559504419565 0.14153282903134812 0.22133359825238585 1.9998064925894139 0.04864984517917037
leaf_count=17728 11 6 1215 53 9 1 9 81 46 6 9 25 222 3
internal_value=-1.45666e-06 -0.0497632 0.0500277 -0.0502515 -0.0334202 -0.011521 0.0100149 -0.0571977 -0.0516824 -0.0520782 -0.0510228 -0.0517405 -0.050917 -0.0511026
internal_weight=333.268 167.081 166.188 166.274 5.96041 2.71032 1.8419 0.868428 3.25009 0.599183 2.82402 0.362866 2.46115 0.461343
internal_count=19424 18198 1226 18192 464 150 68 82 314 59 305 34 271 49
cat_boundaries=0 1
cat_threshold=2
is_linear=0
shrinkage=0.05


Tree=68
num_leaves=15
num_cat=2
split_feature=2 5 2 2 2 9 9 1 1 9 12 12 10 10
split_gain=315.239 3.12075 2.7803 0.687578 0.930421 0.266767 0.808248 0.000327528 0.00165113 0.000111539 1.85584e-05 1.44394e-05 2.4296e-05 0.000120761
threshold=59.500000000000007 1.0000000180025095e-35 61.500000000000007 21.500000000000004 22.500000000000004 0.21562525791965045 0.21139337552368265 183.50000000000003 176.50000000000003 0.19924007190499207 0 1 10.500000000000002 9.5000000000000018
decision_type=2 2 2 2 2 2 2 2 2 2 1 1 2 2
left_child=1 3 -2 -1 -5 6 9 8 10 -6 -7 12 13 -9
right_child=2 -3 -4 4 5 7 -8 11 -10 -11 -12 -13 -14 -15
leaf_value=-0.050833788225255132 0.00070098145919529544 0.050833786925464843 0.050833786925464843 0.0047188485636051013 -0.050842895602027975 -0.051450593236295208 0.03976473303652639 -0.050824166196341516 -0.057829328354310296 -0.053097830887703173 -0.050816414981409243 -0.050831147752689126 -0.050822448330054483 -0.052642793303278562
leaf_weight=152.6221786737442 2.8156531304121009 0.76806700229644675 155.53356796503067 1.2624860182404507 0.74211874697357394 0.17151515791192651 0.35335389524698257 0.32310981070622802 0.10740519315004349 0.059216018300503492 0.35235137073323164 1.7504218141548338 0.46417881734669209 0.12722198851406574
leaf_count=17728 11 6 1215 11 86 15 2 38 2 4 42 204 55 5
internal_value=-1.51111e-06 -0.0497086 0.0499424 -0.0501963 -0.0331667 -0.0439129 -0.0232311 -0.0511579 -0.0521819 -0.0510095 -0.051024 -0.0509153 -0.0510763 -0.0513379
internal_weight=317.453 159.104 158.349 158.336 5.71338 4.45089 1.15469 3.2962 0.631272 0.801335 0.523867 2.66493 0.914511 0.450332
internal_count=19424 18198 1226 18192 464 453 92 361 59 90 57 302 98 43
cat_boundaries=0 1 2
cat_threshold=2 2
is_linear=0
shrinkage=0.05


Tree=69
num_leaves=15
num_cat=1
split_feature=2 5 2 2 12 10 10 2 2 10 10 9 1 1
split_gain=299.414 2.96476 2.77671 0.692042 0.919263 1.00451 1.24327 0.0628332 0.00327988 0.00103784 7.89508e-05 0.000155373 5.67936e-06 6.1014e-05
threshold=59.500000000000007 1.0000000180025095e-35 61.500000000000007 21.500000000000004 0 10.500000000000002 9.5000000000000018 22.500000000000004 22.500000000000004 8.5000000000000018 20.500000000000004 0.23856327090073773 183.50000000000003 171.50000000000003
decision_type=2 2 2 2 1 2 2 2 2 2 2 2 2 2
left_child=1 3 -2 -1 5 6 9 -7 -6 -5 12 -12 13 -10
right_child=2 -3 -4 4 8 7 -8 -9 10 -11 11 -13 -14 -15
leaf_value=-0.05079246303591041 0.00066603019969351321 0.050792464227272717 0.050792464227272717 -0.050804494643820419 -0.055755992812614799 -0.088661288344533004 0.039324231334736198 -0.050812282524112622 -0.050786554335909208 -0.056307029926904312 -0.052985819136499704 -0.050777029527319342 -0.050789632850110969 -0.052751967087198072
leaf_weight=145.29385060071945 2.8152442649006835 0.73118738830089469 148.06544613093138 0.43770507583394658 0.40912867337465231 0.13122469186782826 1.1919204983860254 0.66703418828547001 0.37402589945122677 0.10655404161661863 0.13201695168390859 0.20058844238519669 1.8124022330157457 0.044148686807602644
leaf_count=17728 11 6 1215 53 9 1 9 81 46 6 9 25 222 3
internal_value=-1.55751e-06 -0.0496461 0.0498572 -0.050133 -0.0327346 -0.0106114 0.0107329 -0.0570342 -0.0515987 -0.0518818 -0.0509351 -0.0516537 -0.050828 -0.0509941
internal_weight=302.412 151.532 150.881 150.801 5.50675 2.53444 1.73618 0.798259 2.97231 0.544259 2.56318 0.332605 2.23058 0.418175
internal_count=19424 18198 1226 18192 464 150 68 82 314 59 305 34 271 49
cat_boundaries=0 1
cat_threshold=2
is_linear=0
shrinkage=0.05


Tree=70
num_leaves=15
num_cat=2
split_feature=2 5 2 2 2 9 9 1 1 9 12 12 10 10
split_gain=284.416 2.81721 2.77305 0.679251 0.885558 0.250129 0.734191 0.000246785 0.00119769 8.25829e-05 1.91496e-05 1.62374e-05 2.64245e-05 0.000122159
threshold=59.500000000000007 1.0000000180025095e-35 61.500000000000007 21.500000000000004 22.500000000000004 0.21562525791965045 0.21139337552368265 183.50000000000003 176.50000000000003 0.19924007190499207 0 1 10.500000000000002 9.5000000000000018
decision_type=2 2 2 2 2 2 2 2 2 2 1 1 2 2
left_child=1 3 -2 -1 -5 6 9 8 10 -6 -7 12 13 -9
right_child=2 -3 -4 4 5 7 -8 11 -10 -11 -12 -13 -14 -15
leaf_value=-0.050753215357029584 0.00063281892587694775 0.050753217546984336 0.050753217546984336 0.0048856636084196048 -0.050761365436211042 -0.051408305306018268 0.038936706192670277 -0.050744222410432228 -0.057008985044845417 -0.052795352560326303 -0.050737530229963003 -0.050750837385169272 -0.050742974117287599 -0.052607824930611072
leaf_weight=138.3119620680809 2.8148553669452658 0.6960512101650228 140.95037005841732 1.2194329611957062 0.67245542444288708 0.15958277508616447 0.3309616856276989 0.29265467589721084 0.098738979548215866 0.053904107306152582 0.31927990261465344 1.5862927869893613 0.42063489928841591 0.12570573948323727
leaf_count=17728 11 6 1215 11 86 15 2 38 2 4 42 204 55 5
internal_value=-1.61835e-06 -0.0495949 0.0497719 -0.0500813 -0.0324799 -0.0437022 -0.0227879 -0.0510661 -0.0519949 -0.0509123 -0.0509611 -0.0508449 -0.0510228 -0.0513042
internal_weight=288.053 144.288 143.765 143.592 5.27964 4.06021 1.05732 3.00289 0.577602 0.72636 0.478863 2.42529 0.838995 0.41836
internal_count=19424 18198 1226 18192 464 453 92 361 59 90 57 302 98 43
cat_boundaries=0 1 2
cat_threshold=2 2
is_linear=0
shrinkage=0.05


Tree=71
num_leaves=15
num_cat=1
split_feature=2 2 5 2 12 10 10 2 2 10 10 9 1 1
split_gain=270.143 2.76932 2.67654 0.683768 0.886103 0.946229 1.12841 0.0517583 0.00286695 0.000766862 7.3517e-05 0.000138829 4.12951e-06 4.43185e-05
threshold=59.500000000000007 61.500000000000007 1.0000000180025095e-35 21.500000000000004 0 10.500000000000002 9.5000000000000018 22.500000000000004 22.500000000000004 8.5000000000000018 20.500000000000004 0.23856327090073773 183.50000000000003 171.50000000000003
decision_type=2 2 2 2 1 2 2 2 2 2 2 2 2 2
left_child=2 -2 3 -1 5 6 9 -7 -6 -5 12 -12 13 -10
right_child=1 -3 -4 4 8 7 -8 -9 10 -11 11 -13 -14 -15
leaf_value=-0.050715940928720851 0.00060126005174729509 0.050715943233257114 0.050715943233257114 -0.050726756723934167 -0.055475022215331661 -0.085554376548643646 0.038710121390456445 -0.050733832791388461 -0.050710617916275791 -0.055674701138046234 -0.052875746346291198 -0.050702016606064618 -0.050713382225524642 -0.052469394591648004
leaf_weight=131.66066300868988 2.8144855126738539 134.17219921946526 0.6625787615776052 0.39661877462640416 0.39281815662980024 0.12960325181484211 1.1438270732760429 0.60444896575063467 0.3389282585121699 0.097572977654635906 0.12326756911352266 0.18175985105335712 1.642305335961282 0.040050748735666275
leaf_count=17728 11 1215 6 53 9 1 9 81 46 6 9 25 222 3
internal_value=-1.66843e-06 0.0496863 -0.049535 -0.0500207 -0.0320413 -0.00970797 0.0114322 -0.0568817 -0.0515241 -0.0517037 -0.0508569 -0.0515805 -0.0507477 -0.0508965
internal_weight=274.401 136.987 137.414 136.752 5.0912 2.37207 1.63802 0.734052 2.71913 0.494192 2.32631 0.305027 2.02128 0.378979
internal_count=19424 1226 18198 18192 464 150 68 82 314 59 305 34 271 49
cat_boundaries=0 1
cat_threshold=2
is_linear=0
shrinkage=0.05


Tree=72
num_leaves=15
num_cat=1
split_feature=2 8 5 2 1 2 12 2 9 9 2 1 1 10
split_gain=256.621 10.384 2.57086 1.81731 0.864654 0.671144 0.853295 0.905025 0.408575 0.533126 0.00245217 0.000346592 0.000720687 6.34116e-05
threshold=61.500000000000007 1.0000000180025095e-35 1.0000000180025095e-35 59.500000000000007 183.50000000000003 21.500000000000004 0 22.500000000000004 0.21943297836404529 0.21139337552368265 22.500000000000004 188.50000000000003 176.50000000000003 20.500000000000004
decision_type=2 2 2 2 2 2 1 2 2 2 2 2 2 2
left_child=1 -1 3 5 -5 -3 7 -7 9 -9 -8 12 -10 -12
right_child=-2 2 -4 4 -6 6 10 8 11 -11 13 -13 -14 -15
leaf_value=0.07345887370455538 0.050680538945053713 -0.050680537563678955 0.050680538945053713 -0.06729371054240825 -0.15656948892819691 0.033262234990752419 -0.055184019342985294 -0.05071046056093205 -0.051374994070123275 0.051830040783110522 -0.050710760088932744 -0.050977876207737 -0.057784561529336392 -0.051503200952596584
leaf_weight=1.7247091531753529 127.71545391529799 125.32478028535843 0.63069359958171745 0.50946760922670253 0.57995714247226715 0.8019778132438663 0.37558072805404608 0.23872318817302562 0.14868293749168515 0.27026847004890442 1.9240708774887028 0.77030639071017504 0.062203936278820038 0.29057520069181908
leaf_count=1 1215 17728 6 5 5 2 9 33 15 1 271 98 1 34
internal_value=-1.73754e-06 -0.0484328 -0.0500263 -0.0505101 -0.11482 -0.049972 -0.0317849 -0.00956466 -0.032613 0.00373732 -0.0514483 -0.0514696 -0.0532656 -0.0508147
internal_weight=261.367 133.652 131.927 131.297 1.08942 130.207 4.88239 2.29216 1.49018 0.508992 2.59023 0.981193 0.210887 2.21465
internal_count=19424 18209 18208 18202 10 18192 464 150 148 34 314 114 16 305
cat_boundaries=0 1
cat_threshold=2
is_linear=0
shrinkage=0.05


Tree=73
num_leaves=15
num_cat=1
split_feature=2 2 5 2 12 10 10 2 2 10 10 9 1 1
split_gain=243.819 2.72203 2.41733 0.652156 0.817818 0.878958 1.0098 0.0455205 0.00209777 0.000564089 5.49413e-05 0.000103294 3.08404e-06 3.2941e-05
threshold=59.500000000000007 61.500000000000007 1.0000000180025095e-35 21.500000000000004 0 10.500000000000002 9.5000000000000018 22.500000000000004 22.500000000000004 8.5000000000000018 20.500000000000004 0.23856327090073773 183.50000000000003 171.50000000000003
decision_type=2 2 2 2 1 2 2 2 2 2 2 2 2 2
left_child=2 -2 3 -1 5 6 9 -7 -6 -5 12 -12 13 -10
right_child=1 -3 -4 4 8 7 -8 -9 10 -11 11 -13 -14 -15
leaf_value=-0.05064690525740019 0.00061393991140975494 0.050646906431533571 0.050646906431533571 -0.050656497515250642 -0.05490969878741965 -0.083742940664730411 0.037720377437051839 -0.050662925574259055 -0.050642081963874902 -0.055099437710271086 -0.052601110456013372 -0.050633815749912249 -0.050644578420512454 -0.052231761353304151
leaf_weight=119.2897846698761 2.7806273698806754 121.5653333812952 0.60032263398170371 0.35926517844200145 0.35900311730802004 0.1283789426088332 1.0798355061560869 0.54754182836040854 0.30706884013488922 0.089173239655792713 0.1122357347048818 0.16454321937635541 1.4879393395967779 0.036457071546465158
leaf_count=17728 11 1215 6 53 9 1 9 81 46 6 9 25 222 3
internal_value=-1.08135e-06 0.0495281 -0.0494445 -0.0499292 -0.0316028 -0.00946904 0.0115289 -0.0569459 -0.0513766 -0.05154 -0.050775 -0.0514316 -0.0506758 -0.0508108
internal_weight=248.908 124.346 124.562 123.961 4.67144 2.20419 1.52827 0.675921 2.46725 0.448438 2.10824 0.276779 1.83147 0.343526
internal_count=19424 1226 18198 18192 464 150 68 82 314 59 305 34 271 49
cat_boundaries=0 1
cat_threshold=2
is_linear=0
shrinkage=0.05


Tree=74
num_leaves=15
num_cat=1
split_feature=2 8 5 2 2 2 9 1 9 9 1 1 9 12
split_gain=231.617 9.80213 2.32192 1.45993 0.640522 0.7906 0.729318 0.613489 0.21776 0.609127 0.000141005 0.000625463 4.53737e-05 2.02373e-05
threshold=61.500000000000007 1.0000000180025095e-35 1.0000000180025095e-35 59.500000000000007 21.500000000000004 22.500000000000004 0.82769200860483727 183.50000000000003 0.21562525791965045 0.21139337552368265 183.50000000000003 176.50000000000003 0.19924007190499207 0
decision_type=2 2 2 2 2 2 2 2 2 2 2 2 2 1
left_child=1 -1 3 4 -3 6 -6 -5 9 12 11 13 -7 -10
right_child=-2 2 -4 7 5 8 -8 -9 10 -11 -12 -13 -14 -15
leaf_value=0.071784002263667671 0.050614958953708801 -0.050614960254537315 0.050614958953708801 -0.066178180773621018 -0.066116253192871829 -0.050621449881234841 0.028430295103489236 -0.14118056400820825 -0.051348981828836231 0.038082313539941015 -0.050728612561594867 -0.055626442326533666 -0.052278891006524622 -0.05060209343887126
leaf_weight=1.6771796941757191 115.70767052471638 113.54176607728004 0.57139590382575889 0.49280747771263012 0.26982166245579609 0.55185968428850207 0.83574378490447998 0.61028085649013519 0.13870515814051032 0.28531002625823021 2.0098363189026713 0.083124483004212379 0.044631692580878735 0.26202190015465054
leaf_count=1 1215 17728 6 5 6 86 5 5 15 2 302 2 4 42
internal_value=-1.15784e-06 -0.0482541 -0.049936 -0.0504183 -0.0498832 -0.0313418 0.00535549 -0.107673 -0.0433612 -0.0220049 -0.0509131 -0.0516794 -0.0507455 -0.0508606
internal_weight=237.082 121.374 119.697 119.126 118.023 4.48105 1.10557 1.10309 3.37549 0.881801 2.49369 0.483852 0.596491 0.400727
internal_count=19424 18209 18208 18202 18192 464 11 10 453 92 361 59 90 57
cat_boundaries=0 1
cat_threshold=2
is_linear=0
shrinkage=0.05


Tree=75
num_leaves=15
num_cat=1
split_feature=2 2 9 5 2 12 10 10 1 2 2 10 10 9
split_gain=220.061 2.6682 7.80449 2.18315 0.632623 0.777086 0.801987 0.907315 0.445622 0.032119 0.0018605 0.000416905 5.17379e-05 9.32982e-05
threshold=59.500000000000007 61.500000000000007 0.047629036854522806 1.0000000180025095e-35 21.500000000000004 0 10.500000000000002 9.5000000000000018 183.50000000000003 22.500000000000004 22.500000000000004 8.5000000000000018 20.500000000000004 0.23856327090073773
decision_type=2 2 2 2 2 1 2 2 2 2 2 2 2 2
left_child=3 2 -2 4 -1 6 7 11 -4 -8 -7 -6 -12 -14
right_child=1 -3 8 -5 5 10 9 -9 -10 -11 12 -13 13 -15
leaf_value=-0.050584606826614559 0.070275064229910381 0.050584609605413278 -0.065142192702937224 0.050584609605413278 -0.050593174568404932 -0.054729173586955365 -0.079046908971075705 0.036847552232522375 -0.12917505534615797 -0.050599013852987318 -0.050610437619884208 -0.05459256258241877 -0.052519057982785278 -0.050572732759356399
leaf_weight=108.06744182109833 1.6287597417831414 110.12891381978989 0.47603767365217187 0.5438464879989614 0.32542405650019657 0.33938472718000356 0.12403304874896992 1.0254414789378643 0.63300676643848419 0.49598632799461484 1.6590457512065766 0.081475744023919106 0.10491230245679606 0.14904451370239258
leaf_count=17728 1 1215 5 6 53 9 1 9 5 81 271 6 9 25
internal_value=-6.33857e-07 0.0493725 0.000614497 -0.0493522 -0.0498359 -0.0310389 -0.00878405 0.0117799 -0.10169 -0.0562899 -0.0513174 -0.051394 -0.0507122 -0.0513768
internal_weight=225.783 112.867 2.7378 112.916 112.372 4.30475 2.05236 1.43234 1.10904 0.620019 2.25239 0.4069 1.913 0.253957
internal_count=19424 1226 11 18198 18192 464 150 68 10 82 314 59 305 34
cat_boundaries=0 1
cat_threshold=2
is_linear=0
shrinkage=0.05


Tree=76
num_leaves=15
num_cat=1
split_feature=2 2 8 5 2 12 2 9 9 1 2 1 1 10
split_gain=209.099 2.6123 7.13862 2.07484 0.621358 0.748527 0.772739 0.355442 0.443015 0.330178 0.00159328 0.000190855 0.000358907 4.46097e-05
threshold=59.500000000000007 61.500000000000007 1.0000000180025095e-35 1.0000000180025095e-35 21.500000000000004 0 22.500000000000004 0.21943297836404529 0.21139337552368265 183.50000000000003 22.500000000000004 188.50000000000003 176.50000000000003 20.500000000000004
decision_type=2 2 2 2 2 1 2 2 2 2 2 2 2 2
left_child=3 2 -2 4 -1 6 -6 8 -8 -4 -7 12 -9 -12
right_child=1 -3 9 -5 5 10 7 11 -10 -11 13 -13 -14 -15
leaf_value=-0.050555772128370882 0.068899149685419867 0.050555772475938468 -0.064187239235943563 0.050555772475938468 0.032515795706916033 -0.054481380812646023 -0.050580246730653658 -0.051329259607449773 0.051552487581430086 -0.11958062015521652 -0.050580412856798984 -0.050911878308059003 -0.056227902727986501 -0.051309590992088087
leaf_weight=102.8540823161602 1.5794714689254761 104.81610920280218 0.45938603579997928 0.51761041581630607 0.72415034472942363 0.32426390983164255 0.19594996934756614 0.1295691984705627 0.23175354301929474 0.6491483747959137 1.5790462754666803 0.65101405093446374 0.052558787167072296 0.24187945621088136
leaf_count=17728 1 1215 5 6 2 9 33 15 1 5 271 98 1 34
internal_value=-1.93648e-07 0.0493076 0.000636886 -0.049309 -0.0497922 -0.0307767 -0.00864874 -0.0322911 0.00476095 -0.0966251 -0.0512523 -0.0513122 -0.0527429 -0.0506773
internal_weight=215.006 107.504 2.68801 107.502 106.984 4.13019 1.985 1.26085 0.427704 1.10853 2.14519 0.833142 0.182128 1.82093
internal_count=19424 1226 11 18198 18192 464 150 148 34 10 314 114 16 305
cat_boundaries=0 1
cat_threshold=2
is_linear=0
shrinkage=0.05


Tree=77
num_leaves=15
num_cat=1
split_feature=2 2 8 5 2 12 10 10 1 2 2 10 10 9
split_gain=198.701 2.55181 6.55491 1.97213 0.604033 0.717609 0.745741 0.811976 0.248646 0.0284435 0.00136464 0.000307041 3.86255e-05 6.93822e-05
threshold=59.500000000000007 61.500000000000007 1.0000000180025095e-35 1.0000000180025095e-35 21.500000000000004 0 10.500000000000002 9.5000000000000018 183.50000000000003 22.500000000000004 22.500000000000004 8.5000000000000018 20.500000000000004 0.23856327090073773
decision_type=2 2 2 2 2 1 2 2 2 2 2 2 2 2
left_child=3 2 -2 4 -1 6 7 11 -4 -8 -7 -6 -12 -14
right_child=1 -3 8 -5 5 10 9 -9 -10 -11 12 -13 13 -15
leaf_value=-0.05052837092147211 0.067640855958837329 0.050528368349932296 -0.063305206603326211 0.050528368349932296 -0.050535942300245267 -0.054247424678616867 -0.077726285761361882 0.035890983123053714 -0.11173835942165092 -0.050541244503374431 -0.05055187736534475 -0.054132175046755854 -0.052278780839304921 -0.05051725768795428
leaf_weight=97.889544099569321 1.5296735763549805 99.756872914731503 0.44291473925113589 0.49262653291225333 0.29468850232660748 0.30974599346518461 0.12245123088359844 0.9692711103707552 0.65967164933681488 0.44915713439695537 1.5028617728967217 0.074321791063994169 0.095452748239040264 0.13490324327722192
leaf_count=17728 1 1215 5 6 53 9 1 9 5 81 271 6 9 25
internal_value=1.79874e-07 0.0492462 0.000653048 -0.0492718 -0.0497546 -0.0305922 -0.00855867 0.0118604 -0.0922825 -0.0563649 -0.0511906 -0.0512603 -0.0506443 -0.0512472
internal_weight=204.724 102.389 2.63226 102.335 101.842 3.95285 1.90989 1.33828 1.10259 0.571608 2.04296 0.36901 1.73322 0.230356
internal_count=19424 1226 11 18198 18192 464 150 68 10 82 314 59 305 34
cat_boundaries=0 1
cat_threshold=2
is_linear=0
shrinkage=0.05


Tree=78
num_leaves=15
num_cat=1
split_feature=2 2 8 5 2 2 9 9 9 1 12 1 1 10
split_gain=188.819 2.48768 6.03879 1.87436 0.59369 0.698871 0.611722 0.190828 0.506979 0.1898 0.000100939 0.00014187 0.000250532 3.31546e-05
threshold=59.500000000000007 61.500000000000007 1.0000000180025095e-35 1.0000000180025095e-35 21.500000000000004 22.500000000000004 0.82769200860483727 0.21562525791965045 0.21139337552368265 183.50000000000003 0 188.50000000000003 176.50000000000003 10.500000000000002
decision_type=2 2 2 2 2 2 2 2 2 2 1 2 2 2
left_child=3 2 -2 4 -1 6 -6 8 -7 -4 11 12 -9 -13
right_child=1 -3 9 -5 5 7 -8 10 -10 -11 -12 13 -14 -15
leaf_value=-0.050502338634900751 0.066487080355669623 0.050502336500951456 -0.062489028463873178 0.050502336500951456 -0.064159289732437508 -0.050609244639641587 0.028085868326309008 -0.051314648331883705 0.03730700621438101 -0.10521126828377417 -0.050527000192122612 -0.051240111977259889 -0.055577156917441597 -0.050495123342853589
leaf_weight=93.162203788757324 1.47967529296875 94.939355291426182 0.42667616158723742 0.46883632242679496 0.23655745387077276 0.48953834990970824 0.74806779623031616 0.12119348486885428 0.24657583236694336 0.66539652645587921 1.3044952568598094 0.31613627588376403 0.048175659030675888 0.2830603732727468
leaf_count=17728 1 1215 5 6 6 90 5 15 2 5 247 43 1 55
internal_value=4.76169e-07 0.0491879 0.000664723 -0.0492305 -0.0497128 -0.0303242 0.00592385 -0.0430293 -0.02116 -0.0885196 -0.0507948 -0.0512493 -0.0525271 -0.0508882
internal_weight=194.936 97.5111 2.57175 97.4248 96.956 3.7938 0.984625 2.80918 0.736114 1.09207 2.07306 0.768566 0.169369 0.599197
internal_count=19424 1226 11 18198 18192 464 11 453 92 10 361 114 16 98
cat_boundaries=0 1
cat_threshold=2
is_linear=0
shrinkage=0.05


Tree=79
num_leaves=15
num_cat=1
split_feature=2 2 8 5 2 12 2 9 9 1 2 1 1 10
split_gain=179.431 2.42073 5.57914 1.78138 0.586156 0.682423 0.681423 0.318446 0.385268 0.146554 0.00122363 0.000121539 0.000213401 3.67683e-05
threshold=59.500000000000007 61.500000000000007 1.0000000180025095e-35 1.0000000180025095e-35 21.500000000000004 0 22.500000000000004 0.21943297836404529 0.21139337552368265 183.50000000000003 22.500000000000004 188.50000000000003 176.50000000000003 20.500000000000004
decision_type=2 2 2 2 2 1 2 2 2 2 2 2 2 2
left_child=3 2 -2 4 -1 6 -6 8 -8 -4 -7 12 -9 -12
right_child=1 -3 9 -5 5 10 7 11 -10 -11 13 -13 -14 -15
leaf_value=-0.050477599633071191 0.065426546245303571 0.050477599062054714 -0.061732483739042082 0.050477599062054714 0.031809499681913316 -0.05411204925597312 -0.050498600403969723 -0.051250427958125046 0.051370407495423459 -0.099697554353259096 -0.050498971508996619 -0.050844967653182804 -0.055275654050120783 -0.051207530657546491
leaf_weight=88.660966336727142 1.4297429323196411 90.352249816060066 0.41071426123380572 0.4461839497089376 0.67288760095834743 0.29330520704388541 0.16890941257588543 0.1154236204456538 0.20602558553218842 0.66702686250209808 1.3612116118893025 0.57044564420357347 0.046069737523794174 0.2115415921434759
leaf_count=17728 1 1215 5 6 2 9 33 15 1 5 271 98 1 34
internal_value=7.00999e-07 0.0491327 0.000673098 -0.0491879 -0.0496696 -0.0300212 -0.00787082 -0.0319932 0.00547809 -0.0852295 -0.0511472 -0.0511878 -0.0523987 -0.0505943
internal_weight=185.613 92.8597 2.50748 92.753 92.3068 3.64582 1.77976 1.10687 0.374935 1.07774 1.86606 0.731939 0.161493 1.57275
internal_count=19424 1226 11 18198 18192 464 150 148 34 10 314 114 16 305
cat_boundaries=0 1
cat_threshold=2
is_linear=0
shrinkage=0.05


Tree=80
num_leaves=15
num_cat=1
split_feature=2 2 8 5 2 12 10 10 1 2 2 10 10 9
split_gain=170.529 2.35169 5.16725 1.69331 0.570085 0.654324 0.671203 0.698287 0.114283 0.0215294 0.00104879 0.000193697 3.1827e-05 5.47073e-05
threshold=59.500000000000007 61.500000000000007 1.0000000180025095e-35 1.0000000180025095e-35 21.500000000000004 0 10.500000000000002 9.5000000000000018 183.50000000000003 22.500000000000004 22.500000000000004 8.5000000000000018 20.500000000000004 0.23856327090073773
decision_type=2 2 2 2 2 1 2 2 2 2 2 2 2 2
left_child=3 2 -2 4 -1 6 7 11 -4 -8 -7 -6 -12 -14
right_child=1 -3 8 -5 5 10 9 -9 -10 -11 12 -13 13 -15
leaf_value=-0.05045408849890004 0.064449548079661342 0.050454087439691798 -0.061030114890655324 0.050454087439691798 -0.050460168704610286 -0.053899042871630214 -0.074836262411095394 0.035199918792671786 -0.094981817978163519 -0.050464972139231949 -0.050474467757691724 -0.053525846976384295 -0.052111934632865731 -0.050444210360271684
leaf_weight=84.375232011079788 1.3801039457321167 85.984756909310818 0.39506528526544482 0.42461608350276847 0.25378313078545012 0.2800752613693468 0.11832305043935787 0.88955757953226566 0.6651710718870163 0.38701758556999266 1.2954372628591952 0.064649580977857113 0.085258120903745183 0.11618690984323621
leaf_count=17728 1 1215 5 6 53 9 1 9 5 81 271 6 9 25
internal_value=9.15389e-07 0.0490804 0.000679019 -0.0491536 -0.049635 -0.029833 -0.00778583 0.0124554 -0.0823307 -0.0561714 -0.0510908 -0.0510826 -0.0505654 -0.05115
internal_weight=176.715 88.4251 2.44034 88.2901 87.8655 3.49029 1.71333 1.20799 1.06024 0.505341 1.77696 0.318433 1.49688 0.201445
internal_count=19424 1226 11 18198 18192 464 150 68 10 82 314 59 305 34
cat_boundaries=0 1
cat_threshold=2
is_linear=0
shrinkage=0.05


Tree=81
num_leaves=15
num_cat=1
split_feature=2 2 8 5 2 2 9 9 1 12 10 10 1 9
split_gain=162.065 2.28119 4.79619 1.60944 0.560298 0.631296 0.171549 0.438953 0.0898852 7.90389e-05 9.10122e-05 0.00018573 3.45552e-05 1.59367e-05
threshold=59.500000000000007 61.500000000000007 1.0000000180025095e-35 1.0000000180025095e-35 21.500000000000004 22.500000000000004 0.21562525791965045 0.21139337552368265 183.50000000000003 0 10.500000000000002 8.5000000000000018 376.50000000000006 0.19924007190499207
decision_type=2 2 2 2 2 2 2 2 2 1 2 2 2 2
left_child=3 2 -2 4 -1 -6 7 13 -4 10 11 -8 -13 -7
right_child=1 -3 8 -5 5 6 9 -9 -10 -11 -12 12 -14 -15
leaf_value=-0.050431747029181739 0.063547657761861873 0.050431743848651359 -0.060377068921779867 0.050431743848651359 0.0060441463115587166 -0.050436086058083765 -0.050438967780772698 0.036448607123036547 -0.090905990745974496 -0.0504531038726313 -0.050435341880920373 -0.05334446468276928 -0.052069718100830435 -0.051597647147630113
leaf_weight=80.294863373041153 1.3309519290924072 81.826556771993637 0.37975899875163943 0.40408176183700462 0.9075988139957184 0.39004578837193582 0.18251406215131283 0.22107860073447227 0.66035762429237366 1.1243228113744406 0.27432424435392022 0.090871031861752272 0.12811245350167155 0.031948031159117818
leaf_count=17728 1 1215 5 6 11 86 40 2 5 247 61 4 9 4
internal_value=1.07878e-06 0.0490308 0.000683101 -0.0491149 -0.0495958 -0.0295637 -0.0427912 -0.0206241 -0.0797595 -0.05071 -0.0511373 -0.0516169 -0.0525987 -0.050524
internal_weight=168.247 84.1976 2.37107 84.0498 83.6457 3.35082 2.44322 0.643072 1.04012 1.80014 0.675822 0.401498 0.218983 0.421994
internal_count=19424 1226 11 18198 18192 464 453 92 10 361 114 53 13 90
cat_boundaries=0 1
cat_threshold=2
is_linear=0
shrinkage=0.05


Tree=82
num_leaves=15
num_cat=1
split_feature=2 2 8 5 2 12 10 2 9 1 2 2 10 10
split_gain=154.008 2.20978 4.46036 1.52937 0.563572 0.629859 0.63293 0.638108 0.366889 0.0712284 0.0180078 0.000917127 0.000159369 3.0497e-05
threshold=59.500000000000007 61.500000000000007 1.0000000180025095e-35 1.0000000180025095e-35 21.500000000000004 0 10.500000000000002 24.500000000000004 0.21943297836404529 183.50000000000003 22.500000000000004 22.500000000000004 8.5000000000000018 20.500000000000004
decision_type=2 2 2 2 2 1 2 2 2 2 2 2 2 2
left_child=3 2 -2 4 -1 6 7 -6 -9 -4 -8 -7 -10 -13
right_child=1 -3 9 -5 5 11 10 8 12 -11 -12 13 -14 -15
leaf_value=-0.050410513918655003 0.06271351946560208 0.050410510959223734 -0.05976907579260371 0.050410510959223734 0.053811888578303671 -0.053719741697209805 -0.07318516357713685 0.027384495374831383 -0.050417379101516592 -0.087351399860970416 -0.050420366050061741 -0.050429035938471513 -0.052467250020448178 -0.051119594121003697
leaf_weight=76.410193532705307 1.282450795173645 77.867782227694988 0.36481916904449374 0.38453225791454215 0.52225327491760232 0.26878796890377921 0.11549717932939541 0.23945097299292684 0.17368521168828011 0.65304704010486603 0.35049228323623538 1.1731827943585811 0.20881217811256647 0.18510708375833917
leaf_count=17728 1 1215 5 6 1 9 1 14 40 5 81 271 13 34
internal_value=1.24068e-06 0.0489837 0.000685786 -0.0490645 -0.0495448 -0.0291112 -0.0069411 0.0130642 -0.0211518 -0.0774655 -0.0560627 -0.0510512 -0.0515364 -0.0505231
internal_weight=160.2 80.1681 2.30032 80.032 79.6475 3.23727 1.61019 1.1442 0.621948 1.01787 0.465989 1.62708 0.382497 1.35829
internal_count=19424 1226 11 18198 18192 464 150 68 67 10 82 314 53 305
cat_boundaries=0 1
cat_threshold=2
is_linear=0
shrinkage=0.05


Tree=83
num_leaves=15
num_cat=1
split_feature=2 2 8 5 2 12 10 10 1 2 2 10 10 9
split_gain=146.387 2.13794 4.15517 1.45393 0.544669 0.602242 0.598052 0.610423 0.0568196 0.0150325 0.000786376 0.000123544 2.63916e-05 4.3403e-05
threshold=59.500000000000007 61.500000000000007 1.0000000180025095e-35 1.0000000180025095e-35 21.500000000000004 0 10.500000000000002 9.5000000000000018 183.50000000000003 22.500000000000004 22.500000000000004 8.5000000000000018 20.500000000000004 0.23856327090073773
decision_type=2 2 2 2 2 1 2 2 2 2 2 2 2 2
left_child=3 2 -2 4 -1 6 7 11 -4 -8 -7 -6 -12 -14
right_child=1 -3 8 -5 5 10 9 -9 -10 -11 12 -13 13 -15
leaf_value=-0.050390333627082173 0.061940698021535928 0.050390329556378767 -0.059202294746682871 0.050390329556378767 -0.050403675707599196 -0.053528132727086078 -0.071548959954263136 0.034668564922642996 -0.084227143195483134 -0.050399701992919071 -0.0504079880661851 -0.053026655055680771 -0.051965346667628892 -0.050381565897404827
leaf_weight=72.712001383304596 1.2347378730773928 74.099045880138874 0.35026464611291785 0.36592121422290702 0.22295573609881081 0.25657111592590731 0.11231220513582241 0.82004732638597488 0.64364120364189148 0.33353181648999453 1.1164202385116366 0.056210161419585347 0.076208441518247017 0.10004985006526113
leaf_count=17728 1 1215 5 6 53 9 1 9 5 81 271 6 9 25
internal_value=1.43472e-06 0.0489391 0.000687411 -0.0490361 -0.049516 -0.0289711 -0.00688278 0.0129287 -0.0754081 -0.0557274 -0.0509996 -0.0509318 -0.0504978 -0.0510663
internal_weight=152.5 76.3277 2.22864 76.1722 75.8063 3.09431 1.54506 1.09921 0.993906 0.445844 1.54925 0.279166 1.29268 0.176258
internal_count=19424 1226 11 18198 18192 464 150 68 10 82 314 59 305 34
cat_boundaries=0 1
cat_threshold=2
is_linear=0
shrinkage=0.05


Tree=84
num_leaves=15
num_cat=1
split_feature=2 2 8 5 2 12 10 2 9 1 2 2 10 10
split_gain=139.134 2.06607 3.87684 1.38198 0.535049 0.579919 0.564428 0.59021 0.340009 0.0455935 0.0125747 0.000674466 0.000136251 2.27518e-05
threshold=59.500000000000007 61.500000000000007 1.0000000180025095e-35 1.0000000180025095e-35 21.500000000000004 0 10.500000000000002 24.500000000000004 0.21943297836404529 183.50000000000003 22.500000000000004 22.500000000000004 8.5000000000000018 20.500000000000004
decision_type=2 2 2 2 2 1 2 2 2 2 2 2 2 2
left_child=3 2 -2 4 -1 6 7 -6 -9 -4 -8 -7 -10 -13
right_child=1 -3 9 -5 5 11 10 8 12 -11 -12 13 -14 -15
leaf_value=-0.050371149951595889 0.061223525610244939 0.050371151889671811 -0.058673310372635845 0.050371151889671811 0.053489101389783689 -0.053346887791097621 -0.070061015342692254 0.026658155469346537 -0.050377354655820418 -0.081462362100543195 -0.050380063142894053 -0.05038797674268472 -0.052341898845037406 -0.051014438776834328
leaf_weight=69.191470324993134 1.1879271268844607 70.511354114860296 0.33610962331294914 0.34820421785116096 0.48381626605987527 0.24486621469259184 0.10904540866613399 0.22765627549961209 0.1572775193490088 0.63249140977859497 0.31738583440892398 1.0623828663956372 0.20111887413077056 0.16782830539159466
leaf_count=17728 1 1215 5 6 1 9 1 14 40 5 81 271 13 34
internal_value=1.51441e-06 0.0488967 0.000688226 -0.0489995 -0.0494789 -0.0287032 -0.00677145 0.0126161 -0.0211266 -0.0735544 -0.0554128 -0.0509504 -0.0514798 -0.0504734
internal_weight=145.179 72.6679 2.15653 72.5111 72.1628 2.97138 1.4963 1.06987 0.586053 0.968601 0.426431 1.47508 0.358396 1.23021
internal_count=19424 1226 11 18198 18192 464 150 68 67 10 82 314 53 305
cat_boundaries=0 1
cat_threshold=2
is_linear=0
shrinkage=0.05


Tree=85
num_leaves=15
num_cat=1
split_feature=2 2 8 5 2 12 10 2 9 1 2 2 10 10
split_gain=132.258 1.99454 3.62217 1.31385 0.516909 0.554478 0.533655 0.558858 0.321981 0.0367789 0.0105386 0.000578529 0.00011697 1.96789e-05
threshold=59.500000000000007 61.500000000000007 1.0000000180025095e-35 1.0000000180025095e-35 21.500000000000004 0 10.500000000000002 24.500000000000004 0.21943297836404529 183.50000000000003 22.500000000000004 22.500000000000004 8.5000000000000018 20.500000000000004
decision_type=2 2 2 2 2 1 2 2 2 2 2 2 2 2
left_child=3 2 -2 4 -1 6 7 -6 -9 -4 -8 -7 -10 -13
right_child=1 -3 9 -5 5 11 10 8 12 -11 -12 13 -14 -15
leaf_value=-0.050352918769784274 0.060556989741807787 0.050352917621433992 -0.058179055948714767 0.050352917621433992 0.053307380489490443 -0.053175406415706707 -0.068703630334567709 0.025659407415088726 -0.050358820784410487 -0.079000979721513306 -0.050361394890020852 -0.050368955588220403 -0.052224053820013917 -0.050966073132652438
leaf_weight=65.840192392468452 1.1421123743057253 67.096147835254669 0.32236453145742316 0.33133900165557761 0.46174949407577492 0.23365611396729868 0.1057240515947343 0.22476719366386533 0.14966068253852427 0.61990480870008469 0.30201583029702306 1.0109418742358682 0.19173099217005074 0.15979090170003463
leaf_count=17728 1 1215 5 6 1 9 1 14 40 5 81 271 13 34
internal_value=1.6628e-06 0.0488565 0.000688423 -0.0489728 -0.049452 -0.0285665 -0.00671559 0.0124839 -0.020811 -0.0718775 -0.0551174 -0.0509038 -0.0514064 -0.0504505
internal_weight=138.192 69.1805 2.08438 69.0116 68.6802 2.84004 1.43565 1.02791 0.566159 0.942269 0.40774 1.40439 0.341392 1.17073
internal_count=19424 1226 11 18198 18192 464 150 68 67 10 82 314 53 305
cat_boundaries=0 1
cat_threshold=2
is_linear=0
shrinkage=0.05


Tree=86
num_leaves=15
num_cat=1
split_feature=2 2 8 5 2 12 10 10 1 2 2 10 10 9
split_gain=125.724 1.92364 3.38849 1.2491 0.499484 0.530237 0.504687 0.531103 0.0298094 0.00884754 0.000496323 7.84382e-05 1.70171e-05 2.78345e-05
threshold=59.500000000000007 61.500000000000007 1.0000000180025095e-35 1.0000000180025095e-35 21.500000000000004 0 10.500000000000002 9.5000000000000018 183.50000000000003 22.500000000000004 22.500000000000004 8.5000000000000018 20.500000000000004 0.23856327090073773
decision_type=2 2 2 2 2 1 2 2 2 2 2 2 2 2
left_child=3 2 -2 4 -1 6 7 11 -4 -8 -7 -6 -12 -14
right_child=1 -3 8 -5 5 10 9 -9 -10 -11 12 -13 13 -15
leaf_value=-0.050335588355667461 0.05993666325598699 0.050335586075933851 -0.057716785825790207 0.050335586075933851 -0.050365105581644434 -0.053013107225087376 -0.067461769934458349 0.033631191417598537 -0.076798040613077753 -0.050343651276879522 -0.050350869997986519 -0.052600497642315037 -0.051692192050499776 -0.0503276433243946
leaf_weight=62.650147616863251 1.0973690748214724 63.845252674072981 0.30903629958629508 0.31528519839048286 0.20019452855922282 0.22292383015155715 0.10237173736095428 0.73890016600489616 0.60614988207817078 0.28738505113869905 0.96197434584610142 0.048810927197337151 0.066037242067977786 0.086094730766490102
leaf_count=17728 1 1215 5 6 53 9 1 9 5 81 271 6 9 25
internal_value=1.79485e-06 0.0488184 0.000688148 -0.0489469 -0.0494258 -0.0284287 -0.00665939 0.0123492 -0.0703548 -0.0548398 -0.0508595 -0.0508033 -0.0504286 -0.05092
internal_weight=131.538 65.8578 2.01256 65.6801 65.3648 2.71469 1.37766 0.987906 0.915186 0.389757 1.33703 0.249005 1.11411 0.152132
internal_count=19424 1226 11 18198 18192 464 150 68 10 82 314 59 305 34
cat_boundaries=0 1
cat_threshold=2
is_linear=0
shrinkage=0.05


Tree=87
num_leaves=15
num_cat=1
split_feature=2 8 5 2 2 9 2 1 1 1 12 1 1 11
split_gain=119.506 4.88555 1.19398 0.18372 0.763557 0.41151 0.176114 0.151622 0.25722 0.0242644 1.20189e-05 1.18317e-05 2.74327e-05 1.36905e-05
threshold=61.500000000000007 1.0000000180025095e-35 1.0000000180025095e-35 21.500000000000004 22.500000000000004 0.82769200860483727 59.500000000000007 183.50000000000003 176.50000000000003 183.50000000000003 0 498.50000000000006 518.50000000000011 5.5000000000000009
decision_type=2 2 2 2 2 2 2 2 2 2 1 2 2 2
left_child=1 -1 3 -3 5 -5 7 8 10 -8 -6 -9 -13 -14
right_child=-2 2 -4 4 6 -7 9 11 -10 -11 -12 12 13 -15
leaf_value=0.059358593277602782 0.050319111271644006 -0.050319114471104036 0.050319111271644006 -0.059800651378592862 -0.050995621723460519 0.027550479198070701 -0.057284009665433323 -0.050319007174211207 0.021835702954037205 -0.074817040967971302 -0.050313333036254196 -0.051441608264583119 -0.0504300305472309 -0.051159303186033636
leaf_weight=1.053757071495055 60.750865414738655 59.613683387637138 0.3000042736530294 0.17738717980682794 0.10370482294820249 0.5619831383228302 0.2961289882659911 0.60213631670922019 0.22164040338248014 0.5914611741900444 0.17093755956739221 0.088774015195667744 0.60884672915562987 0.071960789151489735
leaf_count=1 1215 17728 6 6 19 5 5 180 4 5 52 12 171 15
internal_value=1.81315e-06 -0.0474184 -0.0491928 -0.0496659 -0.0385241 0.0065935 -0.0506299 -0.0419167 -0.0182341 -0.0689675 -0.050571 -0.050485 -0.0506149 -0.0505071
internal_weight=125.213 64.4624 63.4086 63.1086 3.49496 0.73937 2.75559 1.868 0.496283 0.88759 0.274642 1.37172 0.769582 0.680808
internal_count=19424 18209 18208 18202 474 11 463 453 75 10 71 378 198 186
cat_boundaries=0 1
cat_threshold=2
is_linear=0
shrinkage=0.05


Tree=88
num_leaves=15
num_cat=1
split_feature=2 8 5 2 2 2 1 9 9 1 1 12 1 1
split_gain=113.593 4.63722 1.13453 0.193024 0.727255 0.156977 0.149002 0.248434 0.189634 0.0198276 8.15758e-05 1.15394e-05 1.02112e-05 2.35832e-05
threshold=61.500000000000007 1.0000000180025095e-35 1.0000000180025095e-35 21.500000000000004 22.500000000000004 59.500000000000007 183.50000000000003 0.23445056193255559 0.21139337552368265 183.50000000000003 176.50000000000003 0 498.50000000000006 518.50000000000011
decision_type=2 2 2 2 2 2 2 2 2 2 2 1 2 2
left_child=1 -1 3 -3 -5 6 7 8 -6 -7 11 -9 -8 -14
right_child=-2 2 -4 4 5 9 12 10 -10 -11 -12 -13 13 -15
leaf_value=0.058819239121555747 0.050303455239784446 -0.050303454625194394 0.050303455239784446 0.0063799495640833453 -0.050677804522976988 -0.056878479891972672 -0.050303351431880299 -0.051052919447905992 0.051022500744458979 -0.073028061419985399 -0.052886117294568671 -0.050296964373732204 -0.051370481747033306 -0.050482650988330324
leaf_weight=1.0113226175308216 57.805544938892126 56.723497942090034 0.2854594811797132 0.72496184986084644 0.064938568277284836 0.28364403173327435 0.5729435433167962 0.082210198976099491 0.15582522749900818 0.57604331523180008 0.047201533801853657 0.13079971983097494 0.084558428963646293 0.64791003428399563
leaf_count=1 1215 17728 6 11 15 5 180 15 1 5 2 42 12 186
internal_value=1.80084e-06 -0.0473618 -0.0491403 -0.0496126 -0.0379886 -0.0501445 -0.0416962 -0.0179064 0.0211069 -0.0676997 -0.0510055 -0.0505887 -0.0504615 -0.0505851
internal_weight=119.197 61.3913 60.38 60.0945 3.37104 2.64607 1.78639 0.480975 0.220764 0.859687 0.260211 0.21301 1.30541 0.732468
internal_count=19424 18209 18208 18202 474 463 453 75 16 10 59 57 378 198
cat_boundaries=0 1
cat_threshold=2
is_linear=0
shrinkage=0.05


Tree=89
num_leaves=15
num_cat=1
split_feature=2 8 5 2 2 2 1 9 9 1 1 12 1 1
split_gain=107.97 4.40164 1.07796 0.203845 0.704018 0.138123 0.141796 0.236083 0.180221 0.0162596 6.99688e-05 9.94229e-06 8.81614e-06 2.02708e-05
threshold=61.500000000000007 1.0000000180025095e-35 1.0000000180025095e-35 21.500000000000004 22.500000000000004 59.500000000000007 183.50000000000003 0.23445056193255559 0.21139337552368265 183.50000000000003 176.50000000000003 0 498.50000000000006 518.50000000000011
decision_type=2 2 2 2 2 2 2 2 2 2 2 1 2 2
left_child=1 -1 3 -3 -5 6 7 8 -6 -7 11 -9 -8 -14
right_child=-2 2 -4 4 5 9 12 10 -10 -11 -12 -13 13 -15
leaf_value=0.058315461452126377 0.050288568375312287 -0.050288563810668187 0.050288568375312287 0.006068099291860302 -0.050644911040852253 -0.056498156666824922 -0.050288470456436953 -0.051001599724453145 0.050971640535936315 -0.071406305331483941 -0.052739109154095937 -0.050282399365861097 -0.051302898641608786 -0.050459439589020619
leaf_weight=0.97009938955306907 55.002203173935413 53.972632110118866 0.27161581814288993 0.72413011454045717 0.061810585670173501 0.27158075943589199 0.54515796084888257 0.07827746425755322 0.14836971461772919 0.56007459759712219 0.0450214808806777 0.12445567874237895 0.080537747591733932 0.6165874470025301
leaf_count=1 1215 17728 6 11 15 5 180 15 1 5 2 42 12 186
internal_value=1.87102e-06 -0.0473021 -0.049084 -0.0495556 -0.0374061 -0.04984 -0.0416723 -0.0178898 0.0210879 -0.066538 -0.0509561 -0.0505601 -0.0504391 -0.0505569
internal_weight=113.473 58.4704 57.5003 57.2286 3.256 2.53187 1.70022 0.457935 0.21018 0.831655 0.247755 0.202733 1.24228 0.697125
internal_count=19424 18209 18208 18202 474 463 453 75 16 10 59 57 378 198
cat_boundaries=0 1
cat_threshold=2
is_linear=0
shrinkage=0.05


Tree=90
num_leaves=15
num_cat=1
split_feature=2 8 5 2 2 2 1 9 9 1 1 12 1 1
split_gain=102.626 4.17838 1.02421 0.214273 0.681956 0.121881 0.134936 0.224357 0.171282 0.0133767 6.00241e-05 8.56581e-06 7.61068e-06 1.74247e-05
threshold=61.500000000000007 1.0000000180025095e-35 1.0000000180025095e-35 21.500000000000004 22.500000000000004 59.500000000000007 183.50000000000003 0.23445056193255559 0.21139337552368265 183.50000000000003 176.50000000000003 0 498.50000000000006 518.50000000000011
decision_type=2 2 2 2 2 2 2 2 2 2 2 1 2 2
left_child=1 -1 3 -3 -5 6 7 8 -6 -7 11 -9 -8 -14
right_child=-2 2 -4 4 5 9 12 10 -10 -11 -12 -13 13 -15
leaf_value=0.057844412513840406 0.050274410927000995 -0.050274412849415945 0.050274410927000995 0.0057710331537382149 -0.050613608533986602 -0.05614120033512851 -0.050274322849767961 -0.050952779750356336 0.050923352691835733 -0.069931054980887988 -0.052599893901490627 -0.050268551155141755 -0.051238682726215505 -0.050437331555278166
leaf_weight=0.93011105060577293 52.334073409438133 51.354444548487663 0.25843986868858237 0.72335499990731422 0.058831493603065943 0.25993652641773213 0.51871254655998178 0.074529370525851846 0.14126408100128174 0.5437101423740387 0.042936242185533047 0.11841769353486598 0.076703466475009918 0.58676672563888133
leaf_count=1 1215 17728 6 11 15 5 180 15 1 5 2 42 12 186
internal_value=1.92778e-06 -0.0472427 -0.0490276 -0.0494985 -0.0368301 -0.0495543 -0.0416495 -0.0178739 0.0210698 -0.0654708 -0.0509091 -0.0505328 -0.0504178 -0.05053
internal_weight=108.022 55.6882 54.758 54.4996 3.14516 2.42181 1.61816 0.435979 0.200096 0.803647 0.235883 0.192947 1.18218 0.66347
internal_count=19424 18209 18208 18202 474 463 453 75 16 10 59 57 378 198
cat_boundaries=0 1
cat_threshold=2
is_linear=0
shrinkage=0.05


Tree=91
num_leaves=15
num_cat=2
split_feature=2 8 5 2 2 1 1 2 2 12 1 1 11 12
split_gain=97.5469 3.96674 0.973139 0.224328 0.660968 0.110218 0.297768 0.0474892 0.00134738 6.62698e-06 6.56909e-06 1.4979e-05 7.66813e-06 1.42848e-05
threshold=61.500000000000007 1.0000000180025095e-35 1.0000000180025095e-35 21.500000000000004 22.500000000000004 183.50000000000003 176.50000000000003 59.500000000000007 59.500000000000007 0 498.50000000000006 518.50000000000011 5.5000000000000009 1
decision_type=2 2 2 2 2 2 2 2 2 1 2 2 2 1
left_child=1 -1 3 -3 -5 6 8 10 9 -6 -7 -12 -13 -14
right_child=-2 2 -4 4 5 7 -8 -9 -10 -11 11 12 13 -15
leaf_value=0.057403530399765638 0.050260958431627922 -0.050260961436247947 0.050260958431627922 0.0054881108419266161 -0.050815425017365835 -0.050260873415092527 0.020845415109127852 -0.068584871795288493 -0.055805927385287314 -0.050256183820768602 -0.051177662254527849 -0.050352434258139116 -0.051822114331532491 -0.050259720093225761
leaf_weight=0.89137178659438987 49.794701244682074 48.862603485584259 0.2458997592329969 0.72263231873512213 0.085189537727274001 0.49354334000963695 0.1897907517850399 0.52708450704812992 0.24870714172720909 0.14007767557632211 0.073047395329922438 0.4991260739043355 0.026331531815230846 0.032919410150498152
leaf_count=1 1215 17728 6 11 19 180 4 5 5 52 12 171 3 12
internal_value=1.97901e-06 -0.0471834 -0.0489711 -0.0494413 -0.0362591 -0.049286 -0.0320773 -0.0562002 -0.0532688 -0.0504677 -0.0503975 -0.0505044 -0.0504163 -0.0509541
internal_weight=102.833 53.0383 52.147 51.9011 3.03845 2.31582 0.663765 1.65205 0.473974 0.225267 1.12497 0.631424 0.558377 0.0592509
internal_count=19424 18209 18208 18202 474 463 80 383 76 71 378 198 186 15
cat_boundaries=0 1 2
cat_threshold=2 1
is_linear=0
shrinkage=0.05


Tree=92
num_leaves=15
num_cat=2
split_feature=2 8 5 2 2 1 1 2 2 12 1 1 11 12
split_gain=92.7136 3.76556 0.924469 0.237454 0.63766 0.10704 0.283853 0.0398303 0.00114838 5.71084e-06 5.66154e-06 1.28836e-05 6.5935e-06 1.22744e-05
threshold=61.500000000000007 1.0000000180025095e-35 1.0000000180025095e-35 21.500000000000004 22.500000000000004 183.50000000000003 176.50000000000003 59.500000000000007 59.500000000000007 0 498.50000000000006 518.50000000000011 5.5000000000000009 1
decision_type=2 2 2 2 2 2 2 2 2 1 2 2 2 1
left_child=1 -1 3 -3 -5 6 8 10 9 -6 -7 -12 -13 -14
right_child=-2 2 -4 4 5 7 -8 -9 -10 -11 11 12 13 -15
leaf_value=0.056990509334653841 0.05024816998875177 -0.050248166473962991 0.05024816998875177 0.005218703004178385 -0.050775767284927012 -0.050248086274316345 0.019977641185450618 -0.067352966039397374 -0.055490796160157778 -0.050243627024035044 -0.051119674029908239 -0.050335338003212951 -0.051731151801621814 -0.050246989340847314
leaf_weight=0.85388815402984519 47.377935536205769 46.491082593798637 0.23396511375903983 0.72195807099342291 0.081096490263007581 0.46958940860349663 0.1881754556670785 0.51031403243541706 0.23788703605532646 0.13327846419997547 0.069561665644869208 0.47494061198085546 0.025090258102864027 0.031321645015850663
leaf_count=1 1215 17728 6 11 19 180 4 5 5 52 12 171 3 12
internal_value=1.9805e-06 -0.0471172 -0.048907 -0.0493763 -0.0356036 -0.0488717 -0.0316274 -0.0558579 -0.053099 -0.0504449 -0.0503782 -0.0504798 -0.050396 -0.0509071
internal_weight=97.9001 50.5221 49.6683 49.4343 2.94321 2.22126 0.640437 1.58082 0.452262 0.214375 1.0705 0.600914 0.531353 0.0564119
internal_count=19424 18209 18208 18202 474 463 80 383 76 71 378 198 186 15
cat_boundaries=0 1 2
cat_threshold=2 1
is_linear=0
shrinkage=0.05


Tree=93
num_leaves=15
num_cat=2
split_feature=2 8 5 2 2 1 1 2 2 12 1 1 11 12
split_gain=88.1199 3.57474 0.878216 0.250329 0.61531 0.104192 0.270751 0.0334616 0.000979283 4.92108e-06 4.87894e-06 1.10818e-05 5.6698e-06 1.05479e-05
threshold=61.500000000000007 1.0000000180025095e-35 1.0000000180025095e-35 21.500000000000004 22.500000000000004 183.50000000000003 176.50000000000003 59.500000000000007 59.500000000000007 0 498.50000000000006 518.50000000000011 5.5000000000000009 1
decision_type=2 2 2 2 2 2 2 2 2 1 2 2 2 1
left_child=1 -1 3 -3 -5 6 8 10 9 -6 -7 -12 -13 -14
right_child=-2 2 -4 4 5 7 -8 -9 -10 -11 11 12 13 -15
leaf_value=0.056603254849649592 0.05023600625347039 -0.050236007424734608 0.05023600625347039 0.0049622063289229811 -0.050738033598534939 -0.050235929581572025 0.019133437402828218 -0.066222683231392687 -0.05519440555111485 -0.050231688146947 -0.051064566076272078 -0.050319064402427054 -0.051644829202043899 -0.050234886449749806
leaf_weight=0.81765967607498069 45.077923871576786 44.234119713306427 0.22260703146457572 0.72132872138172333 0.07719729037489742 0.44679263781290479 0.18669318314641714 0.49349911510944355 0.22746952250599861 0.12680776894558254 0.066238710889592767 0.45191989722661674 0.023905477486550808 0.029801067896187305
leaf_count=1 1215 17728 6 11 19 180 4 5 5 52 12 171 3 12
internal_value=1.97454e-06 -0.0470504 -0.0488419 -0.0493103 -0.0349518 -0.0484667 -0.0311721 -0.0555367 -0.0529386 -0.0504233 -0.0503597 -0.0504564 -0.0503768 -0.0508625
internal_weight=93.204 48.126 47.3084 47.0858 2.85165 2.13032 0.618168 1.51216 0.431475 0.204005 1.01866 0.571865 0.505626 0.0537065
internal_count=19424 18209 18208 18202 474 463 80 383 76 71 378 198 186 15
cat_boundaries=0 1 2
cat_threshold=2 1
is_linear=0
shrinkage=0.05


Tree=94
num_leaves=15
num_cat=2
split_feature=2 8 5 2 2 1 1 2 2 12 1 1 11 12
split_gain=83.7537 3.39371 0.834258 0.262959 0.593841 0.101641 0.258406 0.0281538 0.000835496 4.24024e-06 4.20442e-06 9.53213e-06 4.87558e-06 9.06485e-06
threshold=61.500000000000007 1.0000000180025095e-35 1.0000000180025095e-35 21.500000000000004 22.500000000000004 183.50000000000003 176.50000000000003 59.500000000000007 59.500000000000007 0 498.50000000000006 518.50000000000011 5.5000000000000009 1
decision_type=2 2 2 2 2 2 2 2 2 1 2 2 2 1
left_child=1 -1 3 -3 -5 6 8 10 9 -6 -7 -12 -13 -14
right_child=-2 2 -4 4 5 7 -8 -9 -10 -11 11 12 13 -15
leaf_value=0.05623987096983496 0.050224437789510981 -0.05022444046803505 0.050224437789510981 0.0047180443852054459 -0.050702129854094127 -0.050224370013666378 0.018313666391817578 -0.065183169668864047 -0.054915473947311978 -0.050220339590399059 -0.051012192708623061 -0.050303580621351887 -0.051562895141211665 -0.050223377202834207
leaf_weight=0.78268009424209495 42.889071833342314 42.086241617798805 0.21179788559675117 0.72074087802320663 0.073483023443259299 0.42509765340946593 0.18533336464315653 0.47672595828771591 0.21744692698121071 0.12064985360484604 0.063071266980841756 0.43000849289819598 0.022774815326556563 0.028353984700515866
leaf_count=1 1215 17728 6 11 19 180 4 5 5 52 12 171 3 12
internal_value=1.96012e-06 -0.046983 -0.0487758 -0.0492434 -0.0343031 -0.0480695 -0.0307112 -0.0552349 -0.0527869 -0.0504027 -0.0503422 -0.0504342 -0.0503585 -0.0508201
internal_weight=88.7335 45.8444 45.0617 44.8499 2.76369 2.04295 0.596913 1.44603 0.41158 0.194133 0.969306 0.544209 0.481137 0.0511288
internal_count=19424 18209 18208 18202 474 463 80 383 76 71 378 198 186 15
cat_boundaries=0 1 2
cat_threshold=2 1
is_linear=0
shrinkage=0.05


Tree=95
num_leaves=15
num_cat=1
split_feature=2 8 5 2 12 9 11 11 2 2 2 2 2 1
split_gain=79.6035 3.22193 0.792481 0.27535 0.583665 0.592705 0.109619 0.244761 0.0204169 0.00561094 0.000506647 0.000358242 0.000321507 4.01744e-05
threshold=61.500000000000007 1.0000000180025095e-35 1.0000000180025095e-35 21.500000000000004 0 0.82769200860483727 3.5000000000000004 2.5000000000000004 59.500000000000007 22.500000000000004 22.500000000000004 59.500000000000007 59.500000000000007 193.50000000000003
decision_type=2 2 2 2 1 2 2 2 2 2 2 2 2 2
left_child=1 -1 3 -3 5 6 7 11 10 -8 -6 -5 13 -11
right_child=-2 2 -4 4 8 -7 9 -9 -10 12 -12 -13 -14 -15
leaf_value=0.055898629353995435 0.050213449864932105 -0.050213446231217734 0.050213449864932105 -0.0504572168213143 -0.053044920895617055 0.03407286433672637 -0.065980314936070497 0.030122993543137407 -0.063431947622021159 -0.05199650655649897 -0.050298621045755679 -0.054652816705354074 -0.054652816705354074 -0.050444850210804151
leaf_weight=0.74893814325332542 40.806052051484585 40.04221448302269 0.20151136815547843 0.1311520958552137 0.21897530090063722 0.49269940867088735 0.097940847277641296 0.15679986961185932 0.50163033604621887 0.060924570541828871 0.72054282494354993 0.083124324679374695 0.083124324679374695 0.13230814225971699
leaf_count=1 1215 17728 6 46 9 31 1 15 6 9 305 2 2 48
internal_value=1.94337e-06 -0.0469146 -0.0487085 -0.0491751 -0.0336568 -0.00847838 -0.0366052 -0.0173476 -0.0552873 -0.055697 -0.0509387 -0.0520848 -0.0520526 -0.0509341
internal_weight=84.4779 43.6719 42.9229 42.7214 2.67922 1.23807 0.745374 0.371076 1.44115 0.374298 0.939518 0.214276 0.276357 0.193233
internal_count=19424 18209 18208 18202 474 154 123 63 320 60 314 48 59 57
cat_boundaries=0 1
cat_threshold=2
is_linear=0
shrinkage=0.05


Tree=96
num_leaves=15
num_cat=1
split_feature=2 8 5 2 12 9 11 11 2 2 2 2 2 1
split_gain=75.6768 3.06032 0.753148 0.276681 0.558872 0.553364 0.105053 0.231107 0.0172527 0.00471248 0.000434809 0.000306029 0.00027438 3.45875e-05
threshold=61.500000000000007 1.0000000180025095e-35 1.0000000180025095e-35 21.500000000000004 0 0.82769200860483727 3.5000000000000004 2.5000000000000004 59.500000000000007 22.500000000000004 22.500000000000004 59.500000000000007 59.500000000000007 193.50000000000003
decision_type=2 2 2 2 1 2 2 2 2 2 2 2 2 2
left_child=1 -1 3 -3 5 6 7 11 10 -8 -6 -5 13 -11
right_child=-2 2 -4 4 8 -7 9 -9 -10 12 -12 -13 -14 -15
leaf_value=0.055577949245339264 0.050202995808693821 -0.050202994955679363 0.050202995808693821 -0.050435082332359639 -0.0528898054279551 0.032992568640420522 -0.064959961983930226 0.029114514498885725 -0.062617866181055623 -0.051898479286071213 -0.050284177566227606 -0.054405354491177151 -0.054405354491177151 -0.050423330954723303
leaf_weight=0.71641844511032005 38.823795150965452 38.097064524888992 0.19172244518995185 0.12480910238809884 0.20889120362698943 0.48362659802660346 0.094590216875076294 0.15418773074634373 0.48321104422211647 0.058059946866706014 0.68559347256086767 0.079420857131481171 0.079420857131481171 0.12590775545686483
leaf_count=1 1215 17728 6 46 9 31 1 15 6 9 305 2 2 48
internal_value=1.8398e-06 -0.0468683 -0.0486643 -0.0491303 -0.0332768 -0.00833142 -0.0362285 -0.0170934 -0.0550052 -0.0553871 -0.0508927 -0.051979 -0.0519492 -0.0508889
internal_weight=80.4067 41.5829 40.8665 40.6748 2.57772 1.20002 0.716396 0.358418 1.3777 0.357979 0.894485 0.20423 0.263389 0.183968
internal_count=19424 18209 18208 18202 474 154 123 63 320 60 314 48 59 57
cat_boundaries=0 1
cat_threshold=2
is_linear=0
shrinkage=0.05


Tree=97
num_leaves=15
num_cat=1
split_feature=2 8 5 2 2 1 1 2 2 1 1 11 12 9
split_gain=71.9439 2.90691 0.71576 0.277912 0.539773 0.0935655 0.232236 0.0170505 0.000517452 3.32407e-06 7.54421e-06 2.88845e-06 5.80262e-06 3.26876e-06
threshold=61.500000000000007 1.0000000180025095e-35 1.0000000180025095e-35 21.500000000000004 22.500000000000004 183.50000000000003 176.50000000000003 59.500000000000007 59.500000000000007 498.50000000000006 518.50000000000011 5.5000000000000009 0 0.94242873540246985
decision_type=2 2 2 2 2 2 2 2 2 2 2 2 1 2
left_child=1 -1 3 -3 -5 6 8 9 -6 -7 -11 13 -13 -12
right_child=-2 2 -4 4 5 7 -8 -9 -10 10 11 12 -14 -15
leaf_value=0.055276397407992374 0.050193054888746917 -0.050193057140039479 0.050193054888746917 0.0054371116911010701 -0.050347294294604307 -0.050196532703929875 0.018367596502037151 -0.062540392460294567 -0.054158182775974908 -0.05093589349021789 -0.050234002865609674 -0.051344275929399198 -0.050198791502381428 -0.050765924119545017
leaf_weight=0.68510186672210593 36.937467120587826 36.246040850877762 0.18240724503993888 0.67026661615818683 0.16838479158468533 0.3720172415487466 0.17183079198002815 0.42772747576236725 0.18911924585700035 0.056951651000417769 0.34795175795443356 0.019728190847672522 0.025149419670924544 0.031496428186073899
leaf_count=1 1215 17728 6 11 71 180 4 5 5 12 162 3 12 9
internal_value=1.72682e-06 -0.0468218 -0.0486196 -0.049085 -0.0328942 -0.047086 -0.0294029 -0.0543929 -0.0523633 -0.0503088 -0.0503955 -0.050323 -0.0507023 -0.0502782
internal_weight=76.5316 39.5942 38.9091 38.7267 2.48062 1.81036 0.529335 1.28102 0.357504 0.853295 0.481277 0.424326 0.0448776 0.379448
internal_count=19424 18209 18208 18202 474 463 80 383 76 378 198 186 15 171
cat_boundaries=0 1
cat_threshold=1
is_linear=0
shrinkage=0.05


Tree=98
num_leaves=15
num_cat=1
split_feature=2 8 5 2 12 9 11 11 2 2 2 2 2 1
split_gain=68.3802 2.76009 0.679908 0.288384 0.531364 0.512309 0.101822 0.213106 0.0122492 0.00401866 0.000376896 0.000223592 0.000193871 3.19733e-05
threshold=61.500000000000007 1.0000000180025095e-35 1.0000000180025095e-35 21.500000000000004 0 0.82769200860483727 3.5000000000000004 2.5000000000000004 59.500000000000007 22.500000000000004 22.500000000000004 59.500000000000007 59.500000000000007 193.50000000000003
decision_type=2 2 2 2 1 2 2 2 2 2 2 2 2 2
left_child=1 -1 3 -3 5 6 7 11 10 -8 -6 -5 13 -11
right_child=-2 2 -4 4 8 -7 9 -9 -10 12 -12 -13 -14 -15
leaf_value=0.054992649597570699 0.050183602728529557 -0.050183602424580177 0.050183602728529557 -0.050394003455553588 -0.052757670968258411 0.032631173326445793 -0.064095484955153575 0.02865697398036255 -0.061150187579034759 -0.051855705339118187 -0.050263651531559976 -0.053952134115709885 -0.053952134115709885 -0.050383138367869396
leaf_weight=0.65496647357940574 35.142455734312534 34.484631970524788 0.17354299128055473 0.11303601099643856 0.20021633338183076 0.46879447624087334 0.091544531285762787 0.14805180439725518 0.44745022058486938 0.054472675197757781 0.62234276032540947 0.072452269494533539 0.072452269494533539 0.1140191814629361
leaf_count=1 1215 17728 6 46 9 31 1 15 6 9 305 2 2 48
internal_value=1.67895e-06 -0.0467536 -0.0485517 -0.0490162 -0.0322754 -0.00741188 -0.0355968 -0.0160778 -0.0544924 -0.0551775 -0.0508707 -0.0517838 -0.0517893 -0.0508592
internal_weight=72.8604 37.718 37.063 36.8895 2.40483 1.13482 0.666029 0.33354 1.27001 0.332489 0.822559 0.185488 0.240944 0.168492
internal_count=19424 18209 18208 18202 474 154 123 63 320 60 314 48 59 57
cat_boundaries=0 1
cat_threshold=2
is_linear=0
shrinkage=0.05


Tree=99
num_leaves=15
num_cat=1
split_feature=2 8 5 2 12 9 11 11 2 2 2 2 2 1
split_gain=65.0081 2.62193 0.646153 0.288681 0.509573 0.477872 0.0977684 0.201212 0.0103808 0.0033845 0.000323539 0.000191215 0.000165627 2.75271e-05
threshold=61.500000000000007 1.0000000180025095e-35 1.0000000180025095e-35 21.500000000000004 0 0.82769200860483727 3.5000000000000004 2.5000000000000004 59.500000000000007 22.500000000000004 22.500000000000004 59.500000000000007 59.500000000000007 193.50000000000003
decision_type=2 2 2 2 1 2 2 2 2 2 2 2 2 2
left_child=1 -1 3 -3 5 6 7 11 10 -8 -6 -5 13 -11
right_child=-2 2 -4 4 8 -7 9 -9 -10 12 -12 -13 -14 -15
leaf_value=0.054725503319215524 0.050174618737526322 -0.050174617193367833 0.050174618737526322 -0.050374911825026451 -0.052617751469696675 0.031552478694128597 -0.06322037000438667 0.027653442027573666 -0.060496466033825615 -0.051764626842686706 -0.050250897216869164 -0.053744559198994415 -0.053744559198994415 -0.050364582582974431
leaf_weight=0.625987708568572 33.434372814372182 32.808524519205093 0.16510801389813323 0.10756290517747402 0.19094531983137042 0.46078887092880905 0.088254503905773163 0.14581182971596718 0.43011017516255379 0.051904881023801863 0.59213721111882478 0.069178178906440735 0.069178178906440735 0.10849735012743622
leaf_count=1 1215 17728 6 46 9 31 1 15 6 9 305 2 2 48
internal_value=1.54154e-06 -0.0467074 -0.0485068 -0.0489707 -0.0319035 -0.00727757 -0.0352176 -0.0158245 -0.0542558 -0.0548986 -0.050828 -0.0516938 -0.0516996 -0.0508176
internal_weight=69.3484 35.914 35.288 35.1229 2.31437 1.10118 0.640388 0.322553 1.21319 0.317835 0.783083 0.176741 0.22958 0.160402
internal_count=19424 18209 18208 18202 474 154 123 63 320 60 314 48 59 57
cat_boundaries=0 1
cat_threshold=2
is_linear=0
shrinkage=0.05


Tree=100
num_leaves=15
num_cat=2
split_feature=2 8 5 2 2 1 1 2 2 12 10 10 12 10
split_gain=61.8021 2.49071 0.614064 0.288978 0.492552 0.0872467 0.209503 0.0104233 0.000322192 2.88907e-06 4.71256e-06 1.63078e-05 1.73712e-06 1.58054e-06
threshold=61.500000000000007 1.0000000180025095e-35 1.0000000180025095e-35 21.500000000000004 22.500000000000004 183.50000000000003 176.50000000000003 59.500000000000007 59.500000000000007 0 10.500000000000002 9.5000000000000018 1 20.500000000000004
decision_type=2 2 2 2 2 2 2 2 2 1 2 2 1 2
left_child=1 -1 3 -3 -5 6 8 9 12 10 11 -7 -6 -11
right_child=-2 2 -4 4 5 7 -8 -9 -10 13 -12 -13 -14 -15
leaf_value=0.054473846876232856 0.050166071036882469 -0.050166070913079924 0.050166071036882469 0.0061761963592814545 -0.05051663152364088 -0.05020218374871617 0.018486495394532166 -0.060430846572909182 -0.053527461049815886 -0.050165259087181641 -0.05018671858955303 -0.051231758889502779 -0.050162961223580604 -0.050439073761668979
leaf_weight=0.59813922643661399 31.80904065258801 31.213615640997887 0.15708168223500152 0.62372386548668091 0.05675023456569761 0.10415889008436352 0.15958052687346935 0.38104787468910217 0.16422116383910179 0.3887960377614943 0.13830393715761602 0.060976407490670681 0.089435170870274194 0.06096690846607089
leaf_count=1 1215 17728 6 11 19 50 4 5 5 222 72 5 52 29
internal_value=1.39239e-06 -0.0466606 -0.048461 -0.0489243 -0.0315272 -0.0461862 -0.0280719 -0.053692 -0.0520076 -0.0502828 -0.050402 -0.0505824 -0.0503003 -0.0502024
internal_weight=66.0058 34.1968 33.5987 33.4416 2.22796 1.60424 0.469987 1.13425 0.310407 0.753202 0.303439 0.165135 0.146185 0.449763
internal_count=19424 18209 18208 18202 474 463 80 383 76 378 127 55 71 251
cat_boundaries=0 1 2
cat_threshold=2 2
is_linear=0
shrinkage=0.05


Tree=101
num_leaves=15
num_cat=1
split_feature=2 8 5 2 12 9 11 11 2 2 2 2 2 1
split_gain=58.7412 2.36508 0.583289 0.297736 0.485479 0.442291 0.0949236 0.185568 0.00739985 0.00289548 0.000280746 0.000140008 0.000116569 2.54636e-05
threshold=61.500000000000007 1.0000000180025095e-35 1.0000000180025095e-35 21.500000000000004 0 0.82769200860483727 3.5000000000000004 2.5000000000000004 59.500000000000007 22.500000000000004 22.500000000000004 59.500000000000007 59.500000000000007 193.50000000000003
decision_type=2 2 2 2 1 2 2 2 2 2 2 2 2 2
left_child=1 -1 3 -3 5 6 7 11 10 -8 -6 -5 13 -11
right_child=-2 2 -4 4 8 -7 9 -9 -10 12 -12 -13 -14 -15
leaf_value=0.054236655705979589 0.050157945105055314 -0.050157944501027354 0.050157945105055314 -0.050339262468518053 -0.052500406592611473 0.031217893824684474 -0.062487334718291265 0.027226332184447657 -0.059312159240781308 -0.051727621918560208 -0.050233535157907794 -0.053363668729950332 -0.053363668729950332 -0.05032981730370896
leaf_weight=0.57139289379119773 30.262473905459046 29.695998542010788 0.14944431558251281 0.097391726449131966 0.18310120794922025 0.44675341434776783 0.085328280925750732 0.14014295884408057 0.39674942381680012 0.048750329180620611 0.5376189622329548 0.063031718134880066 0.063031718134880066 0.098232822492718697
leaf_count=1 1215 17728 6 46 9 31 1 15 6 9 305 2 2 48
internal_value=1.31752e-06 -0.0465918 -0.0483919 -0.0488542 -0.0309318 -0.00639255 -0.0345891 -0.0148076 -0.0538283 -0.0547205 -0.0508094 -0.0515276 -0.0515648 -0.0507934
internal_weight=62.8394 32.577 32.0056 31.8561 2.16013 1.04266 0.59591 0.300566 1.11747 0.295343 0.72072 0.160423 0.210015 0.146983
internal_count=19424 18209 18208 18202 474 154 123 63 320 60 314 48 59 57
cat_boundaries=0 1
cat_threshold=2
is_linear=0
shrinkage=0.05


Tree=102
num_leaves=15
num_cat=1
split_feature=2 8 5 2 12 9 11 11 1 2 2 2 2 2
split_gain=55.8447 2.24682 0.554314 0.297267 0.466115 0.412165 0.0912928 0.175201 0.0644822 0.00628601 0.00244434 0.000241056 0.000119848 9.96748e-05
threshold=61.500000000000007 1.0000000180025095e-35 1.0000000180025095e-35 21.500000000000004 0 0.82769200860483727 3.5000000000000004 2.5000000000000004 421.50000000000006 59.500000000000007 22.500000000000004 22.500000000000004 59.500000000000007 59.500000000000007
decision_type=2 2 2 2 1 2 2 2 2 2 2 2 2 2
left_child=1 -1 3 -3 5 6 7 12 -7 11 -8 -6 -5 -12
right_child=-2 2 -4 4 9 8 10 -9 -10 -11 13 -13 -14 -15
leaf_value=0.054012995685507208 0.050150218534344086 -0.050150220447264499 0.050150218534344086 -0.050322808126063781 -0.052373997274320828 -0.050230058270314071 -0.061730914175301001 0.026233818306217235 0.034706761072891543 -0.058781133358737428 -0.050755008496443745 -0.050222237240749174 -0.053188880900133122 -0.053188880900133122
leaf_weight=0.54571950435638683 28.790879594162107 28.251950107514865 0.14217718318104644 0.092671404010616243 0.17458101082593114 0.02361352217849344 0.08213602751493454 0.13822302292101085 0.41608669934794307 0.38072258792817593 0.13991784653626382 0.51151112117804587 0.060149680823087692 0.060149680823087692
leaf_count=1 1215 17728 6 46 9 10 1 15 21 6 57 305 2 2
internal_value=1.14678e-06 -0.0465448 -0.0483455 -0.0488072 -0.0305636 -0.0062717 -0.0342048 -0.0145568 0.0301453 -0.0536288 -0.0544683 -0.0507698 -0.0514509 -0.0514867
internal_weight=59.8105 31.0196 30.4739 30.3317 2.07976 1.01295 0.573248 0.291044 0.4397 1.06681 0.282204 0.686092 0.152821 0.200068
internal_count=19424 18209 18208 18202 474 154 123 63 31 320 60 314 48 59
cat_boundaries=0 1
cat_threshold=2
is_linear=0
shrinkage=0.05


Tree=103
num_leaves=15
num_cat=1
split_feature=2 8 5 2 2 1 1 2 2 9 2 9 2 12
split_gain=53.0932 2.13468 0.526817 0.295172 0.447988 0.0823697 0.189441 0.00641519 0.000201147 3.68023e-06 5.7892e-06 1.48809e-06 3.68033e-06 1.11737e-06
threshold=61.500000000000007 1.0000000180025095e-35 1.0000000180025095e-35 21.500000000000004 22.500000000000004 183.50000000000003 176.50000000000003 59.500000000000007 59.500000000000007 0.87559161136899599 35.500000000000007 0.89992808195233309 33.500000000000007 0
decision_type=2 2 2 2 2 2 2 2 2 2 2 2 2 1
left_child=1 -1 3 -3 -5 6 8 9 13 -7 11 -11 -13 -6
right_child=-2 2 -4 4 5 7 -8 -9 -10 10 -12 12 -14 -15
leaf_value=0.053801996907262943 0.050142872746916117 -0.050142873114054923 0.050142872746916117 0.0068187307439603832 -0.050444735926414824 -0.050211254509243519 0.018655479712144454 -0.058725441060144525 -0.052999291692767597 -0.051285498615543039 -0.050177937376808347 -0.050188663659481672 -0.051202340540982931 -0.050140175365122067
leaf_weight=0.52108877897262829 27.390643525868654 26.877924710512168 0.13526243716478248 0.57945613283663933 0.049459668982308358 0.55565264687174909 0.14846720267087221 0.33752989023923874 0.14241213910281658 0.017211709171533585 0.05706868669949472 0.017082194797694683 0.018818633747287095 0.076999887241981813
leaf_count=1 1215 17728 6 11 19 332 4 5 5 2 32 9 3 52
internal_value=9.80615e-07 -0.0465013 -0.0483028 -0.0487639 -0.0302333 -0.0453456 -0.026678 -0.0531101 -0.0517106 -0.0502636 -0.0505276 -0.0509033 -0.05072 -0.0502593
internal_weight=56.9251 29.5344 29.0133 28.8781 2.00016 1.4207 0.417339 1.00336 0.268872 0.665834 0.110181 0.0531125 0.0359008 0.12646
internal_count=19424 18209 18208 18202 474 463 80 383 76 378 46 14 12 71
cat_boundaries=0 1
cat_threshold=2
is_linear=0
shrinkage=0.05


Tree=104
num_leaves=15
num_cat=1
split_feature=2 8 5 2 12 9 11 11 1 2 2 2 2 1
split_gain=50.4635 2.02708 0.500396 0.302427 0.443683 0.382353 0.0887513 0.161597 0.0579775 0.00449339 0.00209638 0.000209329 8.78973e-05 7.47187e-05
threshold=61.500000000000007 1.0000000180025095e-35 1.0000000180025095e-35 21.500000000000004 0 0.82769200860483727 3.5000000000000004 2.5000000000000004 421.50000000000006 59.500000000000007 22.500000000000004 22.500000000000004 59.500000000000007 193.50000000000003
decision_type=2 2 2 2 1 2 2 2 2 2 2 2 2 2
left_child=1 -1 3 -3 5 6 7 12 -7 11 -8 -6 -5 -12
right_child=-2 2 -4 4 9 8 10 -9 -10 -11 13 -13 -14 -15
leaf_value=0.053602844852690283 0.050135882403619547 -0.050135884150125987 0.050135882403619547 -0.05029223427839391 -0.052269447465026243 -0.050208063119615835 -0.06110410762857571 0.025841252215269835 0.034299895793430561 -0.057815309316249966 -0.05231016792678899 -0.050207552391746679 -0.052867611711643628 -0.050284028827222875
leaf_weight=0.49746999144554394 26.05832576751709 25.570545956492431 0.12868309020995994 0.083905414561741054 0.16747816372662672 0.021374306990765035 0.079350598156452179 0.13295676209963858 0.40219293208792806 0.35009758919477463 0.098463872214779258 0.46448148897616193 0.054749306291341782 0.084595059626735747
leaf_count=1 1215 17728 6 46 9 10 1 15 21 6 11 305 2 48
internal_value=8.7906e-07 -0.0464314 -0.0482319 -0.048692 -0.0296575 -0.0054403 -0.0335784 -0.0135432 0.0300354 -0.0532713 -0.0543162 -0.050754 -0.0513091 -0.0513739
internal_weight=54.1947 28.1363 27.6389 27.5102 1.93965 0.957588 0.534021 0.271611 0.423567 0.982057 0.26241 0.63196 0.138655 0.183059
internal_count=19424 18209 18208 18202 474 154 123 63 31 320 60 314 48 59
cat_boundaries=0 1
cat_threshold=2
is_linear=0
shrinkage=0.05


Tree=105
num_leaves=15
num_cat=1
split_feature=2 8 5 2 12 2 9 9 2 2 2 2 10 10
split_gain=47.9773 1.92596 0.475565 0.299775 0.425459 0.360342 0.147899 0.181954 0.0038245 0.000179773 0.000110495 4.60375e-05 1.14579e-05 2.11413e-05
threshold=61.500000000000007 1.0000000180025095e-35 1.0000000180025095e-35 21.500000000000004 0 22.500000000000004 0.21943297836404529 0.21139337552368265 59.500000000000007 22.500000000000004 59.500000000000007 59.500000000000007 10.500000000000002 8.5000000000000018
decision_type=2 2 2 2 1 2 2 2 2 2 2 2 2 2
left_child=1 -1 3 -3 5 -5 7 11 9 -6 12 -7 13 -8
right_child=-2 2 -4 4 8 6 10 -9 -10 -11 -12 -13 -14 -15
leaf_value=0.05341480135868848 0.05012923785269624 -0.05012924163732202 0.05012923785269624 0.030617218283579706 -0.052155087961263807 -0.050163060072900958 -0.050179931042747643 0.050631728509920704 -0.057379888904256875 -0.050197511030487765 -0.052720960767697646 -0.052719948797470495 -0.050172913415309772 -0.051305435185206361
leaf_weight=0.4748318493366267 24.790649330243468 24.326598428189762 0.1224229596555223 0.39797838032245636 0.15965065266936906 0.054040573653765023 0.071022963267751038 0.097764849662780762 0.33548614382743835 0.44191461178706959 0.078358113765716553 0.026110667735338211 0.10225971083855256 0.10113751259632409
leaf_count=1 1215 17728 6 2 9 33 40 1 6 305 3 1 61 13
internal_value=6.91466e-07 -0.0463875 -0.0481883 -0.0486479 -0.0293327 -0.00534851 -0.0323199 0.00484841 -0.0531025 -0.050717 -0.051065 -0.050996 -0.0505921 -0.0508411
internal_weight=51.5802 26.7896 26.3147 26.1923 1.86572 0.928673 0.530694 0.177916 0.937051 0.601565 0.352778 0.0801512 0.27442 0.17216
internal_count=19424 18209 18208 18202 474 154 152 35 320 314 117 34 114 53
cat_boundaries=0 1
cat_threshold=2
is_linear=0
shrinkage=0.05


Tree=106
num_leaves=15
num_cat=1
split_feature=2 8 5 2 12 9 11 11 1 2 2 2 2 1
split_gain=45.6177 1.83024 0.45205 0.294049 0.406546 0.351633 0.0831187 0.144941 0.0516215 0.00325713 0.00192478 0.000154406 6.4535e-05 5.505e-05
threshold=61.500000000000007 1.0000000180025095e-35 1.0000000180025095e-35 21.500000000000004 0 0.82769200860483727 3.5000000000000004 2.5000000000000004 421.50000000000006 59.500000000000007 22.500000000000004 22.500000000000004 59.500000000000007 193.50000000000003
decision_type=2 2 2 2 1 2 2 2 2 2 2 2 2 2
left_child=1 -1 3 -3 5 6 7 12 -7 11 -8 -6 -5 -12
right_child=-2 2 -4 4 9 8 10 -9 -10 -11 13 -13 -14 -15
leaf_value=0.053237188991927281 0.050122917022110004 -0.050122920729951503 0.050122917022110004 -0.050264285755019115 -0.052046665787484472 -0.050188182811331999 -0.06077069025656532 0.024850955241020076 0.033529310826897835 -0.056971556509870361 -0.052083104137864634 -0.050187953453969106 -0.052580268131038194 -0.050256866484640311
leaf_weight=0.45314285159111278 23.58449338003993 23.143019430339344 0.11646663397550483 0.075949641584884375 0.15217276662588008 0.019346288172528148 0.077814839780330658 0.12497157556936145 0.38193776737898588 0.32135356590151787 0.089491498016286641 0.42044022213667631 0.049803074449300766 0.076573580503463745
leaf_count=1 1215 17728 6 46 9 10 1 15 21 6 11 305 2 48
internal_value=5.46845e-07 -0.0463522 -0.0481538 -0.0486129 -0.0290877 -0.00528369 -0.033499 -0.0132837 0.0294932 -0.0529428 -0.0542817 -0.0506819 -0.0511815 -0.051241
internal_weight=49.087 25.5025 25.0493 24.9329 1.78985 0.895888 0.494604 0.250724 0.401284 0.893967 0.24388 0.572613 0.125753 0.166065
internal_count=19424 18209 18208 18202 474 154 123 63 31 320 60 314 48 59
cat_boundaries=0 1
cat_threshold=2
is_linear=0
shrinkage=0.05


Tree=107
num_leaves=15
num_cat=1
split_feature=2 8 2 12 9 5 11 5 1 1 2 10 9 2
split_gain=43.3702 1.73897 0.432213 0.368599 0.259271 0.220548 0.158551 0.14065 0.0765896 0.167719 0.00299282 0.00149689 8.97642e-05 5.35651e-05
threshold=61.500000000000007 1.0000000180025095e-35 13.500000000000002 0 0.82769200860483727 1.0000000180025095e-35 4.5000000000000009 1.0000000180025095e-35 179.50000000000003 176.50000000000003 59.500000000000007 21.500000000000004 0.8722344217846737 23.500000000000004
decision_type=2 2 2 1 2 2 2 2 2 2 2 2 2 2
left_child=1 -1 -3 4 7 10 -6 8 9 -4 12 -10 -5 -14
right_child=-2 2 3 5 6 -7 -8 -9 11 -11 -12 -13 13 -15
leaf_value=0.053069358858409979 0.050116908472180116 -0.05011690953140762 -0.051851466851158205 -0.050254470643614685 -0.050511736568655978 0.050116908472179214 0.040128416544277803 0.050116908472179214 -0.050221936526444522 0.031155703510172078 -0.056588320699344323 -0.058199804024737262 -0.052283869660162234 -0.0501161502246718
leaf_weight=0.43237152695656078 22.436886448413134 21.901395582826812 0.13325722637819126 0.48989316448569187 0.056138147250749171 0.055399719625711441 0.34321603632997721 0.055399719625711441 0.1605422391439788 0.11200225166976452 0.30769866518676281 0.092775476863607764 0.10262365872040391 0.039454394252970815
leaf_count=1 1215 17635 23 342 22 3 14 3 103 2 6 13 10 32
internal_value=3.45516e-07 -0.0463077 -0.0481093 -0.0255423 -0.00332391 -0.0468288 0.0273869 -0.0254629 -0.033861 -0.0139447 -0.0525443 -0.0531438 -0.0505754 -0.0516819
internal_weight=46.7191 24.2822 23.8498 1.9484 0.953331 0.99507 0.399354 0.553977 0.498577 0.245259 0.93967 0.253318 0.631971 0.142078
internal_count=19424 18209 18208 573 180 393 36 144 141 25 390 116 384 42
cat_boundaries=0 1
cat_threshold=2
is_linear=0
shrinkage=0.05


Tree=108
num_leaves=15
num_cat=1
split_feature=2 8 2 12 9 5 11 5 1 1 2 10 9 2
split_gain=41.2379 1.65262 0.420007 0.35204 0.243266 0.209288 0.148269 0.132955 0.0736934 0.158214 0.00255245 0.00128216 7.70905e-05 4.59445e-05
threshold=61.500000000000007 1.0000000180025095e-35 13.500000000000002 0 0.82769200860483727 1.0000000180025095e-35 4.5000000000000009 1.0000000180025095e-35 179.50000000000003 176.50000000000003 59.500000000000007 21.500000000000004 0.8722344217846737 23.500000000000004
decision_type=2 2 2 1 2 2 2 2 2 2 2 2 2 2
left_child=1 -1 -3 4 7 10 -6 8 9 -4 12 -10 -5 -14
right_child=-2 2 3 5 6 -7 -8 -9 11 -11 -12 -13 13 -15
leaf_value=0.052910712720718248 0.050111199536371734 -0.050111194119412533 -0.051759571664330262 -0.050242179429964888 -0.050487049073024461 0.050111199536370776 0.039226788521520971 0.050111199536370776 -0.050211145810948335 0.030181366581033826 -0.056228376864612122 -0.057763719256509284 -0.052168204573104997 -0.050110473100673528
leaf_weight=0.41248652338981884 21.344997379928827 20.835568305337805 0.12697756313718855 0.46611192071577423 0.053425711346790195 0.052703697234392166 0.33379245758987963 0.052703697234392166 0.15274449490243569 0.10989197343587875 0.29451820626854897 0.088900130009278655 0.09782961499877274 0.037534325500018895
leaf_count=1 1215 17635 23 342 22 3 14 3 103 2 6 13 10 32
internal_value=1.81088e-07 -0.0462733 -0.0480753 -0.0253571 -0.00329141 -0.046719 0.0268487 -0.0252613 -0.0335628 -0.0137443 -0.0524147 -0.0529897 -0.0505472 -0.0515976
internal_weight=44.4602 23.1152 22.7027 1.86713 0.918436 0.948698 0.387218 0.531218 0.478514 0.23687 0.895994 0.241645 0.601476 0.135364
internal_count=19424 18209 18208 573 180 393 36 144 141 25 390 116 384 42
cat_boundaries=0 1
cat_threshold=2
is_linear=0
shrinkage=0.05


Tree=109
num_leaves=15
num_cat=1
split_feature=2 8 2 12 9 5 11 5 1 1 2 10 9 2
split_gain=39.2102 1.57055 0.408393 0.336411 0.228111 0.198629 0.138563 0.125659 0.0709718 0.149255 0.00217794 0.00109839 6.62129e-05 3.94147e-05
threshold=61.500000000000007 1.0000000180025095e-35 13.500000000000002 0 0.82769200860483727 1.0000000180025095e-35 4.5000000000000009 1.0000000180025095e-35 179.50000000000003 176.50000000000003 59.500000000000007 21.500000000000004 0.8722344217846737 23.500000000000004
decision_type=2 2 2 1 2 2 2 2 2 2 2 2 2 2
left_child=1 -1 -3 4 7 10 -6 8 9 -4 12 -10 -5 -14
right_child=-2 2 3 5 6 -7 -8 -9 11 -11 -12 -13 13 -15
leaf_value=0.052760710986754403 0.05010576023548885 -0.050105764181556225 -0.051672308288787452 -0.050230477619564354 -0.050463539895802295 0.050105760235487851 0.038300991089151505 0.050105760235487851 -0.050200878557012191 0.029204812700113093 -0.055890075862647361 -0.057352252928590156 -0.052058597032657965 -0.050105073880592536
leaf_weight=0.39345666766166942 20.306137595325708 19.821500865509737 0.12098362675169483 0.44348006870131829 0.050843186443671584 0.050138611346483231 0.32499474112410098 0.050138611346483231 0.14532402640907094 0.10793905891478062 0.2818071972578764 0.085155753185972571 0.093249389668926597 0.035707505070604384
leaf_count=1 1215 17635 23 342 22 3 14 3 103 2 6 13 10 32
internal_value=-1.21613e-10 -0.046238 -0.0480404 -0.0251665 -0.00325771 -0.046615 0.026293 -0.0250543 -0.0332572 -0.013538 -0.0522918 -0.0528431 -0.0505205 -0.0515177
internal_weight=42.3109 22.0047 21.6113 1.78976 0.885379 0.904383 0.375838 0.509541 0.459402 0.228923 0.854244 0.23048 0.572437 0.128957
internal_count=19424 18209 18208 573 180 393 36 144 141 25 390 116 384 42
cat_boundaries=0 1
cat_threshold=2
is_linear=0
shrinkage=0.05


Tree=110
num_leaves=15
num_cat=1
split_feature=2 8 2 12 9 5 11 5 1 1 2 10 9 2
split_gain=37.2819 1.49255 0.397357 0.321653 0.213767 0.188534 0.12941 0.11874 0.0684116 0.140812 0.00185922 0.000941112 5.68761e-05 3.38187e-05
threshold=61.500000000000007 1.0000000180025095e-35 13.500000000000002 0 0.82769200860483727 1.0000000180025095e-35 4.5000000000000009 1.0000000180025095e-35 179.50000000000003 176.50000000000003 59.500000000000007 21.500000000000004 0.8722344217846737 23.500000000000004
decision_type=2 2 2 1 2 2 2 2 2 2 2 2 2 2
left_child=1 -1 -3 4 7 10 -6 8 9 -4 12 -10 -5 -14
right_child=-2 2 3 5 6 -7 -8 -9 11 -11 -12 -13 13 -15
leaf_value=0.052618831257223712 0.05010059266081851 -0.05010059319445858 -0.051589438451994873 -0.050219336574174912 -0.050441155133188531 0.05010059266081747 0.037352952201541438 0.05010059266081747 -0.050191107723412391 0.02822914375104232 -0.055571910335349431 -0.056963898973626095 -0.051954718322019103 -0.050099936896821053
leaf_weight=0.37525123357773082 19.317738460376859 18.856690675602298 0.11526338243857026 0.42194252362241857 0.04838445782661438 0.047698119655251503 0.31679298053495586 0.047698119655251503 0.13826272037113085 0.10613326914608479 0.26955917663872242 0.081540909945033491 0.08887443644925952 0.033969424199312925
leaf_count=1 1215 17635 23 342 22 3 14 3 103 2 6 13 10 32
internal_value=-1.8978e-07 -0.0462018 -0.0480043 -0.0249701 -0.00322276 -0.0465164 0.0257206 -0.0248417 -0.0329437 -0.013326 -0.0521755 -0.0527036 -0.050495 -0.0514418
internal_weight=40.2658 20.9481 20.5728 1.71612 0.854076 0.862044 0.365177 0.488898 0.4412 0.221397 0.814346 0.219804 0.544786 0.122844
internal_count=19424 18209 18208 573 180 393 36 144 141 25 390 116 384 42
cat_boundaries=0 1
cat_threshold=2
is_linear=0
shrinkage=0.05


Tree=111
num_leaves=15
num_cat=1
split_feature=2 8 2 12 10 10 5 4 1 2 2 9 1 2
split_gain=35.4481 1.4184 0.386887 0.307711 0.203315 0.288107 0.178972 0.112654 0.0562172 0.00158783 0.000697587 4.88607e-05 4.3932e-05 3.9106e-05
threshold=61.500000000000007 1.0000000180025095e-35 13.500000000000002 0 10.500000000000002 9.5000000000000018 1.0000000180025095e-35 1.0000000180025095e-35 272075.04704050004 59.500000000000007 22.500000000000004 0.8722344217846737 193.50000000000003 59.500000000000007
decision_type=2 2 2 1 2 2 2 2 2 2 2 2 2 2
left_child=1 -1 -3 4 5 8 9 10 12 11 -6 -5 -4 -12
right_child=-2 2 3 6 7 -7 -8 -9 -10 -11 13 -13 -14 -15
leaf_value=0.05248459350976431 0.050095678949251925 -0.050095680972023909 -0.051849794876153925 -0.050208726842282093 -0.056486876239934751 0.036213352039631538 0.050095678949250821 0.050095678949250266 0.050095678949248615 -0.055272495437225871 -0.050141903183662899 -0.05136984715971752 -0.050149630652227953 -0.051991655810372406
leaf_weight=0.35783991217613476 18.377358075231314 17.938754220958803 0.074150848027784377 0.40144680888624751 0.079349327716045082 0.40376416698563844 0.045376192778348923 0.030250795185565948 0.015125397592782974 0.25776644796133041 0.10455930780153722 0.11701225617434829 0.077927534468472004 0.039317348971962929
leaf_count=1 1215 17635 12 342 16 10 3 2 1 6 81 42 56 2
internal_value=-3.96275e-07 -0.0461645 -0.0479669 -0.0247675 -0.00318652 0.0133574 -0.0464231 -0.0404524 -0.0418353 -0.0520653 -0.0527231 -0.0504708 -0.0509786 -0.0506474
internal_weight=38.32 19.9426 19.5848 1.64605 0.824445 0.570968 0.821602 0.253477 0.167204 0.776226 0.223226 0.518459 0.152078 0.143877
internal_count=19424 18209 18208 573 180 79 393 101 69 390 99 384 68 83
cat_boundaries=0 1
cat_threshold=2
is_linear=0
shrinkage=0.05


Tree=112
num_leaves=15
num_cat=1
split_feature=2 8 2 12 10 10 5 4 1 2 2 9 1 2
split_gain=33.7053 1.348 0.376142 0.294251 0.192226 0.269266 0.169913 0.106911 0.0534285 0.00135646 0.000598129 4.20662e-05 3.77462e-05 3.35627e-05
threshold=61.500000000000007 1.0000000180025095e-35 13.500000000000002 0 10.500000000000002 9.5000000000000018 1.0000000180025095e-35 1.0000000180025095e-35 272075.04704050004 59.500000000000007 22.500000000000004 0.8722344217846737 193.50000000000003 59.500000000000007
decision_type=2 2 2 1 2 2 2 2 2 2 2 2 2 2
left_child=1 -1 -3 4 5 8 9 10 12 11 -6 -5 -4 -12
right_child=-2 2 3 6 7 -7 -8 -9 -10 -11 13 -13 -14 -15
leaf_value=0.052357550757153176 0.050091002611891471 -0.050091001542075832 -0.051757366009672769 -0.05019862902598822 -0.056148426661136314 0.035245742900629352 0.050091002611890305 0.050091002611889729 0.050091002611887994 -0.054990567582586095 -0.050134970178594196 -0.0513027017452585 -0.050142316871586018 -0.051890752929384026
leaf_weight=0.34119290113449352 17.482674485072494 17.065423980529889 0.070657251169905066 0.38194289954844751 0.075922874093521386 0.39435003558173776 0.043167097494006157 0.028778064996004105 0.014389032498002052 0.24642028659582138 0.099473297828808427 0.11144749919185415 0.074137502873782068 0.037470707669854164
leaf_count=1 1215 17635 12 342 16 10 3 2 1 6 81 42 56 2
internal_value=-6.02651e-07 -0.0461289 -0.0479313 -0.0245771 -0.0031533 0.0130895 -0.0463347 -0.0403605 -0.0417988 -0.0519611 -0.0525888 -0.050448 -0.0509304 -0.0506154
internal_weight=36.4674 18.9848 18.6436 1.57816 0.795179 0.553534 0.782978 0.241645 0.159184 0.739811 0.212867 0.49339 0.144795 0.136944
internal_count=19424 18209 18208 573 180 79 393 101 69 390 99 384 68 83
cat_boundaries=0 1
cat_threshold=2
is_linear=0
shrinkage=0.05


Tree=113
num_leaves=15
num_cat=1
split_feature=2 8 2 12 2 9 5 9 1 9 9 2 9 1
split_gain=32.0478 1.28107 0.365966 0.281531 0.183727 0.256429 0.161329 0.111717 0.101319 0.093551 0.0345483 0.00115925 3.62161e-05 2.70365e-05
threshold=61.500000000000007 1.0000000180025095e-35 13.500000000000002 0 22.500000000000004 0.82769200860483727 1.0000000180025095e-35 0.21943297836404529 194385.64455550004 0.21139337552368265 0.03003054585717185 59.500000000000007 0.8722344217846737 188.50000000000003
decision_type=2 2 2 1 2 2 2 2 2 2 2 2 2 2
left_child=1 -1 -3 4 5 -4 11 9 13 10 -6 12 -5 -9
right_child=-2 2 3 6 7 -7 -8 8 -10 -11 -12 -13 -14 -15
leaf_value=0.052237292732133025 0.0500865567772521 -0.05008655721194917 -0.055631978238533476 -0.050189014259848889 0.032135935389887224 0.049641142861219831 0.050086556777250879 -0.051482245960208596 0.050086556777250268 0.050484322986482658 -0.050697378156983802 -0.054724958395178103 -0.051238861568532024 -0.05045437424272451
leaf_weight=0.32528102397918957 16.631473232991993 16.234538161952518 0.075192470452748239 0.36338316730689146 0.016676584258675575 0.25074419897282496 0.041065366007387638 0.10366184148006141 0.027376910671591759 0.075390666723251343 0.051344191248062998 0.23551112227141857 0.10614089347654954 0.16710490675177425
leaf_count=1 1215 17635 19 342 4 6 3 19 2 1 31 6 42 98
internal_value=-8.24743e-07 -0.0460921 -0.0478943 -0.0243801 -0.00311877 0.025355 -0.046251 -0.0241369 -0.0415796 0.0121256 -0.0303892 -0.0518623 -0.0504263 -0.0508479
internal_weight=34.7049 18.0734 17.7481 1.51359 0.767492 0.325937 0.746101 0.441555 0.298144 0.143411 0.0680208 0.705035 0.469524 0.270767
internal_count=19424 18209 18208 573 180 25 393 155 119 36 35 390 384 117
cat_boundaries=0 1
cat_threshold=2
is_linear=0
shrinkage=0.05


Tree=114
num_leaves=15
num_cat=1
split_feature=2 8 2 12 2 9 5 9 1 9 9 2 9 1
split_gain=30.4787 1.21803 0.350463 0.267583 0.174151 0.242557 0.153193 0.106253 0.0963053 0.0888099 0.0328065 0.000991074 3.11791e-05 2.32228e-05
threshold=61.500000000000007 1.0000000180025095e-35 13.500000000000002 0 22.500000000000004 0.82769200860483727 1.0000000180025095e-35 0.21943297836404529 194385.64455550004 0.21139337552368265 0.03003054585717185 59.500000000000007 0.8722344217846737 188.50000000000003
decision_type=2 2 2 1 2 2 2 2 2 2 2 2 2 2
left_child=1 -1 -3 4 5 -4 11 9 13 10 -6 12 -5 -9
right_child=-2 2 3 6 7 -7 -8 8 -10 -11 -12 -13 -14 -15
leaf_value=0.052123420274292523 0.050082329711631818 -0.050082327182373189 -0.055342677552469015 -0.050179862119242372 0.031170112673007667 0.049364454495802686 0.050082329711630527 -0.051408813508508434 0.050082329711629896 0.050460476442671445 -0.050664069252853917 -0.054474601807010727 -0.051178163058744369 -0.050432573687249141
leaf_weight=0.31007578969002025 15.82164849154651 15.444041728042068 0.071889725571963936 0.3457222151919257 0.016342339396942407 0.23981887591071427 0.039065798744559288 0.098743488953914493 0.026043865829706192 0.071746855974197388 0.048871406761463732 0.22502863965928555 0.10108107136329636 0.15902208309853449
leaf_count=1 1215 17635 19 342 4 6 3 19 2 1 31 6 42 98
internal_value=-8.39937e-07 -0.0460772 -0.0478803 -0.024319 -0.00311017 0.0252157 -0.0461716 -0.0240941 -0.0415484 0.0120746 -0.0301567 -0.0517686 -0.0504057 -0.0508065
internal_weight=33.0191 17.1975 16.8874 1.44338 0.732479 0.311709 0.710898 0.42077 0.283809 0.136961 0.0652137 0.671832 0.446803 0.257766
internal_count=19424 18209 18208 573 180 25 393 155 119 36 35 390 384 117
cat_boundaries=0 1
cat_threshold=2
is_linear=0
shrinkage=0.05


Tree=115
num_leaves=15
num_cat=1
split_feature=2 8 2 12 2 9 5 9 1 9 9 2 9 1
split_gain=28.9865 1.15811 0.335624 0.254378 0.165056 0.229403 0.145481 0.101066 0.0915425 0.0843038 0.0311606 0.000847591 2.68421e-05 1.99489e-05
threshold=61.500000000000007 1.0000000180025095e-35 13.500000000000002 0 22.500000000000004 0.82769200860483727 1.0000000180025095e-35 0.21943297836404529 194385.64455550004 0.21139337552368265 0.03003054585717185 59.500000000000007 0.8722344217846737 188.50000000000003
decision_type=2 2 2 1 2 2 2 2 2 2 2 2 2 2
left_child=1 -1 -3 4 5 -4 11 9 13 10 -6 12 -5 -9
right_child=-2 2 3 6 7 -7 -8 8 -10 -11 -12 -13 -14 -15
leaf_value=0.052015576502100348 0.050078304282072543 -0.050078307528925149 -0.055068795794765882 -0.050171150756867337 0.03019596410581047 0.049074151084409108 0.050078304282071197 -0.05133907144218075 0.050078304282070524 0.0504378188063914 -0.050632317981791346 -0.054238499615646585 -0.051120447559824256 -0.050411803175530491
leaf_weight=0.29554930329323426 15.051196273416279 14.691976131871344 0.068715124565642327 0.32891680748434626 0.016034101310651749 0.22943869803566486 0.037163447588682175 0.094052091240882874 0.024775631725788116 0.068277604877948761 0.046516337839420885 0.21496206894516945 0.096257103374227881 0.15132723853457719
leaf_count=1 1215 17635 19 342 4 6 3 19 2 1 31 6 42 98
internal_value=-8.61653e-07 -0.0460625 -0.0478665 -0.0242578 -0.00310146 0.0250725 -0.0460963 -0.0240504 -0.0415188 0.0120212 -0.0299129 -0.0516797 -0.0503861 -0.0507672
internal_weight=31.4152 16.364 16.0684 1.37644 0.699137 0.298154 0.677299 0.400983 0.270155 0.130828 0.0625504 0.640136 0.425174 0.245379
internal_count=19424 18209 18208 573 180 25 393 155 119 36 35 390 384 117
cat_boundaries=0 1
cat_threshold=2
is_linear=0
shrinkage=0.05


Tree=116
num_leaves=15
num_cat=1
split_feature=2 8 2 12 2 9 5 9 1 9 9 2 9 1
split_gain=27.5675 1.10115 0.321428 0.241872 0.156415 0.216924 0.138168 0.0961406 0.0870184 0.080021 0.029606 0.00072512 2.31081e-05 1.71381e-05
threshold=61.500000000000007 1.0000000180025095e-35 13.500000000000002 0 22.500000000000004 0.82769200860483727 1.0000000180025095e-35 0.21943297836404529 194385.64455550004 0.21139337552368265 0.03003054585717185 59.500000000000007 0.8722344217846737 188.50000000000003
decision_type=2 2 2 1 2 2 2 2 2 2 2 2 2 2
left_child=1 -1 -3 4 5 -4 11 9 13 10 -6 12 -5 -9
right_child=-2 2 3 6 7 -7 -8 8 -10 -11 -12 -13 -14 -15
leaf_value=0.051913414767949854 0.050074481103911987 -0.050074479807276417 -0.054809466811848111 -0.050162857707808428 0.029216953274134285 0.048768650219587199 0.050074481103910579 -0.051272829090390326 0.050074481103909864 0.050416282621303481 -0.050602053248791648 -0.054015742032739227 -0.05106557052934594 -0.050392013988090137
leaf_weight=0.28167447447776695 14.318206510506569 13.976481369754767 0.065665296628139913 0.31292576569830888 0.01575020479504019 0.21958203113172203 0.035353596322238445 0.089577784412540495 0.02356906421482563 0.06497471034526825 0.044273505744058639 0.20530017465353012 0.091658507706597447 0.14400202519027516
leaf_count=1 1215 17635 19 342 4 6 3 19 2 1 31 6 42 98
internal_value=-8.88162e-07 -0.046048 -0.0478527 -0.0241964 -0.0030926 0.0249245 -0.0460248 -0.0240055 -0.0414906 0.0119652 -0.0296576 -0.0515955 -0.0503674 -0.0507298
internal_weight=29.889 15.5708 15.2891 1.31263 0.667395 0.285247 0.645238 0.382147 0.257149 0.124998 0.0600237 0.609884 0.404584 0.23358
internal_count=19424 18209 18208 573 180 25 393 155 119 36 35 390 384 117
cat_boundaries=0 1
cat_threshold=2
is_linear=0
shrinkage=0.05


Tree=117
num_leaves=15
num_cat=1
split_feature=2 8 2 12 2 9 5 9 1 9 9 2 9 1
split_gain=26.2181 1.047 0.307857 0.230029 0.148205 0.205082 0.131233 0.0914639 0.0827205 0.0759506 0.0281379 0.00062054 1.9893e-05 1.47246e-05
threshold=61.500000000000007 1.0000000180025095e-35 13.500000000000002 0 22.500000000000004 0.82769200860483727 1.0000000180025095e-35 0.21943297836404529 194385.64455550004 0.21139337552368265 0.03003054585717185 59.500000000000007 0.8722344217846737 188.50000000000003
decision_type=2 2 2 1 2 2 2 2 2 2 2 2 2 2
left_child=1 -1 -3 4 5 -4 11 9 13 10 -6 12 -5 -9
right_child=-2 2 3 6 7 -7 -8 8 -10 -11 -12 -13 -14 -15
leaf_value=0.051816618159120302 0.050070842433882684 -0.0500708427062624 -0.054563878188741102 -0.050154964648440527 0.028236510565081491 0.048446337174377609 0.050070842433881192 -0.051209906344957548 0.05007084243388045 0.050395816803434849 -0.050573210508518499 -0.05380549270160926 -0.051013386102906823 -0.050373162886425439
leaf_weight=0.26842492818832298 13.620864185504614 13.295781610358974 0.062736797088291496 0.29770986374933162 0.015489049372263253 0.21022798598278314 0.03363176342099905 0.085311081144027412 0.022421175613999367 0.061830323189496994 0.042137674521654844 0.19603138230741024 0.087275207042694092 0.13702893178560771
leaf_count=1 1215 17635 19 342 4 6 3 19 2 1 31 6 42 98
internal_value=-9.20752e-07 -0.0460335 -0.047839 -0.0241344 -0.00308355 0.024771 -0.0459571 -0.0239593 -0.0414637 0.0119064 -0.0293905 -0.0515156 -0.0503496 -0.0506942
internal_weight=28.4369 14.816 14.5476 1.25183 0.637183 0.272965 0.614648 0.364218 0.244761 0.119457 0.0576267 0.581016 0.384985 0.22234
internal_count=19424 18209 18208 573 180 25 393 155 119 36 35 390 384 117
cat_boundaries=0 1
cat_threshold=2
is_linear=0
shrinkage=0.05


Tree=118
num_leaves=15
num_cat=1
split_feature=2 8 2 12 2 9 5 9 1 9 9 2 9 1
split_gain=24.9347 0.99552 0.29489 0.218812 0.140401 0.19384 0.124656 0.0870228 0.0786375 0.072082 0.0267516 0.000531197 1.71252e-05 1.26521e-05
threshold=61.500000000000007 1.0000000180025095e-35 13.500000000000002 0 22.500000000000004 0.82769200860483727 1.0000000180025095e-35 0.21943297836404529 194385.64455550004 0.21139337552368265 0.03003054585717185 59.500000000000007 0.8722344217846737 188.50000000000003
decision_type=2 2 2 1 2 2 2 2 2 2 2 2 2 2
left_child=1 -1 -3 4 5 -4 11 9 13 10 -6 12 -5 -9
right_child=-2 2 3 6 7 -7 -8 8 -10 -11 -12 -13 -14 -15
leaf_value=0.051724887059405845 0.050067382861366576 -0.050067384848642975 -0.054331266822959502 -0.05014745227148986 0.027257982635180308 0.048105564134354115 0.050067382861365008 -0.051150134365407787 0.05006738286136423 0.050376363015986241 -0.050545725970103983 -0.053606952877709495 -0.050963768625952477 -0.05035520639345975
leaf_weight=0.2557750940322866 12.957439147867261 12.648190327163322 0.059926126850768924 0.28323173633543663 0.01524909888394177 0.20135644357651472 0.031993676908314228 0.081242847227258608 0.021329117938876152 0.058836963027715683 0.040103841805830598 0.1871439702808857 0.083097532100509852 0.13039126110379584
leaf_count=1 1215 17635 19 342 4 6 3 19 2 1 31 6 42 98
internal_value=-9.60668e-07 -0.0460191 -0.0478252 -0.0240716 -0.00307426 0.0246113 -0.0458928 -0.0239116 -0.0414382 0.011845 -0.0291117 -0.0514398 -0.0503326 -0.0506604
internal_weight=27.0553 14.0979 13.8421 1.1939 0.608436 0.261283 0.585467 0.347153 0.232963 0.11419 0.0553529 0.553473 0.366329 0.211634
internal_count=19424 18209 18208 573 180 25 393 155 119 36 35 390 384 117
cat_boundaries=0 1
cat_threshold=2
is_linear=0
shrinkage=0.05


Tree=119
num_leaves=15
num_cat=1
split_feature=2 8 2 12 2 9 5 9 1 9 9 2 9 1
split_gain=23.7142 0.946578 0.282509 0.208186 0.132983 0.183165 0.118416 0.0828054 0.0747581 0.0684056 0.0254429 0.000454846 1.47423e-05 1.08721e-05
threshold=61.500000000000007 1.0000000180025095e-35 13.500000000000002 0 22.500000000000004 0.82769200860483727 1.0000000180025095e-35 0.21943297836404529 194385.64455550004 0.21139337552368265 0.03003054585717185 59.500000000000007 0.8722344217846737 188.50000000000003
decision_type=2 2 2 1 2 2 2 2 2 2 2 2 2 2
left_child=1 -1 -3 4 5 -4 11 9 13 10 -6 12 -5 -9
right_child=-2 2 3 6 7 -7 -8 8 -10 -11 -12 -13 -14 -15
leaf_value=0.0516379344080262 0.050064094972923502 -0.050064091227346355 -0.054110913487996605 -0.050140300303839327 0.026284584719990789 0.047744669501007503 0.050064094972921858 -0.051093348431380074 0.050064094972921039 0.050357874180127216 -0.050519535516733528 -0.05341941358862299 -0.050916586922270336 -0.05033810302705162
leaf_weight=0.24370014667510886 12.326287245377896 12.032102086523084 0.057229758880566806 0.26945582014741265 0.015028886147774756 0.19294797675684094 0.03043527714908123 0.07736431053490378 0.020290184766054153 0.055987481027841568 0.03816723232739605 0.17862601485103369 0.079116218199487776 0.12407308496767655
leaf_count=1 1215 17635 19 342 4 6 3 19 2 1 31 6 42 98
internal_value=-1.00385e-06 -0.0460046 -0.0478113 -0.0240078 -0.0030647 0.0244446 -0.0458317 -0.0238624 -0.0414139 0.0117806 -0.028821 -0.0513678 -0.0503165 -0.0506282
internal_weight=25.7408 13.4145 13.1708 1.13872 0.581089 0.250178 0.557633 0.330911 0.221728 0.109184 0.0531961 0.527198 0.348572 0.201437
internal_count=19424 18209 18208 573 180 25 393 155 119 36 35 390 384 117
cat_boundaries=0 1
cat_threshold=2
is_linear=0
shrinkage=0.05


Tree=120
num_leaves=15
num_cat=1
split_feature=2 8 2 12 2 9 5 1 9 4 9 2 2 1
split_gain=22.5535 0.900047 0.270872 0.212191 0.152887 0.0787999 0.0762913 0.0710722 0.0649119 0.0386654 0.0242074 0.000360212 1.86103e-05 9.34328e-06
threshold=61.500000000000007 1.0000000180025095e-35 21.500000000000004 0 22.500000000000004 0.21943297836404529 1.0000000180025095e-35 194385.64455550004 0.21139337552368265 1.0000000180025095e-35 0.03003054585717185 59.500000000000007 22.500000000000004 188.50000000000003
decision_type=2 2 2 1 2 2 2 2 2 2 2 2 2 2
left_child=1 -1 9 4 -4 8 11 13 10 -3 -6 12 -5 -7
right_child=-2 2 3 6 5 7 -8 -9 -10 -11 -12 -13 -14 -15
leaf_value=0.051555499618736095 0.050060964588620999 -0.050061007098054666 0.030391916233522959 -0.051000804440263781 0.025319359689028362 -0.051039398893671352 0.050060964588618397 0.050060964588618397 0.050340299880090658 0.050060964588611784 -0.050494581807052047 -0.053242192286454486 -0.050093611509545867 -0.050321812895915877
leaf_weight=0.2321760505437841 11.725841271691023 11.509524447028525 0.22139997407793999 0.077513904776423059 0.014827010803855956 0.07366703380830586 0.019301796332001686 0.019301796332001686 0.053275063633918762 0.0096508981660016202 0.036323284264653921 0.17046559974551201 0.20884666466736235 0.11805921234190464
leaf_count=1 1215 17728 2 9 4 19 2 2 1 1 31 6 305 98
internal_value=-1.05758e-06 -0.0459901 -0.0477973 -0.0230088 -0.00145789 -0.0238116 -0.0473084 -0.0413907 0.0117133 -0.0499771 -0.0285183 -0.0514224 -0.0503392 -0.0505975
internal_weight=24.4902 12.7643 12.5322 1.01298 0.536853 0.315453 0.476128 0.211028 0.104425 11.5192 0.0511503 0.456826 0.286361 0.191726
internal_count=19424 18209 18208 479 157 155 322 119 36 17729 35 320 314 117
cat_boundaries=0 1
cat_threshold=2
is_linear=0
shrinkage=0.05


Tree=121
num_leaves=15
num_cat=1
split_feature=2 8 2 12 2 9 5 1 9 4 9 2 2 1
split_gain=21.4454 0.855462 0.263181 0.202895 0.142726 0.0749957 0.0724726 0.0675699 0.061592 0.0367774 0.0230411 0.000308569 1.60021e-05 8.03001e-06
threshold=61.500000000000007 1.0000000180025095e-35 21.500000000000004 0 22.500000000000004 0.21943297836404529 1.0000000180025095e-35 194385.64455550004 0.21139337552368265 1.0000000180025095e-35 0.03003054585717185 59.500000000000007 22.500000000000004 188.50000000000003
decision_type=2 2 2 1 2 2 2 2 2 2 2 2 2 2
left_child=1 -1 9 4 -4 8 11 13 10 -3 -6 12 -5 -7
right_child=-2 2 3 6 5 7 -8 -9 -10 -11 -12 -13 -14 -15
leaf_value=0.051477338743520652 0.050057989871122803 -0.050058027584531921 0.029417357178775468 -0.050951274731420887 0.024365143156214825 -0.050988140130959737 0.050057989871120083 0.050057989871120083 0.050323588838945332 0.050057989871113123 -0.05047081054472035 -0.053074671510795812 -0.050089062621887642 -0.050306298442041243
leaf_weight=0.22117955982684989 11.154612097889183 10.948833381873554 0.2174018993973732 0.073803375940770688 0.014642142690718174 0.070142920012585819 0.018361501395702362 0.018361501395702362 0.05069321021437645 0.0091807506978519582 0.034567640395835042 0.16265076864510775 0.1986786749039311 0.11233515705680475
leaf_count=1 1215 17728 2 9 4 19 2 2 1 1 31 6 305 98
internal_value=-1.27302e-06 -0.0459563 -0.0477627 -0.0228227 -0.00144733 -0.0237589 -0.0472454 -0.0413688 0.0116429 -0.0499741 -0.0282037 -0.0513513 -0.0503226 -0.0505684
internal_weight=23.3054 12.1508 11.9297 0.971639 0.518144 0.300743 0.453494 0.20084 0.099903 10.958 0.0492098 0.435133 0.272482 0.182478
internal_count=19424 18209 18208 479 157 155 322 119 36 17729 35 320 314 117
cat_boundaries=0 1
cat_threshold=2
is_linear=0
shrinkage=0.05


Tree=122
num_leaves=15
num_cat=1
split_feature=2 8 2 12 2 9 5 1 9 4 9 2 2 1
split_gain=20.3915 0.813066 0.255903 0.194085 0.133196 0.0713823 0.0688497 0.0642418 0.0584375 0.0349817 0.02194 0.000264393 1.37601e-05 6.90178e-06
threshold=61.500000000000007 1.0000000180025095e-35 21.500000000000004 0 22.500000000000004 0.21943297836404529 1.0000000180025095e-35 194385.64455550004 0.21139337552368265 1.0000000180025095e-35 0.03003054585717185 59.500000000000007 22.500000000000004 188.50000000000003
decision_type=2 2 2 1 2 2 2 2 2 2 2 2 2 2
left_child=1 -1 9 4 -4 8 11 13 10 -3 -6 12 -5 -7
right_child=-2 2 3 6 5 7 -8 -9 -10 -11 -12 -13 -14 -15
leaf_value=0.051403213186403132 0.050055153263048116 -0.050055192991232435 0.028445635414865056 -0.050904229516113078 0.023424544006957329 -0.050939434961061542 0.05005515326304525 0.05005515326304525 0.050307711318389396 0.050055153263037937 -0.050448162535236298 -0.052916260591341524 -0.050084734657648892 -0.05029152460053761
leaf_weight=0.21068824827670951 10.611180751584468 10.415427104744593 0.2136838436126709 0.070267189294100585 0.014473019633442163 0.066784195572836325 0.017466964200139046 0.017466964200139046 0.048235710710287094 0.0087334821000703 0.032896146352868527 0.15516965743154287 0.18900492324610241 0.10688710730755702
leaf_count=1 1215 17728 2 9 4 19 2 2 1 1 31 6 305 98
internal_value=-1.4992e-06 -0.0459211 -0.0477267 -0.0226297 -0.00143613 -0.0237043 -0.0471855 -0.0413478 0.0115695 -0.0499713 -0.0278773 -0.0512838 -0.0503068 -0.0505407
internal_weight=22.1784 11.5672 11.3565 0.932336 0.500427 0.286743 0.431909 0.191138 0.0956049 10.4242 0.0473692 0.414442 0.259272 0.173671
internal_count=19424 18209 18208 479 157 155 322 119 36 17729 35 320 314 117
cat_boundaries=0 1
cat_threshold=2
is_linear=0
shrinkage=0.05


Tree=123
num_leaves=15
num_cat=1
split_feature=2 8 2 12 9 5 5 11 11 4 2 2 2 1
split_gain=19.3891 0.77275 0.24902 0.18573 0.124564 0.0659606 0.0654121 0.0415851 0.0684959 0.0332738 0.000263565 0.000226593 1.18328e-05 5.71037e-06
threshold=61.500000000000007 1.0000000180025095e-35 21.500000000000004 0 0.82769200860483727 1.0000000180025095e-35 1.0000000180025095e-35 3.5000000000000004 2.5000000000000004 1.0000000180025095e-35 22.500000000000004 59.500000000000007 22.500000000000004 193.50000000000003
decision_type=2 2 2 1 2 2 2 2 2 2 2 2 2 2
left_child=1 -1 9 4 5 7 11 8 -4 -3 -9 12 -5 -12
right_child=-2 2 3 6 -6 -7 -8 10 -10 -11 13 -13 -14 -15
leaf_value=0.051332907862558834 0.05005246268591465 -0.050052494577451645 -0.050504574144219098 -0.050859542385451609 0.02699937873514734 0.050057504398128963 0.050052462685911639 -0.055352365518596708 0.026057752420076831 0.050052462685903944 -0.050990761910176846 -0.052766423858290085 -0.050080615880634394 -0.05013358704071446
leaf_weight=0.20068041980266471 10.094196153804658 9.9079813302378152 0.056487220397684723 0.066897464450449529 0.21450179064413533 0.026994952000677586 0.016615960747003555 0.046610172837972641 0.060502117732539773 0.0083079803735025548 0.043323210615199059 0.14801048673689365 0.17980145709589124 0.035229454137152061
leaf_count=1 1215 17728 48 9 31 3 2 1 15 1 11 6 305 48
internal_value=-1.7323e-06 -0.0458844 -0.0476889 -0.0224298 -0.00142427 -0.024077 -0.0471288 -0.0323415 -0.0109097 -0.0499686 -0.0523737 -0.0512198 -0.0502918 -0.0506063
internal_weight=21.1061 11.0119 10.8113 0.894974 0.483649 0.269147 0.411325 0.242152 0.116989 9.91629 0.125163 0.394709 0.246699 0.0785527
internal_count=19424 18209 18208 479 157 126 322 123 63 17729 60 320 314 59
cat_boundaries=0 1
cat_threshold=2
is_linear=0
shrinkage=0.05


Tree=124
num_leaves=15
num_cat=1
split_feature=2 8 2 12 2 9 5 1 9 4 9 2 2 1
split_gain=18.4337 0.73425 0.244206 0.17826 0.123528 0.0671883 0.06215 0.0582343 0.0536941 0.0316494 0.0199248 0.00019424 1.01759e-05 4.79248e-06
threshold=61.500000000000007 1.0000000180025095e-35 21.500000000000004 0 22.500000000000004 0.21943297836404529 1.0000000180025095e-35 194385.64455550004 0.21139337552368265 1.0000000180025095e-35 0.03003054585717185 59.500000000000007 22.500000000000004 188.50000000000003
decision_type=2 2 2 1 2 2 2 2 2 2 2 2 2 2
left_child=1 -1 9 4 -4 8 11 13 10 -3 -6 12 -5 -7
right_child=-2 2 3 6 5 7 -8 -9 -10 -11 -12 -13 -14 -15
leaf_value=0.051266209532398646 0.050049905815294275 -0.050049933981131445 0.027867655292443418 -0.0508170909433803 0.022501333300921696 -0.050846491692319973 0.050049905815291111 0.050049900170195949 0.050285088102845633 0.050049905815283027 -0.050404351458511278 -0.052624656108702955 -0.050076695986302357 -0.050284825333147778
leaf_weight=0.19113519787788291 9.6023751189932209 9.4252337095094827 0.20400111377239227 0.063686654437334123 0.013620705460198224 0.060803989268606529 0.015806378796696663 0.015806300565600395 0.044729523360729218 0.0079031893983491086 0.030040565296076238 0.14116163551807404 0.17104548405040987 0.10117311900830828
leaf_count=1 1215 17728 2 9 4 19 2 2 1 1 31 6 305 98
internal_value=-2.02755e-06 -0.0458356 -0.0476384 -0.0221618 -0.00140686 -0.0238434 -0.0470749 -0.0415564 0.0117833 -0.0499661 -0.0276605 -0.051159 -0.0502776 -0.0504957
internal_weight=20.0885 10.4861 10.295 0.861875 0.470175 0.266174 0.3917 0.177783 0.0883908 9.43314 0.0436613 0.375894 0.234732 0.161977
internal_count=19424 18209 18208 479 157 155 322 119 36 17729 35 320 314 117
cat_boundaries=0 1
cat_threshold=2
is_linear=0
shrinkage=0.05


Tree=125
num_leaves=15
num_cat=1
split_feature=2 8 2 12 9 5 5 11 11 4 1 2 2 2
split_gain=17.5273 0.697825 0.23771 0.170634 0.115408 0.0604599 0.059054 0.0389136 0.0615134 0.0301043 0.0243693 0.000241529 0.000166541 8.75137e-06
threshold=61.500000000000007 1.0000000180025095e-35 21.500000000000004 0 0.82769200860483727 1.0000000180025095e-35 1.0000000180025095e-35 3.5000000000000004 2.5000000000000004 1.0000000180025095e-35 421.50000000000006 22.500000000000004 59.500000000000007 22.500000000000004
decision_type=2 2 2 1 2 2 2 2 2 2 2 2 2 2
left_child=1 -1 9 4 5 7 12 8 -4 -3 -6 -9 13 -5
right_child=-2 2 3 6 10 -7 -8 11 -10 -11 -12 -13 -14 -15
leaf_value=0.051202931469088345 0.050047466696199028 -0.050047497681078162 -0.050456388324624901 -0.050776761362035461 -0.050101626448664331 0.050052749406013147 0.050047466696195697 -0.055207260228946259 0.025086127029492061 0.050047466696187197 0.030293995616965171 -0.050547599957826178 -0.052490485177194547 -0.050072968386494721
leaf_weight=0.18203245103359122 9.1344955656677467 8.9659848432347626 0.051261290413094684 0.060627523344010892 0.0099044113885611296 0.024690478108823299 0.015036206692457199 0.045585237443447113 0.056816400843672454 0.0075181033462293758 0.19505672424566001 0.071319462876999751 0.13461165316402912 0.16271530860103667
leaf_count=1 1215 17728 48 9 10 3 2 1 15 1 21 59 6 305
internal_value=-2.27401e-06 -0.0457973 -0.0475989 -0.0219587 -0.00139491 -0.0242197 -0.0470237 -0.0323706 -0.0107437 -0.0499636 0.026409 -0.0523646 -0.0511013 -0.050264
internal_weight=19.1177 9.98316 9.80113 0.827625 0.454634 0.249673 0.372991 0.224982 0.108078 8.9735 0.204961 0.116905 0.357954 0.223343
internal_count=19424 18209 18208 479 157 126 322 123 63 17729 31 60 320 314
cat_boundaries=0 1
cat_threshold=2
is_linear=0
shrinkage=0.05


Tree=126
num_leaves=15
num_cat=1
split_feature=2 8 2 12 2 9 5 1 9 4 9 2 2 1
split_gain=16.6642 0.663107 0.232389 0.1636 0.113849 0.0631788 0.0561153 0.0527792 0.0493689 0.0286347 0.0181096 0.000142819 7.52656e-06 3.28863e-06
threshold=61.500000000000007 1.0000000180025095e-35 21.500000000000004 0 22.500000000000004 0.21943297836404529 1.0000000180025095e-35 194385.64455550004 0.21139337552368265 1.0000000180025095e-35 0.03003054585717185 59.500000000000007 22.500000000000004 188.50000000000003
decision_type=2 2 2 1 2 2 2 2 2 2 2 2 2 2
left_child=1 -1 9 4 -4 8 11 13 10 -3 -6 12 -5 -7
right_child=-2 2 3 6 5 7 -8 -9 -10 -11 -12 -13 -14 -15
leaf_value=0.051142888284428048 0.050045148237799299 -0.05004518041656341 0.027240328760203991 -0.05073844411486237 0.021601255427952711 -0.050765437507049073 0.050045148237795802 0.050045148702267575 0.05026438732480501 0.050045148237786864 -0.050364861084362771 -0.052363469452275248 -0.050069419757763994 -0.05028043280091387
leaf_weight=0.17335277795791526 8.6893931217491609 8.5290941662387905 0.19435587525367737 0.057713137008250537 0.012828285922296345 0.055120092612924054 0.014303527772426605 0.014303380623459816 0.041516292840242386 0.0071517638862140789 0.027440660342108458 0.12834931723773479 0.15479028117260896 0.095519425114616752
leaf_count=1 1215 17728 2 9 4 19 2 2 1 1 31 6 305 98
internal_value=-2.57827e-06 -0.0457518 -0.0475516 -0.0217177 -0.00138062 -0.0239263 -0.0469752 -0.0417426 0.0120053 -0.0499613 -0.027439 -0.0510465 -0.0502511 -0.0504579
internal_weight=18.1952 9.50584 9.33249 0.79624 0.441084 0.246728 0.355156 0.164943 0.0817852 8.53625 0.0402689 0.340853 0.212503 0.15064
internal_count=19424 18209 18208 479 157 155 322 119 36 17729 35 320 314 117
cat_boundaries=0 1
cat_threshold=2
is_linear=0
shrinkage=0.05


Tree=127
num_leaves=15
num_cat=1
split_feature=2 8 2 12 10 2 4 9 5 9 4 1 2 2
split_gain=15.8446 0.630191 0.226291 0.156643 0.109605 0.14717 0.0579488 0.0541405 0.0533256 0.0503199 0.027237 0.021899 0.000247972 0.000122498
threshold=61.500000000000007 1.0000000180025095e-35 21.500000000000004 0 10.500000000000002 24.500000000000004 1.0000000180025095e-35 0.21943297836404529 1.0000000180025095e-35 0.21139337552368265 1.0000000180025095e-35 74253.492834500023 22.500000000000004 59.500000000000007
decision_type=2 2 2 1 2 2 2 2 2 2 2 2 2 2
left_child=1 -1 10 4 5 -4 12 9 13 -7 -3 -9 -6 -5
right_child=-2 2 3 8 6 7 -8 11 -10 -11 -12 -13 -14 -15
leaf_value=0.05108590617924428 0.050042943512921725 -0.050042975457088523 0.050961500807451543 -0.050238850302672944 -0.05506364533874486 -0.050483738877764722 0.050050811000296791 -0.050512740396756843 0.050042943512918048 0.050251429020870812 0.050042943512908659 0.036861523457160837 -0.050283599729566836 -0.052243199862195916
leaf_weight=0.16507755219936271 8.2659611245617253 8.113473768316906 0.14687976241111755 0.2021876119833913 0.044559549540281296 0.018067194963805377 0.015791481360793114 0.084719885635422543 0.013606520369648933 0.039501447230577469 0.006803260184825243 0.0078344373032450676 0.069370816287118942 0.12236361671239138
leaf_count=1 1215 17728 1 314 1 14 2 53 2 1 1 2 83 6
internal_value=-2.83878e-06 -0.0457118 -0.0475102 -0.021511 -0.00136851 0.0153786 -0.0397115 -0.0194357 -0.0469291 0.018637 -0.0499591 -0.0431168 -0.0521531 -0.0509945
internal_weight=17.3162 9.05024 8.88516 0.764882 0.426725 0.297003 0.129722 0.150123 0.338158 0.0575686 8.12028 0.0925543 0.11393 0.324551
internal_count=19424 18209 18208 479 157 71 86 70 322 15 17729 55 84 320
cat_boundaries=0 1
cat_threshold=2
is_linear=0
shrinkage=0.05


Tree=128
num_leaves=15
num_cat=1
split_feature=2 8 2 12 10 2 4 9 5 9 4 1 2 2
split_gain=15.0703 0.599325 0.215858 0.1489 0.104073 0.139857 0.0550179 0.051376 0.0506773 0.0478502 0.0259075 0.0208464 0.00021178 0.000105071
threshold=61.500000000000007 1.0000000180025095e-35 21.500000000000004 0 10.500000000000002 24.500000000000004 1.0000000180025095e-35 0.21943297836404529 1.0000000180025095e-35 0.21139337552368265 1.0000000180025095e-35 74253.492834500023 22.500000000000004 59.500000000000007
decision_type=2 2 2 1 2 2 2 2 2 2 2 2 2 2
left_child=1 -1 10 4 5 -4 12 9 13 -7 -3 -9 -6 -5
right_child=-2 2 3 8 6 7 -8 11 -10 -11 -12 -13 -14 -15
leaf_value=0.051031827046277067 0.050040847824405446 -0.050040874456089457 0.050913729366726473 -0.050227333879774141 -0.054792358620188913 -0.050460227648116376 0.050048331347926238 -0.050487788405343306 0.050040847824401581 0.050239105357611981 0.050040847824398577 0.035995169815048321 -0.050269922855582717 -0.052129290042739196
leaf_weight=0.15718883275985795 7.8631466603837898 7.7180904325505253 0.1398441344499588 0.19236979077686545 0.042590904980897903 0.0171938540879637 0.015022047329694033 0.080626871378626674 0.012943451292812824 0.037583924829959869 0.0064717256464063002 0.0076272012665867797 0.066005062923068181 0.11664378829300404
leaf_count=1 1215 17728 1 314 1 14 2 53 2 1 1 2 83 6
internal_value=-2.82438e-06 -0.0457045 -0.0475034 -0.0214847 -0.00136647 0.0153581 -0.0396374 -0.0194051 -0.0468854 0.0186312 -0.049957 -0.0430137 -0.0520436 -0.0509453
internal_weight=16.4733 8.6102 8.45301 0.728451 0.406494 0.282876 0.123618 0.143032 0.321957 0.0547778 7.72456 0.0882541 0.108596 0.309014
internal_count=19424 18209 18208 479 157 71 86 70 322 15 17729 55 84 320
cat_boundaries=0 1
cat_threshold=2
is_linear=0
shrinkage=0.05


Tree=129
num_leaves=15
num_cat=1
split_feature=2 8 2 12 10 2 4 9 5 9 4 1 2 2
split_gain=14.334 0.569976 0.205893 0.141549 0.0988264 0.132913 0.0522403 0.0487465 0.0481627 0.0455025 0.024643 0.0198511 0.000180945 9.01384e-05
threshold=61.500000000000007 1.0000000180025095e-35 21.500000000000004 0 10.500000000000002 24.500000000000004 1.0000000180025095e-35 0.21943297836404529 1.0000000180025095e-35 0.21139337552368265 1.0000000180025095e-35 74253.492834500023 22.500000000000004 59.500000000000007
decision_type=2 2 2 1 2 2 2 2 2 2 2 2 2 2
left_child=1 -1 10 4 5 -4 12 9 13 -7 -3 -9 -6 -5
right_child=-2 2 3 8 6 7 -8 11 -10 -11 -12 -13 -14 -15
leaf_value=0.050980491717363477 0.05003885216051368 -0.050038881586663211 0.050868370431744393 -0.050216366542523067 -0.054536839596285483 -0.050437854357811299 0.050045971199133933 -0.050464048984099757 0.050038852160509628 0.05022738826961002 0.050038852160506478 0.035103912230622099 -0.05025689707028929 -0.052021383955494022
leaf_weight=0.149669408798215 7.4799471697770068 7.3419599710032344 0.1331394761800766 0.18302676163148124 0.040698736906051636 0.016362371563445777 0.014290070161223412 0.076729822059860453 0.012312670238316059 0.035759061574935913 0.0061563351191579177 0.0074347809422761193 0.062801820284221321 0.11117934621870518
leaf_count=1 1215 17728 1 314 1 14 2 53 2 1 1 2 83 6
internal_value=-2.81481e-06 -0.0456975 -0.0474968 -0.0214591 -0.00136452 0.0153374 -0.0395672 -0.0193733 -0.0468439 0.0186258 -0.049955 -0.0429053 -0.0519399 -0.0508985
internal_weight=15.6715 8.19152 8.04185 0.693735 0.387216 0.269426 0.117791 0.136286 0.306519 0.0521214 7.34812 0.0841646 0.103501 0.294206
internal_count=19424 18209 18208 479 157 71 86 70 322 15 17729 55 84 320
cat_boundaries=0 1
cat_threshold=2
is_linear=0
shrinkage=0.05


Tree=130
num_leaves=15
num_cat=1
split_feature=2 8 2 12 10 2 4 9 5 9 4 1 2 2
split_gain=13.6337 0.542069 0.196375 0.134568 0.0938504 0.126319 0.0496076 0.0462452 0.0457749 0.0432706 0.0234402 0.0189104 0.000154659 7.73405e-05
threshold=61.500000000000007 1.0000000180025095e-35 21.500000000000004 0 10.500000000000002 24.500000000000004 1.0000000180025095e-35 0.21943297836404529 1.0000000180025095e-35 0.21139337552368265 1.0000000180025095e-35 74253.492834500023 22.500000000000004 59.500000000000007
decision_type=2 2 2 1 2 2 2 2 2 2 2 2 2 2
left_child=1 -1 10 4 5 -4 12 9 13 -7 -3 -9 -6 -5
right_child=-2 2 3 8 6 7 -8 11 -10 -11 -12 -13 -14 -15
leaf_value=0.05093175963349459 0.050036958358870745 -0.050036984031418388 0.0508253016481576 -0.050205923600615036 -0.054296045027117282 -0.050416563092626571 0.050043728980548777 -0.050441463760961994 0.050036958358866492 0.050216247413449745 0.050036958358863161 0.034190506134783021 -0.050244495136326783 -0.051919138177061411
leaf_weight=0.14250272512435902 7.1154087502509356 6.9841467096412089 0.12675079703330994 0.17413574326201331 0.038881182670593262 0.01557077604229562 0.013593729119747877 0.073019521223613992 0.011712606996297836 0.034022428095340729 0.0058563034981488063 0.007256350712850689 0.059753313646069728 0.10596007527783513
leaf_count=1 1215 17728 1 314 1 14 2 53 2 1 1 2 83 6
internal_value=-2.80503e-06 -0.0456907 -0.0474904 -0.021434 -0.00136262 0.0153164 -0.0395007 -0.0193399 -0.0468045 0.0186206 -0.0499531 -0.0427914 -0.0518416 -0.050854
internal_weight=14.9086 7.79316 7.65066 0.660657 0.368848 0.25662 0.112228 0.129869 0.291808 0.0495932 6.99 0.0802759 0.0986345 0.280096
internal_count=19424 18209 18208 479 157 71 86 70 322 15 17729 55 84 320
cat_boundaries=0 1
cat_threshold=2
is_linear=0
shrinkage=0.05


Tree=131
num_leaves=15
num_cat=1
split_feature=2 8 2 12 10 2 4 9 5 9 4 1 2 2
split_gain=12.9676 0.515531 0.187287 0.127939 0.0891301 0.120057 0.0471118 0.0438659 0.0435073 0.0411487 0.0222962 0.0180217 0.000132239 6.63699e-05
threshold=61.500000000000007 1.0000000180025095e-35 21.500000000000004 0 10.500000000000002 24.500000000000004 1.0000000180025095e-35 0.21943297836404529 1.0000000180025095e-35 0.21139337552368265 1.0000000180025095e-35 74253.492834500023 22.500000000000004 59.500000000000007
decision_type=2 2 2 1 2 2 2 2 2 2 2 2 2 2
left_child=1 -1 10 4 5 -4 12 9 13 -7 -3 -9 -6 -5
right_child=-2 2 3 8 6 7 -8 11 -10 -11 -12 -13 -14 -15
leaf_value=0.050885488920912984 0.050035153103027225 -0.050035178729490051 0.050784404674665155 -0.050195978533083954 -0.054069006396921554 -0.050396306079406955 0.050041595637607274 -0.050419973701137967 0.050035153103022735 0.05020565762160431 0.050035153103019252 0.033257949666480727 -0.05023268521160356 -0.051822237428208962
leaf_weight=0.13567294180393208 6.7686238931491971 6.6437593605078291 0.12066373229026794 0.16567503256374028 0.037136297672986984 0.014817184186540544 0.012931292410939932 0.069487175409449264 0.011141767725348473 0.032369788736104965 0.0055708838626741244 0.0070911108050495377 0.056852136316592805 0.10097604710608721
leaf_count=1 1215 17728 1 314 1 14 2 53 2 1 1 2 83 6
internal_value=-2.79816e-06 -0.0456841 -0.0474842 -0.0214096 -0.00136079 0.015295 -0.0394376 -0.019305 -0.046767 0.0186156 -0.0499513 -0.0426714 -0.0517485 -0.0508118
internal_weight=14.1828 7.41414 7.27847 0.629142 0.351349 0.244429 0.10692 0.123765 0.277793 0.047187 6.64933 0.0765783 0.0939884 0.266651
internal_count=19424 18209 18208 479 157 71 86 70 322 15 17729 55 84 320
cat_boundaries=0 1
cat_threshold=2
is_linear=0
shrinkage=0.05


Tree=132
num_leaves=15
num_cat=1
split_feature=2 8 2 12 10 2 4 9 5 9 4 1 2 2
split_gain=12.3341 0.490297 0.178612 0.121643 0.0846518 0.114109 0.0447452 0.0416024 0.0413537 0.0391315 0.021208 0.0171824 0.000113108 5.69644e-05
threshold=61.500000000000007 1.0000000180025095e-35 21.500000000000004 0 10.500000000000002 24.500000000000004 1.0000000180025095e-35 0.21943297836404529 1.0000000180025095e-35 0.21139337552368265 1.0000000180025095e-35 74253.492834500023 22.500000000000004 59.500000000000007
decision_type=2 2 2 1 2 2 2 2 2 2 2 2 2 2
left_child=1 -1 10 4 5 -4 12 9 13 -7 -3 -9 -6 -5
right_child=-2 2 3 8 6 7 -8 11 -10 -11 -12 -13 -14 -15
leaf_value=0.050841562547371613 0.050033439361577517 -0.050033459135172688 0.050745563816642851 -0.050186509882504199 -0.053854836229140279 -0.050377030440959349 0.050039564380326099 -0.050399529120142617 0.050033439361572812 0.050195586968657106 0.050033439361569135 0.032309440117440767 -0.050221439756657021 -0.051730394603266741
leaf_weight=0.12916478514671315 6.4387292205356061 6.3199510153208394 0.1148645281791687 0.15762395068304602 0.035462066531181335 0.014099798601819202 0.012301112525165081 0.066124382778070867 0.010598731227219105 0.030797118321061134 0.0052993656136094405 0.0069382865913212291 0.054091228390461765 0.096217617392539978
leaf_count=1 1215 17728 1 314 1 14 2 53 2 1 1 2 83 6
internal_value=-2.79167e-06 -0.0456777 -0.0474782 -0.0213856 -0.001359 0.0152732 -0.0393778 -0.0192684 -0.0467315 0.0186109 -0.0499496 -0.0425452 -0.0516602 -0.0507717
internal_weight=13.4923 7.05353 6.92437 0.599119 0.334679 0.232824 0.101854 0.11796 0.26444 0.0448969 6.32525 0.0730627 0.0895533 0.253842
internal_count=19424 18209 18208 479 157 71 86 70 322 15 17729 55 84 320
cat_boundaries=0 1
cat_threshold=2
is_linear=0
shrinkage=0.05


Tree=133
num_leaves=15
num_cat=1
split_feature=2 8 2 12 10 2 4 9 5 9 4 1 2 2
split_gain=11.7316 0.4663 0.170332 0.115663 0.0804025 0.108459 0.0425008 0.0394492 0.0393082 0.0372136 0.020173 0.0163901 9.67768e-05 4.88984e-05
threshold=61.500000000000007 1.0000000180025095e-35 21.500000000000004 0 10.500000000000002 24.500000000000004 1.0000000180025095e-35 0.21943297836404529 1.0000000180025095e-35 0.21139337552368265 1.0000000180025095e-35 74253.492834500023 22.500000000000004 59.500000000000007
decision_type=2 2 2 1 2 2 2 2 2 2 2 2 2 2
left_child=1 -1 10 4 5 -4 12 9 13 -7 -3 -9 -6 -5
right_child=-2 2 3 8 6 7 -8 11 -10 -11 -12 -13 -14 -15
leaf_value=0.050799843891519147 0.05003180417716413 -0.050031827530698195 0.050708673929585085 -0.05017749478902566 -0.053652727699449898 -0.050358689852979144 0.05003763176140133 -0.050380076917389993 0.050031804177159182 0.05018601613095304 0.050031804177155331 0.031348318959723363 -0.050210733848943784 -0.051643318835519862
leaf_weight=0.12296369671821583 6.1249037878587842 6.0119145072239917 0.10934000462293625 0.14996279898332421 0.03385641798377037 0.013416904606856406 0.011701620649546385 0.062923132674768567 0.010082146152853966 0.029300572350621223 0.005041073076426871 0.0067971276585012666 0.051463862822856754 0.091675451956689358
leaf_count=1 1215 17728 1 314 1 14 2 53 2 1 1 2 83 6
internal_value=-2.78749e-06 -0.0456715 -0.0474723 -0.021362 -0.00135725 0.0152509 -0.0393211 -0.01923 -0.0466977 0.0186065 -0.049948 -0.0424123 -0.0515766 -0.0507336
internal_weight=12.8353 6.71044 6.58748 0.57052 0.3188 0.221778 0.0970219 0.112438 0.25172 0.0427175 6.01696 0.0697203 0.0853203 0.241638
internal_count=19424 18209 18208 479 157 71 86 70 322 15 17729 55 84 320
cat_boundaries=0 1
cat_threshold=2
is_linear=0
shrinkage=0.05


Tree=134
num_leaves=15
num_cat=1
split_feature=2 8 2 12 10 2 4 9 5 9 4 1 2 2
split_gain=11.1585 0.44348 0.162431 0.109984 0.07637 0.103093 0.0403721 0.0374009 0.0373652 0.0353901 0.0191886 0.0156426 8.28284e-05 4.19801e-05
threshold=61.500000000000007 1.0000000180025095e-35 21.500000000000004 0 10.500000000000002 24.500000000000004 1.0000000180025095e-35 0.21943297836404529 1.0000000180025095e-35 0.21139337552368265 1.0000000180025095e-35 74253.492834500023 22.500000000000004 59.500000000000007
decision_type=2 2 2 1 2 2 2 2 2 2 2 2 2 2
left_child=1 -1 10 4 5 -4 12 9 13 -7 -3 -9 -6 -5
right_child=-2 2 3 8 6 7 -8 11 -10 -11 -12 -13 -14 -15
leaf_value=0.050760224701922423 0.050030253561845872 -0.050030275070788714 0.050673635644513638 -0.050168910682683955 -0.05346190861913918 -0.050341238151408764 0.050035796852917924 -0.050361569751355584 0.050030253561840682 0.050176910052597147 0.050030253561836616 0.030378013997924391 -0.050200541259202827 -0.051560752439184676
leaf_weight=0.11705567687749852 5.8263645577244461 5.7188829201622866 0.1040775328874588 0.14267281943466503 0.032317262142896652 0.012766867293976247 0.011131323873996735 0.059875775288674049 0.0095907235518097878 0.027876496315002441 0.004795361775904782 0.0066669109510257831 0.048963629189529456 0.087340511847287416
leaf_count=1 1215 17728 1 314 1 14 2 53 2 1 1 2 83 6
internal_value=-2.78496e-06 -0.0456654 -0.0474665 -0.0213387 -0.00135554 0.0152281 -0.0392673 -0.0191896 -0.0466656 0.0186022 -0.0499464 -0.0422723 -0.0514973 -0.0506974
internal_weight=12.2104 6.38401 6.26696 0.54328 0.303676 0.211264 0.0924122 0.107186 0.239604 0.0406434 5.72368 0.0665427 0.0812809 0.230013
internal_count=19424 18209 18208 479 157 71 86 70 322 15 17729 55 84 320
cat_boundaries=0 1
cat_threshold=2
is_linear=0
shrinkage=0.05


Tree=135
num_leaves=15
num_cat=1
split_feature=2 8 2 12 10 2 4 5 9 9 1 4 2 2
split_gain=10.6135 0.42178 0.154893 0.104589 0.0725428 0.0979941 0.0383526 0.0355195 0.0354524 0.0336564 0.0192342 0.0182522 7.09114e-05 3.60452e-05
threshold=61.500000000000007 1.0000000180025095e-35 21.500000000000004 0 10.500000000000002 24.500000000000004 1.0000000180025095e-35 1.0000000180025095e-35 0.21943297836404529 0.21139337552368265 272075.04704050004 1.0000000180025095e-35 22.500000000000004 59.500000000000007
decision_type=2 2 2 1 2 2 2 2 2 2 2 2 2 2
left_child=1 -1 11 4 5 -4 12 13 9 -7 -10 -3 -6 -5
right_child=-2 2 3 7 6 8 -8 -9 10 -11 -12 -13 -14 -15
leaf_value=0.050722599366481047 0.050028777034232114 -0.050028798021037636 0.050640348037063979 -0.050160738600092659 -0.05328169397702387 -0.050324635890525618 0.050034049008226937 0.050028777034226639 -0.050338947083218004 0.050168250732462762 0.050032798871024846 0.050028777034222371 -0.050190837041415831 -0.051482450080046427
leaf_weight=0.11142731457948674 5.5423692287877202 5.4401265012857039 0.099065043032169342 0.13573613595508494 0.030842479318380356 0.012148125242674723 0.010588803328573704 0.0091232415288686752 0.058323547753388993 0.026521405205130577 0.0051984069868922225 0.0045616207644342257 0.0465844231803203 0.083204035181552172
leaf_count=1 1215 17728 1 314 1 14 2 2 54 1 1 1 83 6
internal_value=-2.78262e-06 -0.0456594 -0.0474608 -0.0213157 -0.00135386 0.0152046 -0.0392163 -0.046635 -0.0191471 0.0185982 -0.0421249 -0.049945 -0.0514221 -0.050663
internal_weight=11.6158 6.07345 5.96202 0.517336 0.289272 0.201257 0.0880157 0.228063 0.102191 0.0386695 0.063522 5.44469 0.0774269 0.21894
internal_count=19424 18209 18208 479 157 71 86 322 70 15 55 17729 84 320
cat_boundaries=0 1
cat_threshold=2
is_linear=0
shrinkage=0.05


Tree=136
num_leaves=15
num_cat=1
split_feature=2 8 2 12 10 2 4 5 9 9 4 1 2 2
split_gain=10.0952 0.401156 0.147556 0.0994287 0.068931 0.0931572 0.0364366 0.0337661 0.0337129 0.032008 0.0173615 0.0142042 6.07252e-05 3.09529e-05
threshold=61.500000000000007 1.0000000180025095e-35 21.500000000000004 0 10.500000000000002 24.500000000000004 1.0000000180025095e-35 1.0000000180025095e-35 0.21943297836404529 0.21139337552368265 1.0000000180025095e-35 74253.492834500023 22.500000000000004 59.500000000000007
decision_type=2 2 2 1 2 2 2 2 2 2 2 2 2 2
left_child=1 -1 10 4 5 -4 12 13 9 -7 -3 -10 -6 -5
right_child=-2 2 3 7 6 8 -8 -9 11 -11 -12 -13 -14 -15
leaf_value=0.050686858093370493 0.050027370273168309 -0.050027389561330043 0.050608726420665988 -0.050152960545951523 -0.053111413050355896 -0.050308836272406232 0.05003238642732899 0.050027370273162557 -0.050327213749620486 0.050160017687465058 0.050027370273158067 0.029403991079071545 -0.050181599346239072 -0.051408178901730009
leaf_weight=0.10606579482555378 5.2722088806331158 5.1749500744917896 0.094290979206562042 0.1291357283189426 0.029429957270622253 0.011559191683772951 0.010072707664221525 0.008678533136844635 0.054214164178119972 0.025231977924704552 0.0043392665684222056 0.0062276792014017692 0.04432042533881031 0.079257585108280182
leaf_count=1 1215 17728 1 314 1 14 2 2 53 1 1 2 83 6
internal_value=-2.76808e-06 -0.0456552 -0.0474569 -0.0213016 -0.00135266 0.0151977 -0.0391679 -0.0466061 -0.0191419 0.0185943 -0.0499436 -0.042112 -0.0513507 -0.0506304
internal_weight=11.05 5.77777 5.67171 0.492419 0.275347 0.191524 0.0838231 0.217072 0.097233 0.0367912 5.17929 0.0604418 0.0737504 0.208393
internal_count=19424 18209 18208 479 157 71 86 322 70 15 17729 55 84 320
cat_boundaries=0 1
cat_threshold=2
is_linear=0
shrinkage=0.05


Tree=137
num_leaves=15
num_cat=1
split_feature=2 8 2 12 10 2 4 5 9 9 1 4 2 2
split_gain=9.60219 0.381531 0.140696 0.0945593 0.0654826 0.0885551 0.0346185 0.0321002 0.0319507 0.0304406 0.0177283 0.0165143 5.20161e-05 2.65833e-05
threshold=61.500000000000007 1.0000000180025095e-35 21.500000000000004 0 10.500000000000002 24.500000000000004 1.0000000180025095e-35 1.0000000180025095e-35 0.21943297836404529 0.21139337552368265 272075.04704050004 1.0000000180025095e-35 22.500000000000004 59.500000000000007
decision_type=2 2 2 1 2 2 2 2 2 2 2 2 2 2
left_child=1 -1 11 4 5 -4 12 13 9 -7 -10 -3 -6 -5
right_child=-2 2 3 7 6 8 -8 -9 10 -11 -12 -13 -14 -15
leaf_value=0.050652911269525917 0.050026037124788439 -0.050026054888836935 0.050578691740734587 -0.050145553589518013 -0.052950477426911349 -0.050293808102954973 0.050030806759480885 0.050026037124782402 -0.050306612293302369 0.050152188760462027 0.050030294678773873 0.050026037124777691 -0.050172806398285967 -0.051337723665813462
leaf_weight=0.10095881670713414 5.0152108026668429 4.9226930399890989 0.08974427729845047 0.12285539116419375 0.028077578172087669 0.010998646379448473 0.0095817507244646549 0.0082554910331964493 0.052906762939528562 0.024005051702260971 0.0048019187524914733 0.0041277455165981128 0.042166095270658843 0.07549300417304039
leaf_count=1 1215 17728 1 314 1 14 2 2 54 1 1 1 83 6
internal_value=-2.76801e-06 -0.0456495 -0.0474514 -0.0212795 -0.00135106 0.0151739 -0.039122 -0.0465785 -0.0190975 0.0185907 -0.0419576 -0.0499422 -0.0512831 -0.0505993
internal_weight=10.5119 5.49667 5.39571 0.468886 0.262282 0.182457 0.0798254 0.206604 0.0927124 0.0350037 0.0577087 4.92682 0.0702437 0.198348
internal_count=19424 18209 18208 479 157 71 86 322 70 15 55 17729 84 320
cat_boundaries=0 1
cat_threshold=2
is_linear=0
shrinkage=0.05


Tree=138
num_leaves=15
num_cat=1
split_feature=2 8 2 12 10 2 4 5 9 9 1 4 2 2
split_gain=9.13339 0.36288 0.134012 0.089899 0.0622288 0.0841892 0.0328932 0.0305174 0.030384 0.0289503 0.016859 0.0157085 4.45668e-05 2.28328e-05
threshold=61.500000000000007 1.0000000180025095e-35 21.500000000000004 0 10.500000000000002 24.500000000000004 1.0000000180025095e-35 1.0000000180025095e-35 0.21943297836404529 0.21139337552368265 272075.04704050004 1.0000000180025095e-35 22.500000000000004 59.500000000000007
decision_type=2 2 2 1 2 2 2 2 2 2 2 2 2 2
left_child=1 -1 11 4 5 -4 12 13 9 -7 -10 -3 -6 -5
right_child=-2 2 3 7 6 8 -8 -9 10 -11 -12 -13 -14 -15
leaf_value=0.050620665715946915 0.05002476827109166 -0.050024787239382952 0.050550146653145639 -0.050138504204701451 -0.052798312917886205 -0.050279507280839901 0.050029304641617804 0.050024768271085297 -0.050291680156961144 0.050144745254629808 0.05002881929576658 0.05002476827108035 -0.050164435262107537 -0.05127087592157839
leaf_weight=0.096094630658626445 4.7707339678891003 4.6827262828301173 0.085414387285709381 0.11687967798206944 0.026783246546983719 0.010465136816492304 0.0091147101484239101 0.0078530600294470787 0.050341035981546156 0.022837614640593529 0.0045678578317165366 0.0039265300147234275 0.040116155243595131 0.071902429219335318
leaf_count=1 1215 17728 1 314 1 14 2 2 54 1 1 1 83 6
internal_value=-2.75611e-06 -0.0456457 -0.0474479 -0.0212668 -0.00134998 0.0151677 -0.0390784 -0.0465523 -0.0190928 0.0185872 -0.041946 -0.049941 -0.0512189 -0.0505698
internal_weight=9.99976 5.22902 5.13293 0.446275 0.24964 0.173626 0.0760141 0.196635 0.0882116 0.0333028 0.0549089 4.68665 0.0668994 0.188782
internal_count=19424 18209 18208 479 157 71 86 322 70 15 55 17729 84 320
cat_boundaries=0 1
cat_threshold=2
is_linear=0
shrinkage=0.05


Tree=139
num_leaves=15
num_cat=1
split_feature=2 8 2 12 10 2 4 5 9 9 1 4 2 2
split_gain=8.6875 0.345144 0.127637 0.0854707 0.0591397 0.0800407 0.0312555 0.0290135 0.0288944 0.0275332 0.0160325 0.014942 3.81932e-05 1.96136e-05
threshold=61.500000000000007 1.0000000180025095e-35 21.500000000000004 0 10.500000000000002 24.500000000000004 1.0000000180025095e-35 1.0000000180025095e-35 0.21943297836404529 0.21139337552368265 272075.04704050004 1.0000000180025095e-35 22.500000000000004 59.500000000000007
decision_type=2 2 2 1 2 2 2 2 2 2 2 2 2 2
left_child=1 -1 11 4 5 -4 12 13 9 -7 -10 -3 -6 -5
right_child=-2 2 3 7 6 8 -8 -9 10 -11 -12 -13 -14 -15
leaf_value=0.050590029734871846 0.050023559717103865 -0.050023576403163086 0.050523031573173574 -0.05013179392621369 -0.052654399719531689 -0.050265901787644243 0.050027872525651357 0.050023559717097182 -0.050277473489290785 0.050137665708085359 0.050027413273628474 0.050023559717091971 -0.050156467023090269 -0.05120744641728539
leaf_weight=0.091462001204490551 4.538169315783307 4.4544521614297992 0.081291183829307556 0.11119389600935381 0.025544885545969009 0.0099573724728543311 0.0086704222485423088 0.0074702375568449489 0.047899063851218671 0.021726801991462708 0.0043452000245451919 0.003735118778422363 0.038165576712344773 0.068478289991617203
leaf_count=1 1215 17728 1 314 1 14 2 2 54 1 1 1 83 6
internal_value=-2.74439e-06 -0.0456421 -0.0474446 -0.0212547 -0.00134895 0.0151618 -0.0390371 -0.0465275 -0.0190883 0.0185839 -0.041935 -0.0499398 -0.051158 -0.0505418
internal_weight=9.51256 4.97439 4.88293 0.424743 0.237601 0.16522 0.0723809 0.187142 0.0839284 0.0316842 0.0522443 4.45819 0.0637105 0.179672
internal_count=19424 18209 18208 479 157 71 86 322 70 15 55 17729 84 320
cat_boundaries=0 1
cat_threshold=2
is_linear=0
shrinkage=0.05


Tree=140
num_leaves=15
num_cat=1
split_feature=2 8 2 12 10 2 4 5 9 9 1 4 2 2
split_gain=8.2634 0.328276 0.121558 0.0812625 0.0562064 0.0760985 0.0297011 0.0275844 0.0274783 0.0261857 0.0152468 0.014213 3.27383e-05 1.68499e-05
threshold=61.500000000000007 1.0000000180025095e-35 21.500000000000004 0 10.500000000000002 24.500000000000004 1.0000000180025095e-35 1.0000000180025095e-35 0.21943297836404529 0.21139337552368265 272075.04704050004 1.0000000180025095e-35 22.500000000000004 59.500000000000007
decision_type=2 2 2 1 2 2 2 2 2 2 2 2 2 2
left_child=1 -1 11 4 5 -4 12 13 9 -7 -10 -3 -6 -5
right_child=-2 2 3 7 6 8 -8 -9 10 -11 -12 -13 -14 -15
leaf_value=0.050560919354490322 0.050022411288159555 -0.050022423194785198 0.050497257303447944 -0.050125406095835968 -0.05251824819471438 -0.050252954093706836 0.050026513141119992 0.050022411288152525 -0.050263958499408949 0.050130931110831736 0.050026074798213804 0.050022411288147051 -0.05014888275711931 -0.051147250136903938
leaf_weight=0.087050169706344493 4.316936923423782 4.2373009131260915 0.077365033328533173 0.10578404380066775 0.024360449984669685 0.0094741243519820273 0.0082477794494479895 0.0071060690097510806 0.045574940741062164 0.020669879391789436 0.0041333897970616809 0.0035530345048754288 0.036309571805759333 0.065213293302804232
leaf_count=1 1215 17728 1 314 1 14 2 2 54 1 1 1 83 6
internal_value=-2.73048e-06 -0.0456386 -0.0474414 -0.0212432 -0.00134798 0.0151562 -0.0389978 -0.0465038 -0.019084 0.0185807 -0.0419246 -0.0499386 -0.0511002 -0.0505151
internal_weight=9.04908 4.73214 4.64509 0.404239 0.226135 0.157217 0.0689178 0.178103 0.0798523 0.030144 0.0497083 4.24085 0.06067 0.170997
internal_count=19424 18209 18208 479 157 71 86 322 70 15 55 17729 84 320
cat_boundaries=0 1
cat_threshold=2
is_linear=0
shrinkage=0.05


Tree=141
num_leaves=15
num_cat=1
split_feature=2 8 2 12 10 2 4 5 9 9 1 4 2 2
split_gain=7.86002 0.312234 0.115761 0.0772634 0.0534209 0.0723524 0.0282253 0.0262263 0.0261318 0.0249044 0.0144998 0.0135195 2.80684e-05 1.4477e-05
threshold=61.500000000000007 1.0000000180025095e-35 21.500000000000004 0 10.500000000000002 24.500000000000004 1.0000000180025095e-35 1.0000000180025095e-35 0.21943297836404529 0.21139337552368265 272075.04704050004 1.0000000180025095e-35 22.500000000000004 59.500000000000007
decision_type=2 2 2 1 2 2 2 2 2 2 2 2 2 2
left_child=1 -1 11 4 5 -4 12 13 9 -7 -10 -3 -6 -5
right_child=-2 2 3 7 6 8 -8 -9 10 -11 -12 -13 -14 -15
leaf_value=0.050533265706125978 0.050021317519859998 -0.050021330117091034 0.050472773347278538 -0.050119325977634466 -0.052389406688493713 -0.050240639622697085 0.050025218752940838 0.050021317519852615 -0.050251101600226881 0.050124531585714484 0.050024799584055396 0.05002131751984687 -0.050141664306454226 -0.051090119536238779
leaf_weight=0.082848854362964519 4.1064848739188164 4.0307311561045935 0.073626697063446045 0.10063679434824724 0.023227924481034279 0.0090142193075735122 0.0078457281924784184 0.0067596458829939357 0.043363037271774374 0.01966424472630024 0.003931899555027484 0.0033798229414968564 0.034543579749879427 0.062100422102957964
leaf_count=1 1215 17728 1 314 1 14 2 2 54 1 1 1 83 6
internal_value=-2.71979e-06 -0.0456353 -0.0474384 -0.0212323 -0.00134705 0.0151509 -0.0389606 -0.0464813 -0.0190799 0.0185777 -0.0419146 -0.0499375 -0.0510454 -0.0504898
internal_weight=8.60816 4.50167 4.41883 0.384714 0.215217 0.1496 0.0656172 0.169497 0.0759734 0.0286785 0.0472949 4.03411 0.0577715 0.162737
internal_count=19424 18209 18208 479 157 71 86 322 70 15 55 17729 84 320
cat_boundaries=0 1
cat_threshold=2
is_linear=0
shrinkage=0.05


Tree=142
num_leaves=15
num_cat=1
split_feature=2 8 2 12 10 2 4 5 9 9 1 4 2 2
split_gain=7.47636 0.296977 0.110235 0.0734627 0.0507756 0.0687923 0.0268242 0.0249357 0.0248516 0.0236859 0.0137895 0.0128599 2.40694e-05 1.24393e-05
threshold=61.500000000000007 1.0000000180025095e-35 21.500000000000004 0 10.500000000000002 24.500000000000004 1.0000000180025095e-35 1.0000000180025095e-35 0.21943297836404529 0.21139337552368265 272075.04704050004 1.0000000180025095e-35 22.500000000000004 59.500000000000007
decision_type=2 2 2 1 2 2 2 2 2 2 2 2 2 2
left_child=1 -1 11 4 5 -4 12 13 9 -7 -10 -3 -6 -5
right_child=-2 2 3 7 6 8 -8 -9 10 -11 -12 -13 -14 -15
leaf_value=0.05050699099324122 0.050020277300778404 -0.050020291714025902 0.050449502636191745 -0.050113540232260417 -0.052267450897401237 -0.050228924064965132 0.050023991963176986 0.050020277300770646 -0.050238869759364806 0.050118445107271495 0.050023592905705717 0.050020277300764596 -0.050134792743194725 -0.051035887831724358
leaf_weight=0.078848235309123882 3.9062884077429771 3.8342278277850714 0.070067368447780609 0.095739454918657318 0.022145338356494904 0.0085765400726813823 0.0074632661417126647 0.0064301043748855582 0.04125798653694801 0.018707422539591789 0.0037402266170829526 0.0032150521874426677 0.032863259286386892 0.059132935246452689
leaf_count=1 1215 17728 1 314 1 14 2 2 54 1 1 1 83 6
internal_value=-2.71041e-06 -0.0456322 -0.0474355 -0.0212219 -0.00134617 0.0151459 -0.0389252 -0.04646 -0.0190761 0.0185749 -0.0419051 -0.0499365 -0.0509934 -0.0504657
internal_weight=8.1887 4.28242 4.20357 0.366124 0.204821 0.14235 0.0624719 0.161302 0.0722822 0.027284 0.0449982 3.83744 0.0550086 0.154872
internal_count=19424 18209 18208 479 157 71 86 322 70 15 55 17729 84 320
cat_boundaries=0 1
cat_threshold=2
is_linear=0
shrinkage=0.05


Tree=143
num_leaves=15
num_cat=1
split_feature=2 8 2 12 10 2 4 5 9 9 1 4 2 2
split_gain=7.11143 0.282468 0.104966 0.0698506 0.0482632 0.0654088 0.0254938 0.0237092 0.0236344 0.0225273 0.0131141 0.0122324 2.06439e-05 1.06893e-05
threshold=61.500000000000007 1.0000000180025095e-35 21.500000000000004 0 10.500000000000002 24.500000000000004 1.0000000180025095e-35 1.0000000180025095e-35 0.21943297836404529 0.21139337552368265 272075.04704050004 1.0000000180025095e-35 22.500000000000004 59.500000000000007
decision_type=2 2 2 1 2 2 2 2 2 2 2 2 2 2
left_child=1 -1 11 4 5 -4 12 13 9 -7 -10 -3 -6 -5
right_child=-2 2 3 7 6 8 -8 -9 10 -11 -12 -13 -14 -15
leaf_value=0.050482020947313001 0.05001928765186027 -0.050019299780303207 0.050427389153863925 -0.050108033531036947 -0.052151979137005366 -0.050217774682415207 0.050022819201862682 0.05001928765185211 -0.050227232956071538 0.050112656350716378 0.05002243957803551 0.05001928765184576 -0.050128253189648898 -0.050984402286023904
leaf_weight=0.075038924813270458 3.7158482254017144 3.6473006395244747 0.066678635776042938 0.091079942969372385 0.021110760048031807 0.0081600230041658506 0.0070994403213262549 0.0061166225932538501 0.039254675139090978 0.017797054722905159 0.0035578934475779525 0.0030583112966268136 0.031264474673662335 0.056304357247427106
leaf_count=1 1215 17728 1 314 1 14 2 2 54 1 1 1 83 6
internal_value=-2.69858e-06 -0.0456292 -0.0474327 -0.021212 -0.00134534 0.0151411 -0.0388916 -0.0464397 -0.0190724 0.0185722 -0.0418961 -0.0499355 -0.050944 -0.0504428
internal_weight=7.78967 4.07382 3.99878 0.348424 0.194923 0.135448 0.0594747 0.153501 0.0687696 0.0259571 0.0428126 3.65036 0.0523752 0.147384
internal_count=19424 18209 18208 479 157 71 86 322 70 15 55 17729 84 320
cat_boundaries=0 1
cat_threshold=2
is_linear=0
shrinkage=0.05


Tree=144
num_leaves=15
num_cat=1
split_feature=2 8 2 12 10 2 4 5 9 9 1 4 2 2
split_gain=6.76433 0.268668 0.0999447 0.0664174 0.0458767 0.0621931 0.0242305 0.0225435 0.0224771 0.0214255 0.012472 0.0116356 1.77091e-05 9.18627e-06
threshold=61.500000000000007 1.0000000180025095e-35 21.500000000000004 0 10.500000000000002 24.500000000000004 1.0000000180025095e-35 1.0000000180025095e-35 0.21943297836404529 0.21139337552368265 272075.04704050004 1.0000000180025095e-35 22.500000000000004 59.500000000000007
decision_type=2 2 2 1 2 2 2 2 2 2 2 2 2 2
left_child=1 -1 11 4 5 -4 12 13 9 -7 -10 -3 -6 -5
right_child=-2 2 3 7 6 8 -8 -9 10 -11 -12 -13 -14 -15
leaf_value=0.050458285249141158 0.050018343398993408 -0.050018357534206165 0.050406372612045669 -0.050102791286658524 -0.052042625617633724 -0.050207169401299503 0.050021706311937121 0.050018343398984838 -0.050216162155096104 0.050107148680053365 0.050021346881582829 0.050018343398978149 -0.050122030361369696 -0.050935525332969162
leaf_weight=0.071411959826946592 3.5346890729852021 3.4694835575937768 0.063452459871768951 0.086646757903508731 0.020122306421399117 0.0077636521891690782 0.0067533431574702254 0.0058184182271361342 0.037348226163885556 0.016930896788835526 0.003384445095434784 0.0029092091135679557 0.029743287901510485 0.053608457325026393
leaf_count=1 1215 17728 1 314 1 14 2 2 54 1 1 1 83 6
internal_value=-2.69117e-06 -0.0456263 -0.0474301 -0.0212026 -0.00134455 0.0151365 -0.0388598 -0.0464204 -0.0190689 0.0185696 -0.0418875 -0.0499345 -0.050897 -0.0504211
internal_weight=7.41007 3.87538 3.80397 0.331572 0.185499 0.12888 0.0566189 0.146074 0.0654272 0.0246945 0.0407327 3.47239 0.0498656 0.140255
internal_count=19424 18209 18208 479 157 71 86 322 70 15 55 17729 84 320
cat_boundaries=0 1
cat_threshold=2
is_linear=0
shrinkage=0.05


Tree=145
num_leaves=15
num_cat=1
split_feature=2 8 2 12 10 2 4 5 9 9 1 4 2 2
split_gain=6.43418 0.255544 0.0951587 0.0631541 0.0436099 0.0591367 0.0230307 0.0214355 0.0213766 0.0203777 0.0118614 0.0110679 1.51942e-05 7.89517e-06
threshold=61.500000000000007 1.0000000180025095e-35 21.500000000000004 0 10.500000000000002 24.500000000000004 1.0000000180025095e-35 1.0000000180025095e-35 0.21943297836404529 0.21139337552368265 272075.04704050004 1.0000000180025095e-35 22.500000000000004 59.500000000000007
decision_type=2 2 2 1 2 2 2 2 2 2 2 2 2 2
left_child=1 -1 11 4 5 -4 12 13 9 -7 -10 -3 -6 -5
right_child=-2 2 3 7 6 8 -8 -9 10 -11 -12 -13 -14 -15
leaf_value=0.050435734230458787 0.050017449424223676 -0.05001745973814048 0.050386394181601263 -0.050097801621142406 -0.051939043441815796 -0.050197081622457868 0.050020645964806987 0.050017449424214655 -0.050205629612664227 0.050101916487917487 0.050020303846780578 0.05001744942420764 -0.050116106408956446 -0.050889113417327915
leaf_weight=0.067958764731884336 3.362358893500641 3.3003324840974537 0.060381174087524414 0.082428946931031422 0.019178139045834541 0.007386461235000751 0.0064241113141179076 0.0055347471497952929 0.035533996182493865 0.016106806695461273 0.003219449194148182 0.002767373574897535 0.028295950098254252 0.051039276178926229
leaf_count=1 1215 17728 1 314 1 14 2 2 54 1 1 1 83 6
internal_value=-2.68092e-06 -0.0456236 -0.0474276 -0.0211937 -0.0013438 0.0151322 -0.0388295 -0.046402 -0.0190655 0.0185672 -0.0418793 -0.0499336 -0.0508525 -0.0504004
internal_weight=7.04895 3.68659 3.61863 0.315529 0.176526 0.122628 0.0538982 0.139003 0.0622467 0.0234933 0.0387534 3.3031 0.0474741 0.133468
internal_count=19424 18209 18208 479 157 71 86 322 70 15 55 17729 84 320
cat_boundaries=0 1
cat_threshold=2
is_linear=0
shrinkage=0.05


Tree=146
num_leaves=15
num_cat=1
split_feature=2 8 2 12 10 2 4 5 9 9 1 4 2 2
split_gain=6.12016 0.243062 0.0905977 0.0600524 0.0414564 0.0562316 0.0218912 0.0203824 0.0203303 0.0193813 0.0112808 0.010528 1.30384e-05 6.78605e-06
threshold=61.500000000000007 1.0000000180025095e-35 21.500000000000004 0 10.500000000000002 24.500000000000004 1.0000000180025095e-35 1.0000000180025095e-35 0.21943297836404529 0.21139337552368265 272075.04704050004 1.0000000180025095e-35 22.500000000000004 59.500000000000007
decision_type=2 2 2 1 2 2 2 2 2 2 2 2 2 2
left_child=1 -1 11 4 5 -4 12 13 9 -7 -10 -3 -6 -5
right_child=-2 2 3 7 6 8 -8 -9 10 -11 -12 -13 -14 -15
leaf_value=0.050414307992057962 0.050016601378524685 -0.05001660675135966 0.050367407310009008 -0.050093053702467187 -0.051840899019861199 -0.050187481931698988 0.050019640925767911 0.050016601378515206 -0.050195611660296659 0.050096929485414367 0.050019314528470082 0.050016601378507823 -0.05011047013820899 -0.050845043314038475
leaf_weight=0.064671158790588712 3.1984276953153312 3.1394255135674038 0.05745745450258255 0.078416083633783162 0.018276475369930267 0.0070275293110171324 0.0061109235975891343 0.0052649015560746184 0.033807559273554944 0.01532275415956974 0.0030624938663095227 0.0026324507780371978 0.026918891977402382 0.048591083148494363
leaf_count=1 1215 17728 1 314 1 14 2 2 54 1 1 1 83 6
internal_value=-2.67113e-06 -0.0456211 -0.0474253 -0.0211852 -0.00134308 0.015128 -0.0388007 -0.0463846 -0.0190623 0.0185648 -0.0418716 -0.0499328 -0.0508102 -0.0503808
internal_weight=6.70541 3.50699 3.44231 0.300256 0.167984 0.116678 0.0513063 0.132272 0.0592203 0.0223503 0.0368701 3.14206 0.0451954 0.127007
internal_count=19424 18209 18208 479 157 71 86 322 70 15 55 17729 84 320
cat_boundaries=0 1
cat_threshold=2
is_linear=0
shrinkage=0.05


Tree=147
num_leaves=15
num_cat=1
split_feature=2 8 2 12 10 2 4 5 9 9 1 4 2 2
split_gain=5.82148 0.23119 0.0862516 0.0571039 0.0394105 0.0534701 0.0208088 0.0193814 0.0193353 0.0184338 0.0107287 0.0100143 1.11901e-05 5.83303e-06
threshold=61.500000000000007 1.0000000180025095e-35 21.500000000000004 0 10.500000000000002 24.500000000000004 1.0000000180025095e-35 1.0000000180025095e-35 0.21943297836404529 0.21139337552368265 272075.04704050004 1.0000000180025095e-35 22.500000000000004 59.500000000000007
decision_type=2 2 2 1 2 2 2 2 2 2 2 2 2 2
left_child=1 -1 11 4 5 -4 12 13 9 -7 -10 -3 -6 -5
right_child=-2 2 3 7 6 8 -8 -9 10 -11 -12 -13 -14 -15
leaf_value=0.050393937486227627 0.050015787938052503 -0.050015802030655199 0.050349360604817962 -0.050088536178821003 -0.051747892521395888 -0.050178347500002829 0.050018682930493864 0.050015787938042545 -0.050186080462513341 0.050092194357970202 0.050018370296895126 0.050015787938034788 -0.050105104935381756 -0.050803184992595778
leaf_weight=0.061541348695755338 3.0424867034889758 2.9863608668238166 0.054674319922924042 0.074598245097149518 0.017415577545762062 0.0066859787184512234 0.0058129988610744468 0.005008208565413951 0.032164698721317109 0.014576797373592854 0.002913187723606824 0.002504104282706864 0.025608714437112212 0.046258388087153435
leaf_count=1 1215 17728 1 314 1 14 2 2 54 1 1 1 83 6
internal_value=-2.66443e-06 -0.0456186 -0.0474231 -0.0211772 -0.0013424 0.0151241 -0.0387734 -0.046368 -0.0190593 0.0185626 -0.0418642 -0.049932 -0.0507701 -0.0503621
internal_weight=6.37861 3.33612 3.27458 0.285717 0.159852 0.111015 0.0488373 0.125865 0.0563407 0.0212628 0.0350779 2.98886 0.0430243 0.120857
internal_count=19424 18209 18208 479 157 71 86 322 70 15 55 17729 84 320
cat_boundaries=0 1
cat_threshold=2
is_linear=0
shrinkage=0.05


Tree=148
num_leaves=15
num_cat=1
split_feature=2 8 2 12 10 2 4 5 9 9 1 4 2 2
split_gain=5.53738 0.219899 0.0821106 0.0543012 0.0374667 0.0508452 0.0197806 0.0184298 0.0183892 0.0175326 0.0102038 0.00952579 9.60533e-06 5.01422e-06
threshold=61.500000000000007 1.0000000180025095e-35 21.500000000000004 0 10.500000000000002 24.500000000000004 1.0000000180025095e-35 1.0000000180025095e-35 0.21943297836404529 0.21139337552368265 272075.04704050004 1.0000000180025095e-35 22.500000000000004 59.500000000000007
decision_type=2 2 2 1 2 2 2 2 2 2 2 2 2 2
left_child=1 -1 11 4 5 -4 12 13 9 -7 -10 -3 -6 -5
right_child=-2 2 3 7 6 8 -8 -9 10 -11 -12 -13 -14 -15
leaf_value=0.050374578174935972 0.05001501856818942 -0.050015030313090729 0.050332207191482028 -0.050084236119139064 -0.051659746659136842 -0.050169661386562085 0.050017770956550966 0.050015018568178943 -0.050177012552936988 0.050087691615107767 0.050017471802072958 0.050015018568170783 -0.050100000288023597 -0.050763432883401398
leaf_weight=0.058561872690916394 2.8941460966598243 2.8407571464194925 0.052025098353624344 0.070965984523354453 0.01659376360476017 0.0063609730423195279 0.0055295939091593018 0.0047640264965593806 0.030601397425925825 0.013867094181478024 0.0027711584698408833 0.0023820132482795789 0.024362182419281453 0.044035927159711719
leaf_count=1 1215 17728 1 314 1 14 2 2 54 1 1 1 83 6
internal_value=-2.65891e-06 -0.0456163 -0.0474209 -0.0211695 -0.00134176 0.0151204 -0.0387475 -0.0463522 -0.0190564 0.0185605 -0.0418572 -0.0499312 -0.0507319 -0.0503443
internal_weight=6.06772 3.17358 3.11502 0.271877 0.152111 0.105626 0.0464855 0.119766 0.0536006 0.0202281 0.0333726 2.84314 0.0409559 0.115002
internal_count=19424 18209 18208 479 157 71 86 322 70 15 55 17729 84 320
cat_boundaries=0 1
cat_threshold=2
is_linear=0
shrinkage=0.05


Tree=149
num_leaves=15
num_cat=1
split_feature=2 8 2 12 10 2 4 5 9 9 1 4 2 2
split_gain=5.26715 0.209161 0.0781653 0.0516368 0.0356198 0.0483499 0.0188039 0.0175253 0.0174895 0.0166757 0.00970457 0.00906108 8.24605e-06 4.3107e-06
threshold=61.500000000000007 1.0000000180025095e-35 21.500000000000004 0 10.500000000000002 24.500000000000004 1.0000000180025095e-35 1.0000000180025095e-35 0.21943297836404529 0.21139337552368265 272075.04704050004 1.0000000180025095e-35 22.500000000000004 59.500000000000007
decision_type=2 2 2 1 2 2 2 2 2 2 2 2 2 2
left_child=1 -1 11 4 5 -4 12 13 9 -7 -10 -3 -6 -5
right_child=-2 2 3 7 6 8 -8 -9 10 -11 -12 -13 -14 -15
leaf_value=0.050356176579671466 0.050014282994204684 -0.050014300403917203 0.050315901489996567 -0.050080143950921557 -0.051576179866885064 -0.050161394472472247 0.050016902350087766 0.050014282994193672 -0.050168387043602027 0.050083404625670118 0.050016618449737149 0.050014282994185102 -0.050095142119791908 -0.050725681366452169
leaf_weight=0.055725619196892118 2.7530364214908332 2.7022502521140277 0.049503438174724579 0.06751030875602726 0.015809405595064163 0.0060517167730722568 0.0052600011695176354 0.0045317471958696834 0.029113828131812625 0.013191888108849525 0.0026360512711107722 0.0022658735979347302 0.023176215298008174 0.041918661212548614
leaf_count=1 1215 17728 1 314 1 14 2 2 54 1 1 1 83 6
internal_value=-2.65166e-06 -0.0456141 -0.0474189 -0.0211623 -0.00134115 0.0151168 -0.0387228 -0.0463373 -0.0190537 0.0185585 -0.0418505 -0.0499305 -0.0506957 -0.0503274
internal_weight=5.77198 3.01895 2.96322 0.258703 0.144743 0.100497 0.0442456 0.113961 0.0509935 0.0192436 0.0317499 2.70452 0.0389856 0.109429
internal_count=19424 18209 18208 479 157 71 86 322 70 15 55 17729 84 320
cat_boundaries=0 1
cat_threshold=2
is_linear=0
shrinkage=0.05


Tree=150
num_leaves=15
num_cat=1
split_feature=2 8 2 12 10 2 4 5 9 9 1 4 2 2
split_gain=5.01012 0.198947 0.0744067 0.0491039 0.0338649 0.0459778 0.017876 0.0166655 0.0166339 0.0158607 0.00922987 0.00861904 7.08009e-06 3.706e-06
threshold=61.500000000000007 1.0000000180025095e-35 21.500000000000004 0 10.500000000000002 24.500000000000004 1.0000000180025095e-35 1.0000000180025095e-35 0.21943297836404529 0.21139337552368265 272075.04704050004 1.0000000180025095e-35 22.500000000000004 59.500000000000007
decision_type=2 2 2 1 2 2 2 2 2 2 2 2 2 2
left_child=1 -1 11 4 5 -4 12 13 9 -7 -10 -3 -6 -5
right_child=-2 2 3 7 6 8 -8 -9 10 -11 -12 -13 -14 -15
leaf_value=0.050338681886180327 0.050013589202093457 -0.050013601892007688 0.050300394908679914 -0.050076250645162634 -0.051496950353225046 -0.050153533433765676 0.050016079515018255 0.050013589202081876 -0.050160180588152248 0.050079332502700483 0.050015812801664054 0.050013589202072863 -0.050090519118565581 -0.0506898131284707
leaf_weight=0.053025804460049009 2.6188046322204173 2.5704949139326354 0.047103274613618851 0.064222659799270221 0.015060924924910069 0.0057574507518438614 0.0050035482272505752 0.0043107895180582992 0.027698346515535377 0.012549507431685925 0.0025075289886444798 0.0021553947590290381 0.022047881415346637 0.039901765063405037
leaf_count=1 1215 17728 1 314 1 14 2 2 54 1 1 1 83 6
internal_value=-2.64466e-06 -0.045612 -0.047417 -0.0211554 -0.00134056 0.0151135 -0.0386994 -0.046323 -0.0190511 0.0185566 -0.0418441 -0.0499298 -0.0506613 -0.0503114
internal_weight=5.49064 2.87184 2.81881 0.246164 0.137728 0.0956161 0.0421124 0.108435 0.0485128 0.018307 0.0302059 2.57265 0.0371088 0.104124
internal_count=19424 18209 18208 479 157 71 86 322 70 15 55 17729 84 320
cat_boundaries=0 1
cat_threshold=2
is_linear=0
shrinkage=0.05


Tree=151
num_leaves=15
num_cat=1
split_feature=2 8 2 12 10 2 4 5 9 9 1 4 2 2
split_gain=4.76564 0.189233 0.0708264 0.0466959 0.0321972 0.0437228 0.0169943 0.015848 0.0158204 0.0150856 0.00877845 0.00819857 6.07972e-06 3.18636e-06
threshold=61.500000000000007 1.0000000180025095e-35 21.500000000000004 0 10.500000000000002 24.500000000000004 1.0000000180025095e-35 1.0000000180025095e-35 0.21943297836404529 0.21139337552368265 272075.04704050004 1.0000000180025095e-35 22.500000000000004 59.500000000000007
decision_type=2 2 2 1 2 2 2 2 2 2 2 2 2 2
left_child=1 -1 11 4 5 -4 12 13 9 -7 -10 -3 -6 -5
right_child=-2 2 3 7 6 8 -8 -9 10 -11 -12 -13 -14 -15
leaf_value=0.050322057482164798 0.050012928717287269 -0.05001293679441559 0.050285662989486002 -0.050072544535254275 -0.05142181386933381 -0.050146052541340094 0.050015294263527792 0.050012928717275099 -0.050152374376487147 0.050075456063542884 0.050015041979890151 0.05001292871726562 -0.050086119440945778 -0.050655743866319616
leaf_weight=0.050455950200558042 2.4911163537763059 2.4451621226908182 0.04481881856918335 0.061094890916137845 0.014346799813210964 0.0054774528252892188 0.0047595950309187165 0.0041006030514836303 0.026351479929871857 0.011938361451029778 0.0023852712474763385 0.0020503015257417037 0.020974389291950502 0.037980616558343172
leaf_count=1 1215 17728 1 314 1 14 2 2 54 1 1 1 83 6
internal_value=-2.63572e-06 -0.04561 -0.0474151 -0.0211488 -0.00134001 0.0151103 -0.0386772 -0.0463095 -0.0190486 0.0185548 -0.0418381 -0.0499291 -0.0506287 -0.0502961
internal_weight=5.22301 2.7319 2.68144 0.234228 0.131052 0.0909714 0.0400808 0.103176 0.0461526 0.0174158 0.0287368 2.44721 0.0353212 0.0990755
internal_count=19424 18209 18208 479 157 71 86 322 70 15 55 17729 84 320
cat_boundaries=0 1
cat_threshold=2
is_linear=0
shrinkage=0.05


Tree=152
num_leaves=15
num_cat=1
split_feature=2 8 2 12 10 2 4 5 9 9 1 4 2 2
split_gain=4.53309 0.179993 0.0674161 0.0444067 0.0306125 0.0415789 0.0161567 0.0150709 0.0150467 0.0143484 0.00834917 0.00779862 5.22128e-06 2.73971e-06
threshold=61.500000000000007 1.0000000180025095e-35 21.500000000000004 0 10.500000000000002 24.500000000000004 1.0000000180025095e-35 1.0000000180025095e-35 0.21943297836404529 0.21139337552368265 272075.04704050004 1.0000000180025095e-35 22.500000000000004 59.500000000000007
decision_type=2 2 2 1 2 2 2 2 2 2 2 2 2 2
left_child=1 -1 11 4 5 -4 12 13 9 -7 -10 -3 -6 -5
right_child=-2 2 3 7 6 8 -8 -9 10 -11 -12 -13 -14 -15
leaf_value=0.050306252815214531 0.05001229614660252 -0.050012306504448135 0.050271653292929076 -0.050069019762835447 -0.051350549839456174 -0.050138935779539845 0.050014546988510357 0.050012296146589731 -0.05014494797730859 0.050071770554649467 0.050014309663141125 0.05001229614657976 -0.050081934247734154 -0.050623377253711681
leaf_weight=0.048009883612394666 2.3696522042155266 2.3259386112040383 0.04264456033706665 0.058119246161368099 0.013665559701621532 0.0052110353281022972 0.0045275328448042265 0.0039006620645523063 0.025069921561225783 0.011356934905052185 0.0022689725738018742 0.0019503310322760417 0.01995308167533949 0.036150797503069043
leaf_count=1 1215 17728 1 314 1 14 2 2 54 1 1 1 83 6
internal_value=-2.63016e-06 -0.0456081 -0.0474134 -0.0211425 -0.00133949 0.0151072 -0.0386561 -0.0462966 -0.0190463 0.018553 -0.0418323 -0.0499285 -0.0505976 -0.0502816
internal_weight=4.96842 2.59877 2.55076 0.222868 0.124698 0.0865514 0.0381462 0.0981707 0.0439069 0.016568 0.0273389 2.32789 0.0336186 0.09427
internal_count=19424 18209 18208 479 157 71 86 322 70 15 55 17729 84 320
cat_boundaries=0 1
cat_threshold=2
is_linear=0
shrinkage=0.05


Tree=153
num_leaves=15
num_cat=1
split_feature=2 8 2 12 10 2 4 5 9 9 1 4 2 2
split_gain=4.3119 0.171205 0.0641679 0.0422302 0.0291064 0.0395407 0.0153607 0.0143321 0.0143109 0.0136474 0.00794094 0.00741819 4.48455e-06 2.35581e-06
threshold=61.500000000000007 1.0000000180025095e-35 21.500000000000004 0 10.500000000000002 24.500000000000004 1.0000000180025095e-35 1.0000000180025095e-35 0.21943297836404529 0.21139337552368265 272075.04704050004 1.0000000180025095e-35 22.500000000000004 59.500000000000007
decision_type=2 2 2 1 2 2 2 2 2 2 2 2 2 2
left_child=1 -1 11 4 5 -4 12 13 9 -7 -10 -3 -6 -5
right_child=-2 2 3 7 6 8 -8 -9 10 -11 -12 -13 -14 -15
leaf_value=0.050291227172850728 0.050011696538332907 -0.050011700232634917 0.050258331173456898 -0.050065663931813956 -0.051282947349707814 -0.050132165036467648 0.050013838365500524 0.050011696538319467 -0.050137882719898996 0.05006826873269167 0.050013608396600288 0.050011696538308982 -0.050077950818619481 -0.050592628077397929
leaf_weight=0.045681715011597013 2.254109350615181 2.2125273621495589 0.040575239807367325 0.055288348921749164 0.013015785254538059 0.0049575426673982284 0.0043067820370197287 0.0037104680668562642 0.02385052278987132 0.010803787969052792 0.0021583428606390944 0.0018552340334280206 0.018981429959239904 0.034408075036481023
leaf_count=1 1215 17728 1 314 1 14 2 2 54 1 1 1 83 6
internal_value=-2.6227e-06 -0.0456063 -0.0474117 -0.0211366 -0.00133899 0.0151043 -0.038636 -0.0462843 -0.019044 0.0185514 -0.0418268 -0.0499279 -0.0505681 -0.0502678
internal_weight=4.72623 2.47212 2.42644 0.212056 0.118649 0.0823454 0.036304 0.0934069 0.0417702 0.0157613 0.0260089 2.21438 0.0319972 0.0896964
internal_count=19424 18209 18208 479 157 71 86 322 70 15 55 17729 84 320
cat_boundaries=0 1
cat_threshold=2
is_linear=0
shrinkage=0.05


Tree=154
num_leaves=15
num_cat=1
split_feature=2 8 2 12 10 2 4 5 9 9 1 4 2 2
split_gain=4.10151 0.162847 0.0610743 0.0401609 0.027675 0.0376029 0.0146043 0.0136297 0.0136113 0.0129806 0.00755271 0.00705632 3.85217e-06 2.02578e-06
threshold=61.500000000000007 1.0000000180025095e-35 21.500000000000004 0 10.500000000000002 24.500000000000004 1.0000000180025095e-35 1.0000000180025095e-35 0.21943297836404529 0.21139337552368265 272075.04704050004 1.0000000180025095e-35 22.500000000000004 59.500000000000007
decision_type=2 2 2 1 2 2 2 2 2 2 2 2 2 2
left_child=1 -1 11 4 5 -4 12 13 9 -7 -10 -3 -6 -5
right_child=-2 2 3 7 6 8 -8 -9 10 -11 -12 -13 -14 -15
leaf_value=0.050276942404326147 0.050011125196356566 -0.050011134371403546 0.050245672731440032 -0.050062471294326352 -0.051218811376695678 -0.050125726009305482 0.050013162391590954 0.050011125196342425 -0.050131162760820913 0.050064936282966543 0.050012939408276141 0.050011125196331413 -0.050074160461170192 -0.050563408558179382
leaf_weight=0.043465826660395002 2.144198963069357 2.1046443998275217 0.038605842739343643 0.052595173772715387 0.012396110221743584 0.0047163510025711739 0.0040967917302623382 0.0035295456182211629 0.02269028352748137 0.010277547873556614 0.0020531059708446256 0.00176477280911047 0.018057026914902963 0.032748409546911716
leaf_count=1 1215 17728 1 314 1 14 2 2 54 1 1 1 83 6
internal_value=-2.61833e-06 -0.0456046 -0.0474101 -0.0211309 -0.00133851 0.0151015 -0.0386169 -0.0462727 -0.0190419 0.0185498 -0.0418216 -0.0499273 -0.0505401 -0.0502547
internal_weight=4.49584 2.35164 2.30818 0.201766 0.112893 0.0783431 0.0345499 0.0888731 0.0397373 0.0149939 0.0247434 2.10641 0.0304531 0.0853436
internal_count=19424 18209 18208 479 157 71 86 322 70 15 55 17729 84 320
cat_boundaries=0 1
cat_threshold=2
is_linear=0
shrinkage=0.05


Tree=155
num_leaves=15
num_cat=1
split_feature=2 8 2 12 10 2 4 5 9 9 1 4 2 2
split_gain=3.90139 0.154897 0.0581282 0.0381934 0.0263146 0.0357605 0.0138855 0.0129618 0.0129459 0.0123465 0.00718351 0.0067121 3.30931e-06 1.74208e-06
threshold=61.500000000000007 1.0000000180025095e-35 21.500000000000004 0 10.500000000000002 24.500000000000004 1.0000000180025095e-35 1.0000000180025095e-35 0.21943297836404529 0.21139337552368265 272075.04704050004 1.0000000180025095e-35 22.500000000000004 59.500000000000007
decision_type=2 2 2 1 2 2 2 2 2 2 2 2 2 2
left_child=1 -1 11 4 5 -4 12 13 9 -7 -10 -3 -6 -5
right_child=-2 2 3 7 6 8 -8 -9 10 -11 -12 -13 -14 -15
leaf_value=0.050263361799976182 0.050010582444279694 -0.050010589432851249 0.05023362936257262 -0.050059433222205275 -0.051157958547004626 -0.050119598606200112 0.050012521173436367 0.050010582444264845 -0.050124770832563996 0.050061760106347823 0.050012309154432666 0.050010582444253264 -0.050070554301572194 -0.050535646853830878
leaf_weight=0.041356861591339444 2.0396467804675922 2.0020209639696995 0.036731593310832977 0.050033036532113218 0.011805217713117599 0.0044868664554087454 0.0038970374735072246 0.0033574432600289575 0.021586348600976635 0.0097769098356366158 0.0019529988057911387 0.0016787216300143673 0.017177581394207664 0.031167932320386171
leaf_count=1 1215 17728 1 314 1 14 2 2 54 1 1 1 83 6
internal_value=-2.61254e-06 -0.0456029 -0.0474086 -0.0211256 -0.00133806 0.0150989 -0.0385988 -0.0462616 -0.0190399 0.0185483 -0.0418167 -0.0499268 -0.0505135 -0.0502422
internal_weight=4.27668 2.23703 2.19567 0.191973 0.107415 0.0745347 0.0328798 0.0845584 0.0378031 0.0142638 0.0235393 2.0037 0.0289828 0.081201
internal_count=19424 18209 18208 479 157 71 86 322 70 15 55 17729 84 320
cat_boundaries=0 1
cat_threshold=2
is_linear=0
shrinkage=0.05


Tree=156
num_leaves=15
num_cat=1
split_feature=2 8 2 12 10 2 4 5 9 9 1 4 2 2
split_gain=3.71103 0.147336 0.0553227 0.0363227 0.0250215 0.0340087 0.0132024 0.0123269 0.0123131 0.0117434 0.00683239 0.00638468 2.84321e-06 1.49817e-06
threshold=61.500000000000007 1.0000000180025095e-35 21.500000000000004 0 10.500000000000002 24.500000000000004 1.0000000180025095e-35 1.0000000180025095e-35 0.21943297836404529 0.21139337552368265 272075.04704050004 1.0000000180025095e-35 22.500000000000004 59.500000000000007
decision_type=2 2 2 1 2 2 2 2 2 2 2 2 2 2
left_child=1 -1 11 4 5 -4 12 13 9 -7 -10 -3 -6 -5
right_child=-2 2 3 7 6 8 -8 -9 10 -11 -12 -13 -14 -15
leaf_value=0.050250453026020894 0.050010064175980529 -0.050010071235449809 0.050222187519485539 -0.050056542992222466 -0.051100209811513045 -0.050113769720329653 0.050011909970470531 0.050010064175964909 -0.050118688958112383 0.050058744445983377 0.050011711893410284 0.050010064175945793 -0.050067123216979148 -0.050509267372830693
leaf_weight=0.039349716156721448 1.940191554604098 1.9044004284005496 0.034947935491800308 0.047595575895684195 0.011241840198636055 0.0042685232619987809 0.0037070210091769687 0.0031937309540808192 0.020535998992272653 0.0093006305396556854 0.0018577716546133152 0.0015968654770405202 0.016340912450687028 0.029662949382327497
leaf_count=1 1215 17728 1 314 1 14 2 2 54 1 1 1 83 6
internal_value=-2.60766e-06 -0.0456014 -0.0474072 -0.0211205 -0.00133763 0.0150964 -0.0385815 -0.0462511 -0.019038 0.0185469 -0.0418119 -0.0499263 -0.0504882 -0.0502304
internal_weight=4.06819 2.128 2.08865 0.182653 0.102201 0.0709109 0.0312898 0.0804523 0.0359629 0.0135692 0.0223938 1.906 0.0275828 0.0772585
internal_count=19424 18209 18208 479 157 71 86 322 70 15 55 17729 84 320
cat_boundaries=0 1
cat_threshold=2
is_linear=0
shrinkage=0.05


Tree=157
num_leaves=15
num_cat=1
split_feature=2 8 2 12 10 2 4 5 9 9 1 4 2 2
split_gain=3.52997 0.140144 0.0526513 0.034544 0.0237925 0.0323432 0.0125532 0.0117231 0.0117113 0.0111698 0.00649848 0.00607324 2.44299e-06 1.28846e-06
threshold=61.500000000000007 1.0000000180025095e-35 21.500000000000004 0 10.500000000000002 24.500000000000004 1.0000000180025095e-35 1.0000000180025095e-35 0.21943297836404529 0.21139337552368265 272075.04704050004 1.0000000180025095e-35 22.500000000000004 59.500000000000007
decision_type=2 2 2 1 2 2 2 2 2 2 2 2 2 2
left_child=1 -1 11 4 5 -4 12 13 9 -7 -10 -3 -6 -5
right_child=-2 2 3 7 6 8 -8 -9 10 -11 -12 -13 -14 -15
leaf_value=0.050238176853052846 0.050009576099527032 -0.050009582555261958 0.050211301824263727 -0.050053793410297698 -0.051045401356337373 -0.050108225038403842 0.050011327018844545 0.050009576099510615 -0.050112902889064573 0.050055879182643537 0.0500111429380104 0.050009576099490506 -0.050063857133073354 -0.050484197831527022
leaf_weight=0.037439521402120923 1.8455849087331442 1.8115390667517204 0.033250529319047928 0.045276736578671151 0.010704761371016502 0.0040607829432701701 0.0035262673627585164 0.003037999849766492 0.019536644955223892 0.0088475272059440613 0.0017671866808086625 0.0015189999248833566 0.015544945024885237 0.028229928342625499
leaf_count=1 1215 17728 1 314 1 14 2 2 54 1 1 1 83 6
internal_value=-2.60326e-06 -0.0455999 -0.0474058 -0.0211156 -0.00133722 0.0150941 -0.0385652 -0.0462411 -0.0190361 0.0185456 -0.0418075 -0.0499258 -0.0504641 -0.0502191
internal_weight=3.86987 2.02428 1.98684 0.173783 0.0972386 0.0674627 0.029776 0.0765447 0.0342121 0.0129083 0.0213038 1.81306 0.0262497 0.0735067
internal_count=19424 18209 18208 479 157 71 86 322 70 15 55 17729 84 320
cat_boundaries=0 1
cat_threshold=2
is_linear=0
shrinkage=0.05


Tree=158
num_leaves=15
num_cat=1
split_feature=2 8 2 12 10 2 4 5 9 9 1 4 2 2
split_gain=3.35774 0.133303 0.0501075 0.0328528 0.0226242 0.0307595 0.0119361 0.0111491 0.011139 0.0106243 0.00618091 0.00577698 2.09926e-06 1.10814e-06
threshold=61.500000000000007 1.0000000180025095e-35 21.500000000000004 0 10.500000000000002 24.500000000000004 1.0000000180025095e-35 1.0000000180025095e-35 0.21943297836404529 0.21139337552368265 272075.04704050004 1.0000000180025095e-35 22.500000000000004 59.500000000000007
decision_type=2 2 2 1 2 2 2 2 2 2 2 2 2 2
left_child=1 -1 11 4 5 -4 12 13 9 -7 -10 -3 -6 -5
right_child=-2 2 3 7 6 8 -8 -9 10 -11 -12 -13 -14 -15
leaf_value=0.050226508560713014 0.050009108224642232 -0.050009114713190694 0.050200953389292528 -0.050051176666571932 -0.050993375910171182 -0.050102950135069581 0.050010777958253531 0.050009108224624968 -0.050107400076088604 0.050053147451140569 0.050010599153021418 0.050009108224603832 -0.050060751749873691 -0.050460370833965255
leaf_weight=0.035621639341115841 1.7555906303459776 1.7232048951846082 0.031635235995054245 0.043070759340480325 0.01019281055778265 0.0038631326460745194 0.0033543253084644667 0.0028898611199110738 0.018585821002488956 0.0084164757281541824 0.0016810178058221928 0.0014449305599556475 0.014787703388719819 0.026865498279221356
leaf_count=1 1215 17728 1 314 1 14 2 2 54 1 1 1 83 6
internal_value=-2.59824e-06 -0.0455985 -0.0474045 -0.021111 -0.00133684 0.0150918 -0.0385496 -0.0462316 -0.0190344 0.0185443 -0.0418032 -0.0499253 -0.0504413 -0.0502084
internal_weight=3.6812 1.92561 1.88999 0.165343 0.0925165 0.0641817 0.0283348 0.0728261 0.0325464 0.0122796 0.0202668 1.72465 0.0249805 0.0699363
internal_count=19424 18209 18208 479 157 71 86 322 70 15 55 17729 84 320
cat_boundaries=0 1
cat_threshold=2
is_linear=0
shrinkage=0.05


Tree=159
num_leaves=15
num_cat=1
split_feature=2 8 2 12 10 2 4 5 9 9 1 4 2 2
split_gain=3.19392 0.126797 0.0476856 0.0312447 0.0215136 0.0292537 0.0113496 0.0106033 0.0105947 0.0101054 0.00587889 0.00549519 1.80405e-06 9.53102e-07
threshold=61.500000000000007 1.0000000180025095e-35 21.500000000000004 0 10.500000000000002 24.500000000000004 1.0000000180025095e-35 1.0000000180025095e-35 0.21943297836404529 0.21139337552368265 272075.04704050004 1.0000000180025095e-35 22.500000000000004 59.500000000000007
decision_type=2 2 2 1 2 2 2 2 2 2 2 2 2 2
left_child=1 -1 11 4 5 -4 12 13 9 -7 -10 -3 -6 -5
right_child=-2 2 3 7 6 8 -8 -9 10 -11 -12 -13 -14 -15
leaf_value=0.050215411090314604 0.050008664624649792 -0.050008672196544271 0.050191115629595676 -0.050048686331273066 -0.05094398858098468 -0.050097934919047231 0.050010252305950513 0.050008664624631639 -0.050102164928027097 0.050050553629705986 0.050010079549418357 0.050008664624609428 -0.050057794945778583 -0.050437728686745488
leaf_weight=0.033891651779413112 1.669983963947743 1.639177410506818 0.030098117887973785 0.040972160502860677 0.009704863652586937 0.0036750841391040021 0.0031907656230032435 0.0027489447966217986 0.017681180564977694 0.0080064041540026665 0.001599049777723848 0.0013744723983110099 0.014067308355151908 0.025566435069777071
leaf_count=1 1215 17728 1 314 1 14 2 2 54 1 1 1 83 6
internal_value=-2.594e-06 -0.0455971 -0.0474033 -0.0211066 -0.00133647 0.0150897 -0.0385348 -0.0462225 -0.0190327 0.0185431 -0.0417991 -0.0499249 -0.0504196 -0.0501982
internal_weight=3.50174 1.83175 1.79786 0.15731 0.0880228 0.0610598 0.0269629 0.0692875 0.0309617 0.0116815 0.0192802 1.64055 0.0237722 0.0665386
internal_count=19424 18209 18208 479 157 71 86 322 70 15 55 17729 84 320
cat_boundaries=0 1
cat_threshold=2
is_linear=0
shrinkage=0.05


Tree=160
num_leaves=15
num_cat=1
split_feature=2 8 2 12 10 2 4 5 9 9 1 4 2 2
split_gain=3.0381 0.120608 0.0453797 0.0297155 0.0204579 0.0278218 0.0107922 0.0100842 0.010077 0.00961196 0.00559166 0.00522714 1.55048e-06 8.19772e-07
threshold=61.500000000000007 1.0000000180025095e-35 21.500000000000004 0 10.500000000000002 24.500000000000004 1.0000000180025095e-35 1.0000000180025095e-35 0.21943297836404529 0.21139337552368265 272075.04704050004 1.0000000180025095e-35 22.500000000000004 59.500000000000007
decision_type=2 2 2 1 2 2 2 2 2 2 2 2 2 2
left_child=1 -1 11 4 5 -4 12 13 9 -7 -10 -3 -6 -5
right_child=-2 2 3 7 6 8 -8 -9 10 -11 -12 -13 -14 -15
leaf_value=0.050204862824798469 0.050008245106538146 -0.050008247306235598 0.050181760550263799 -0.050046317654152753 -0.050897103819248696 -0.050093162303990725 0.050009749924768733 0.050008245106519071 -0.050097183764821779 0.050048086726069974 0.050009589805781622 0.050008245106495708 -0.050054982045291824 -0.050416207008024919
leaf_weight=0.032245337963104137 1.5885509038344023 1.5592466921880259 0.02863541804254055 0.038975722542090696 0.0092398412525653839 0.0034961728379130363 0.0030351798050105563 0.0026148986071348182 0.016820489370729774 0.0076162931509315968 0.0015210777055472127 0.0013074493035675197 0.013381970660702791 0.024329665349796414
leaf_count=1 1215 17728 1 314 1 14 2 2 54 1 1 1 83 6
internal_value=-2.58926e-06 -0.0455959 -0.0474021 -0.0211024 -0.00133612 0.0150876 -0.0385208 -0.0462139 -0.0190312 0.0185419 -0.0417953 -0.0499245 -0.0503989 -0.0501885
internal_weight=3.33102 1.74247 1.71022 0.149667 0.0837464 0.0580895 0.025657 0.0659203 0.029454 0.0111125 0.0183416 1.56055 0.0226218 0.0633054
internal_count=19424 18209 18208 479 157 71 86 322 70 15 55 17729 84 320
cat_boundaries=0 1
cat_threshold=2
is_linear=0
shrinkage=0.05


Tree=161
num_leaves=15
num_cat=1
split_feature=2 8 2 12 10 2 4 5 9 9 1 4 2 2
split_gain=2.88988 0.114722 0.0431843 0.0282614 0.0194544 0.0264603 0.0102623 0.00959073 0.00958471 0.00914261 0.00531848 0.00497217 1.33266e-06 7.0512e-07
threshold=61.500000000000007 1.0000000180025095e-35 21.500000000000004 0 10.500000000000002 24.500000000000004 1.0000000180025095e-35 1.0000000180025095e-35 0.21943297836404529 0.21139337552368265 272075.04704050004 1.0000000180025095e-35 22.500000000000004 59.500000000000007
decision_type=2 2 2 1 2 2 2 2 2 2 2 2 2 2
left_child=1 -1 11 4 5 -4 12 13 9 -7 -10 -3 -6 -5
right_child=-2 2 3 7 6 8 -8 -9 10 -11 -12 -13 -14 -15
leaf_value=0.050194830186361478 0.050007839374722085 -0.050007847472780399 0.050172863562320084 -0.050044063130225164 -0.050852590161929237 -0.050088620619287483 0.050009273939245646 0.050007839374702025 -0.050092446988275023 0.050045739121116831 0.050009119920035219 0.050007839374677468 -0.050052306970561823 -0.050395751003264627
leaf_weight=0.030678691342472919 1.5110881940927354 1.4832128824855317 0.027243560180068016 0.037076482338306849 0.0087967086583375931 0.003325956393382512 0.0028871791437268248 0.0024873879738152018 0.016001619169401238 0.0072451732121407986 0.0014469070592895142 0.0012436939869077115 0.012729987523925956 0.023152249865233898
leaf_count=1 1215 17728 1 314 1 14 2 2 54 1 1 1 83 6
internal_value=-2.58707e-06 -0.0455947 -0.047401 -0.0210984 -0.00133579 0.0150857 -0.0385074 -0.0462057 -0.0190296 0.0185408 -0.0417916 -0.0499241 -0.0503793 -0.0501793
internal_weight=3.16862 1.65753 1.62685 0.142393 0.0796771 0.0552632 0.0244139 0.0627161 0.0280197 0.0105711 0.0174485 1.48446 0.0215267 0.0602287
internal_count=19424 18209 18208 479 157 71 86 322 70 15 55 17729 84 320
cat_boundaries=0 1
cat_threshold=2
is_linear=0
shrinkage=0.05


Tree=162
num_leaves=15
num_cat=1
split_feature=2 8 2 12 10 2 4 5 9 9 1 4 2 2
split_gain=2.74889 0.109123 0.0410944 0.0268788 0.0185003 0.0251656 0.00975855 0.00912145 0.00911648 0.0086962 0.00505867 0.00472964 1.14551e-06 6.06515e-07
threshold=61.500000000000007 1.0000000180025095e-35 21.500000000000004 0 10.500000000000002 24.500000000000004 1.0000000180025095e-35 1.0000000180025095e-35 0.21943297836404529 0.21139337552368265 272075.04704050004 1.0000000180025095e-35 22.500000000000004 59.500000000000007
decision_type=2 2 2 1 2 2 2 2 2 2 2 2 2 2
left_child=1 -1 11 4 5 -4 12 13 9 -7 -10 -3 -6 -5
right_child=-2 2 3 7 6 8 -8 -9 10 -11 -12 -13 -14 -15
leaf_value=0.050185292088306133 0.050007458942849317 -0.050007462776737399 0.050164406193787175 -0.050041919355749011 -0.050810318212035882 -0.050084300367699001 0.050008823151388528 0.050007458942828223 -0.050087939796722727 0.050043504643246896 0.050008678163420708 0.050007458942802424 -0.050049760751216914 -0.050376307197550922
leaf_weight=0.02918788045644749 1.4374023384880272 1.4108863158035092 0.02591913565993309 0.035269713851448503 0.008374474011361599 0.0031640136148780584 0.0027463939040899268 0.0023660943843424312 0.015222546073346166 0.0068921218626201153 0.0013763525057584039 0.0011830471921713262 0.012109739134757547 0.022031387081369758
leaf_count=1 1215 17728 1 314 1 14 2 2 54 1 1 1 83 6
internal_value=-2.58113e-06 -0.0455935 -0.0474 -0.0210947 -0.00133547 0.0150838 -0.0384947 -0.0461979 -0.0190282 0.0185398 -0.0417881 -0.0499237 -0.0503607 -0.0501705
internal_weight=3.01413 1.57673 1.54754 0.135472 0.0758048 0.0525742 0.0232306 0.0596672 0.026655 0.0100561 0.0165989 1.41207 0.0204842 0.0573011
internal_count=19424 18209 18208 479 157 71 86 322 70 15 55 17729 84 320
cat_boundaries=0 1
cat_threshold=2
is_linear=0
shrinkage=0.05


Tree=163
num_leaves=15
num_cat=1
split_feature=2 8 2 12 10 2 4 5 9 9 1 4 2 2
split_gain=2.61479 0.103798 0.0391048 0.0255639 0.0175932 0.0239344 0.00927971 0.00867519 0.00867116 0.00827161 0.00481157 0.00449893 9.84684e-07 5.21738e-07
threshold=61.500000000000007 1.0000000180025095e-35 21.500000000000004 0 10.500000000000002 24.500000000000004 1.0000000180025095e-35 1.0000000180025095e-35 0.21943297836404529 0.21139337552368265 272075.04704050004 1.0000000180025095e-35 22.500000000000004 59.500000000000007
decision_type=2 2 2 1 2 2 2 2 2 2 2 2 2 2
left_child=1 -1 11 4 5 -4 12 13 9 -7 -10 -3 -6 -5
right_child=-2 2 3 7 6 8 -8 -9 10 -11 -12 -13 -14 -15
leaf_value=0.050176224865945751 0.050007096494218028 -0.05000709976576654 0.050156360401205163 -0.050039879115034658 -0.050770168935528041 -0.050080191258860089 0.050008390903243563 0.050007096494195873 -0.050083653247774133 0.050041382973290638 0.050008256072843621 0.050007096494168735 -0.050047338793818813 -0.050357831466886938
leaf_weight=0.027769261971115955 1.3673090346856041 1.3420861012564274 0.024658899754285812 0.033550923071743344 0.0079721864312887192 0.0030099435534793884 0.0026124726282432667 0.0022507144603878251 0.014481342001090525 0.0065562603995203972 0.0013092377921566358 0.0011253572301940231 0.011519683666847413 0.020964399562217295
leaf_count=1 1215 17728 1 314 1 14 2 2 54 1 1 1 83 6
internal_value=-2.57844e-06 -0.0455924 -0.047399 -0.0210911 -0.00133517 0.0150821 -0.0384826 -0.0461905 -0.0190269 0.0185388 -0.0417848 -0.0499233 -0.050343 -0.0501622
internal_weight=2.86718 1.49987 1.4721 0.128886 0.07212 0.0500157 0.0221043 0.056766 0.0253568 0.0095662 0.0157906 1.34321 0.0194919 0.0545153
internal_count=19424 18209 18208 479 157 71 86 322 70 15 55 17729 84 320
cat_boundaries=0 1
cat_threshold=2
is_linear=0
shrinkage=0.05


Tree=164
num_leaves=15
num_cat=1
split_feature=2 8 2 12 10 2 4 5 9 9 1 4 2 2
split_gain=2.48723 0.0987322 0.0372109 0.0243136 0.0167309 0.0227637 0.0088245 0.00825084 0.00824763 0.00786778 0.00457656 0.00427949 8.46509e-07 4.48812e-07
threshold=61.500000000000007 1.0000000180025095e-35 21.500000000000004 0 10.500000000000002 24.500000000000004 1.0000000180025095e-35 1.0000000180025095e-35 0.21943297836404529 0.21139337552368265 272075.04704050004 1.0000000180025095e-35 22.500000000000004 59.500000000000007
decision_type=2 2 2 1 2 2 2 2 2 2 2 2 2 2
left_child=1 -1 11 4 5 -4 12 13 9 -7 -10 -3 -6 -5
right_child=-2 2 3 7 6 8 -8 -9 10 -11 -12 -13 -14 -15
leaf_value=0.050167599785922938 0.050006742534681882 -0.050006750729255103 0.050148711434867099 -0.050037936802802857 -0.050732043857337122 -0.050076283515110689 0.050007980163266165 0.050006742534658581 -0.050079574523621495 0.050039362891581632 0.050007852034721148 0.050006742534630048 -0.050045033921018715 -0.050340263842877202
leaf_weight=0.026419365778565296 1.3006334571400655 1.276640379721357 0.02345975860953331 0.031915832627419038 0.007588933687657117 0.0028633646652451716 0.0024850807385519138 0.0021409604232758275 0.013776172145298915 0.0062367529608309269 0.001245395280420781 0.0010704802116380243 0.01095835394153255 0.019948737230151892
leaf_count=1 1215 17728 1 314 1 14 2 2 54 1 1 1 83 6
internal_value=-2.57524e-06 -0.0455914 -0.047398 -0.0210877 -0.00133489 0.0150804 -0.0384712 -0.0461835 -0.0190256 0.0185378 -0.0417816 -0.049923 -0.0503261 -0.0501542
internal_weight=2.72738 1.42675 1.40033 0.122619 0.0686138 0.0475814 0.0210324 0.0540055 0.0241217 0.00910012 0.0150216 1.27771 0.0185473 0.0518646
internal_count=19424 18209 18208 479 157 71 86 322 70 15 55 17729 84 320
cat_boundaries=0 1
cat_threshold=2
is_linear=0
shrinkage=0.05


Tree=165
num_leaves=15
num_cat=1
split_feature=2 8 2 12 10 2 4 5 9 9 1 4 2 2
split_gain=2.36589 0.0939141 0.035408 0.0231246 0.015911 0.0216504 0.00839174 0.0078473 0.00784482 0.00748368 0.00435305 0.00407075 7.27771e-07 3.86094e-07
threshold=61.500000000000007 1.0000000180025095e-35 21.500000000000004 0 10.500000000000002 24.500000000000004 1.0000000180025095e-35 1.0000000180025095e-35 0.21943297836404529 0.21139337552368265 272075.04704050004 1.0000000180025095e-35 22.500000000000004 59.500000000000007
decision_type=2 2 2 1 2 2 2 2 2 2 2 2 2 2
left_child=1 -1 11 4 5 -4 12 13 9 -7 -10 -3 -6 -5
right_child=-2 2 3 7 6 8 -8 -9 10 -11 -12 -13 -14 -15
leaf_value=0.050159398253527825 0.050006419381937534 -0.050006421686505813 0.05014143782281253 -0.050036090177590024 -0.050695835161084418 -0.050072562739668085 0.050007591447620896 0.050006419381913025 -0.050075695253280983 0.050037443285638507 0.050007468407366057 0.050006419381883042 -0.050042841731324256 -0.050323566773116592
leaf_weight=0.025134883821010479 1.2372087012045083 1.214385676656093 0.022318767383694649 0.030360371394635766 0.0072238431312143794 0.00272391400358174 0.0023638998391106716 0.0020365575328469268 0.013105289985105628 0.0059328051283955574 0.0011846654815599331 0.001018278766423574 0.010424353895359673 0.01898196351248771
leaf_count=1 1215 17728 1 314 1 14 2 2 54 1 1 1 83 6
internal_value=-2.57005e-06 -0.0455904 -0.0473971 -0.0210844 -0.00133461 0.0150788 -0.0384602 -0.0461768 -0.0190243 0.0185369 -0.0417786 -0.0499226 -0.0503101 -0.0501467
internal_weight=2.5944 1.3572 1.33206 0.116656 0.0652775 0.0452654 0.0200121 0.0513789 0.0229467 0.00865672 0.01429 1.2154 0.0176482 0.0493423
internal_count=19424 18209 18208 479 157 71 86 322 70 15 55 17729 84 320
cat_boundaries=0 1
cat_threshold=2
is_linear=0
shrinkage=0.05


Tree=166
num_leaves=15
num_cat=1
split_feature=2 8 2 12 10 2 4 5 9 9 1 2 11 2
split_gain=2.25047 0.0893313 0.033692 0.0219938 0.0151315 0.0205917 0.00798032 0.00746356 0.0074617 0.00711835 0.00414046 0.000507608 0.00202334 6.25713e-07
threshold=61.500000000000007 1.0000000180025095e-35 21.500000000000004 0 10.500000000000002 24.500000000000004 1.0000000180025095e-35 1.0000000180025095e-35 0.21943297836404529 0.21139337552368265 272075.04704050004 13.500000000000002 1.0000000180025095e-35 22.500000000000004
decision_type=2 2 2 1 2 2 2 2 2 2 2 2 2 2
left_child=1 -1 11 4 5 -4 13 -5 9 -7 -10 -3 -13 -6
right_child=-2 2 3 7 6 8 -8 -9 10 -11 -12 12 -14 -15
leaf_value=0.050151600551298359 0.050006105472029272 -0.050006104020779311 0.050134524081255627 -0.050139512629634987 -0.050661436548385466 -0.050069027300698246 0.050007223450541809 0.050006105472003515 -0.050072003906892974 0.050035615665008998 0.050007102295427812 0.015392935996261868 -0.05000693736334564 -0.050040756377568545
leaf_weight=0.023912664502859005 1.1768764903536064 1.1487877274703351 0.021233122795820236 0.046942423115979071 0.0068760798312723628 0.002591245538496878 0.00224862725008279 0.0019372452516108743 0.012467033098801039 0.0056436597369611263 0.0011268967064097532 0.0014812776862528345 0.0058661367802415043 0.0099163549675722606
leaf_count=1 1215 17635 1 320 1 14 2 2 54 1 1 9 85 83
internal_value=-2.56908e-06 -0.0455894 -0.0473962 -0.0210813 -0.00133436 0.0150773 -0.0384499 -0.0461704 -0.0190232 0.0185361 -0.0417757 -0.0499223 -0.036822 -0.0502949
internal_weight=2.46791 1.29103 1.26712 0.110983 0.062103 0.043062 0.0190411 0.0488797 0.0218288 0.00823491 0.0135939 1.15614 0.00734741 0.0167924
internal_count=19424 18209 18208 479 157 71 86 322 70 15 55 17729 94 84
cat_boundaries=0 1
cat_threshold=2
is_linear=0
shrinkage=0.05


Tree=167
num_leaves=15
num_cat=1
split_feature=2 8 2 12 10 2 4 5 9 9 1 2 9 2
split_gain=2.14064 0.0849679 0.0320522 0.0209186 0.0143903 0.0195849 0.00758917 0.00709863 0.00709732 0.00677087 0.00393827 0.000512627 0.00199443 5.38004e-07
threshold=61.500000000000007 1.0000000180025095e-35 21.500000000000004 0 10.500000000000002 24.500000000000004 1.0000000180025095e-35 1.0000000180025095e-35 0.21943297836404529 0.21139337552368265 272075.04704050004 13.500000000000002 0.15073629581520245 22.500000000000004
decision_type=2 2 2 1 2 2 2 2 2 2 2 2 2 2
left_child=1 -1 11 4 5 -4 13 -5 9 -7 -10 -3 -13 -6
right_child=-2 2 3 7 6 8 -8 -9 10 -11 -12 12 -14 -15
leaf_value=0.050144186953995522 0.050005808840809296 -0.050005806364950126 0.050127940605311963 -0.05013272477847739 -0.050628764422139462 -0.050065663600063384 0.050006871250671894 0.05000580884078222 -0.050068494553507703 0.050033875520917349 0.050006760474861189 0.015783433696094067 -0.050006624517134647 -0.050038772205507467
leaf_weight=0.022749708965420612 1.1194860446266828 1.0927670494129416 0.020200155675411224 0.044658906022959743 0.0065448442474007598 0.0024650304258102551 0.0021389751345850519 0.0018427753821015349 0.011859819172968855 0.0053685968741774559 0.0010719444835558542 0.0014499986245938281 0.005604515772574814 0.0094330933679884765
leaf_count=1 1215 17635 1 320 1 14 2 2 54 1 1 9 85 83
internal_value=-2.57681e-06 -0.0455861 -0.0473929 -0.0210784 -0.00133411 0.0150759 -0.03844 -0.0461644 -0.0190221 0.0185353 -0.041773 -0.0499191 -0.036484 -0.0502804
internal_weight=2.34764 1.22816 1.20541 0.105584 0.0590825 0.0409655 0.0181169 0.0465017 0.0207654 0.00783363 0.0129318 1.09982 0.00705451 0.0159779
internal_count=19424 18209 18208 479 157 71 86 322 70 15 55 17729 94 84
cat_boundaries=0 1
cat_threshold=2
is_linear=0
shrinkage=0.05


Tree=168
num_leaves=15
num_cat=1
split_feature=2 8 2 12 10 2 4 5 9 9 1 2 11 2
split_gain=2.03616 0.0808176 0.0304917 0.019896 0.0136856 0.0186274 0.00721728 0.00675158 0.00675076 0.00644036 0.00374597 0.000517224 0.00193139 4.62613e-07
threshold=61.500000000000007 1.0000000180025095e-35 21.500000000000004 0 10.500000000000002 24.500000000000004 1.0000000180025095e-35 1.0000000180025095e-35 0.21943297836404529 0.21139337552368265 272075.04704050004 13.500000000000002 1.0000000180025095e-35 22.500000000000004
decision_type=2 2 2 1 2 2 2 2 2 2 2 2 2 2
left_child=1 -1 11 4 5 -4 13 -5 9 -7 -10 -3 -13 -6
right_child=-2 2 3 7 6 8 -8 -9 10 -11 -12 12 -14 -15
leaf_value=0.050137130566559586 0.050005525523068417 -0.050005523869597127 0.050121689757509594 -0.050126270948143981 -0.050597724996334609 -0.050062463183557115 0.050006535479490258 0.050005525523039968 -0.050065154919547564 0.050032219229713994 0.050006427738187378 0.015276129827738764 -0.050006303960851067 -0.050036883599001741
leaf_weight=0.02164315991103638 1.0648939391830934 1.0394778668342042 0.019217319786548615 0.042486198366532224 0.0062293712981045255 0.0023449556319974354 0.0020346693927422157 0.0017529118340462438 0.011282142506388482 0.0051069320179522038 0.001019671675749124 0.0014383875350177924 0.0053357834694907069 0.008973365998826921
leaf_count=1 1215 17635 1 320 1 14 2 2 54 1 1 9 85 83
internal_value=-2.5849e-06 -0.0455828 -0.0473895 -0.0210756 -0.00133388 0.0150745 -0.0384306 -0.0461587 -0.019021 0.0185345 -0.0417704 -0.0499158 -0.0361446 -0.0502667
internal_weight=2.23324 1.16834 1.1467 0.100448 0.0562084 0.038971 0.0172374 0.0442391 0.0197537 0.00745189 0.0123018 1.04625 0.00677417 0.0152027
internal_count=19424 18209 18208 479 157 71 86 322 70 15 55 17729 94 84
cat_boundaries=0 1
cat_threshold=2
is_linear=0
shrinkage=0.05


Tree=169
num_leaves=15
num_cat=1
split_feature=2 8 2 12 10 2 4 5 9 9 1 2 9 2
split_gain=1.93678 0.07687 0.0290064 0.0189235 0.0130155 0.0177168 0.0068637 0.00642154 0.00642113 0.00612601 0.00272663 0.000522192 0.00190312 3.97802e-07
threshold=61.500000000000007 1.0000000180025095e-35 21.500000000000004 0 10.500000000000002 24.500000000000004 1.0000000180025095e-35 1.0000000180025095e-35 0.21943297836404529 0.21139337552368265 74253.492834500023 13.500000000000002 0.15073629581520245 22.500000000000004
decision_type=2 2 2 1 2 2 2 2 2 2 2 2 2 2
left_child=1 -1 11 4 5 -4 13 -5 9 -7 -10 -3 -13 -6
right_child=-2 2 3 7 6 8 -8 -9 10 -11 -12 12 -14 -15
leaf_value=0.050130428528909136 0.050005257236292483 -0.050005255546060917 0.050115739101647884 -0.05012012549533873 -0.050568232869516797 -0.050059413887373276 0.050006217901467469 0.050005257236262562 -0.050062920023940916 0.050030649404068477 0.028453908607524527 0.015653191575885364 -0.050006023418310598 -0.050035087242332292
leaf_weight=0.020590294152498134 1.0129637506906872 0.98878712069563357 0.018282195553183556 0.040418951419269433 0.0059289298951625833 0.0022307231411105013 0.001935449428856372 0.0016674300422891966 0.010466198546055239 0.0048580127768218517 0.0012363188143353918 0.0014084515787544652 0.0050989771334570833 0.0085360284901980776
leaf_count=1 1215 17635 1 320 1 14 2 2 53 1 2 9 85 83
internal_value=-2.59395e-06 -0.0455794 -0.047386 -0.021073 -0.00133366 0.0150732 -0.0384217 -0.0461532 -0.01902 0.0185337 -0.041768 -0.0499123 -0.0357949 -0.0502536
internal_weight=2.12441 1.11145 1.09085 0.0955602 0.0534739 0.0370734 0.0164004 0.0420864 0.0187913 0.00708874 0.0117025 0.995295 0.00650743 0.014465
internal_count=19424 18209 18208 479 157 71 86 322 70 15 55 17729 94 84
cat_boundaries=0 1
cat_threshold=2
is_linear=0
shrinkage=0.05


Tree=170
num_leaves=15
num_cat=1
split_feature=2 8 2 12 10 10 5 4 1 2 2 9 1 2
split_gain=1.84222 0.0731125 0.0276644 0.0168536 0.0127447 0.0158523 0.00944949 0.0065749 0.00256074 2.70087e-07 1.98123e-07 7.16171e-09 6.1635e-09 5.52245e-09
threshold=61.500000000000007 1.0000000180025095e-35 13.500000000000002 0 10.500000000000002 9.5000000000000018 1.0000000180025095e-35 1.0000000180025095e-35 74253.492834500023 22.500000000000004 59.500000000000007 0.8722344217846737 193.50000000000003 59.500000000000007
decision_type=2 2 2 1 2 2 2 2 2 2 2 2 2 2
left_child=1 -1 -3 4 5 8 10 9 12 -6 11 -5 -4 -11
right_child=-2 2 3 6 7 -7 -8 -9 -10 13 -12 -13 -14 -15
leaf_value=0.050124052584752478 0.050004998298303238 -0.050004999762289559 -0.050094094748695132 -0.050010938994492597 -0.050464438096626374 0.034282795586200163 0.05000526717516806 0.050005912240321172 0.027476428934846371 -0.050008525039504308 -0.050251804533299874 -0.050071581884569005 -0.050009115783735215 -0.050101789860619965
leaf_weight=0.019588522613048664 0.96356577443657432 0.94056810337860952 0.0041219575650757179 0.021126577339600772 0.0065774051436164891 0.026139694680750836 0.0024964255280792704 0.0018410673364996901 0.0012167956738267103 0.0059561438429227564 0.014812947309110314 0.0063264147902373216 0.0044237251458980609 0.0021638480247929692
leaf_count=1 1215 17635 12 342 16 10 3 2 2 81 6 42 55 2
internal_value=-2.61858e-06 -0.0455743 -0.0473806 -0.0219864 -0.00275109 0.0139786 -0.0445213 -0.0390684 -0.0403872 -0.0502263 -0.0501044 -0.0500249 -0.0500501 -0.0500334
internal_weight=2.02093 1.05736 1.03777 0.097203 0.0524406 0.0359022 0.0447624 0.0165385 0.00976248 0.0146974 0.0422659 0.027453 0.00854568 0.00811999
internal_count=19424 18209 18208 573 180 79 393 101 69 99 390 384 67 83
cat_boundaries=0 1
cat_threshold=2
is_linear=0
shrinkage=0.05


Tree=171
num_leaves=15
num_cat=1
split_feature=2 8 2 12 10 2 5 4 9 9 1 2 2 9
split_gain=1.75178 0.0694979 0.0268159 0.0161566 0.0120601 0.0152309 0.00898776 0.00625301 0.00599326 0.00557002 0.00250496 2.32369e-07 1.70451e-07 6.16404e-09
threshold=61.500000000000007 1.0000000180025095e-35 13.500000000000002 0 10.500000000000002 24.500000000000004 1.0000000180025095e-35 1.0000000180025095e-35 0.21943297836404529 0.21139337552368265 74253.492834500023 22.500000000000004 59.500000000000007 0.8722344217846737
decision_type=2 2 2 1 2 2 2 2 2 2 2 2 2 2
left_child=1 -1 -3 4 5 -4 12 11 9 -7 -10 -6 13 -5
right_child=-2 2 3 6 7 8 -8 -9 10 -11 -12 -13 -14 -15
leaf_value=0.050117988459927612 0.050004756864796267 -0.050004754135542152 0.04682577234449764 -0.050010406947139964 -0.050441647737434626 -0.050053761419789539 0.050005010198944891 0.050005623712575033 -0.050059900371952785 0.050028175438076722 0.026503092386058941 -0.050031749997389109 -0.050239460766509696 -0.050068090167112493
leaf_weight=0.018635377287864574 0.91657645854866143 0.89470033037287056 0.017378271120833233 0.020096430536796106 0.0062593770344392397 0.0020186662695778059 0.0023746853112243107 0.0017512872582301489 0.0098106447621830739 0.0044656512327492237 0.0011988772894255826 0.0077242202569323126 0.014093885256443173 0.0060182809065736356
leaf_count=1 1215 17635 9 342 16 14 3 2 53 1 2 83 6 42
internal_value=-2.93316e-06 -0.0455416 -0.0473461 -0.0218212 -0.00272381 0.013672 -0.0445169 -0.0390607 -0.0192627 0.0188712 -0.0417226 -0.0502152 -0.0500993 -0.0500237
internal_weight=1.9231 1.00653 0.987891 0.0931903 0.050607 0.0348721 0.0425833 0.0157349 0.0174938 0.00648432 0.0110095 0.0139836 0.0402086 0.0261147
internal_count=19424 18209 18208 573 180 79 393 101 70 15 55 99 390 384
cat_boundaries=0 1
cat_threshold=2
is_linear=0
shrinkage=0.05


Tree=172
num_leaves=15
num_cat=1
split_feature=2 8 2 12 10 2 5 4 9 9 1 2 2 9
split_gain=1.66621 0.0660972 0.0256163 0.0153929 0.0114573 0.0143954 0.00854864 0.00594693 0.00567824 0.00529817 0.00239888 1.9992e-07 1.46656e-07 5.30551e-09
threshold=61.500000000000007 1.0000000180025095e-35 13.500000000000002 0 10.500000000000002 24.500000000000004 1.0000000180025095e-35 1.0000000180025095e-35 0.21943297836404529 0.21139337552368265 74253.492834500023 22.500000000000004 59.500000000000007 0.8722344217846737
decision_type=2 2 2 1 2 2 2 2 2 2 2 2 2 2
left_child=1 -1 -3 4 5 -4 12 11 9 -7 -10 -6 13 -5
right_child=-2 2 3 6 7 8 -8 -9 10 -11 -12 -13 -14 -15
leaf_value=0.050112219896781357 0.050004522153930656 -0.05000452295285495 0.046511262806524865 -0.050009899823285388 -0.050419982001877063 -0.050051141558661874 0.050004765857728561 0.050005351212093756 -0.050056978891821313 0.050026796523554476 0.025536999944992603 -0.050030202262548257 -0.050227730120527225 -0.050064768779971069
leaf_weight=0.017728507518768311 0.87187847471795976 0.85106909118621843 0.016639735833450686 0.019116505085548852 0.0059565975570876617 0.0019203126794309347 0.0022588812862522891 0.0016658848617225894 0.0093327048853097949 0.0042479727417230606 0.0011824502726085493 0.0073477270161674824 0.013409570325165987 0.0057251361686212468
leaf_count=1 1215 17635 9 342 16 14 3 2 53 1 2 83 6 42
internal_value=-3.01495e-06 -0.045534 -0.0473381 -0.021784 -0.00271825 0.013605 -0.0445128 -0.0390533 -0.019215 0.0188705 -0.0415563 -0.0502047 -0.0500945 -0.0500225
internal_weight=1.82948 0.957601 0.939873 0.0888035 0.0482934 0.0333232 0.0405101 0.0149702 0.0166834 0.00616829 0.0105152 0.0133043 0.0382512 0.0248416
internal_count=19424 18209 18208 573 180 79 393 101 70 15 55 99 390 384
cat_boundaries=0 1
cat_threshold=2
is_linear=0
shrinkage=0.05


Tree=173
num_leaves=15
num_cat=1
split_feature=2 8 2 12 2 9 1 5 9 9 2 11 2 2
split_gain=1.58481 0.0628622 0.0244952 0.0157138 0.0107793 0.00599901 0.00563509 0.00525531 0.00470358 0.00172233 0.000443939 0.00157749 1.16095e-07 6.59075e-09
threshold=61.500000000000007 1.0000000180025095e-35 21.500000000000004 0 22.500000000000004 0.21943297836404529 194385.64455550004 1.0000000180025095e-35 0.21139337552368265 0.03003054585717185 13.500000000000002 1.0000000180025095e-35 59.500000000000007 22.500000000000004
decision_type=2 2 2 1 2 2 2 2 2 2 2 2 2 2
left_child=1 -1 10 4 -4 8 -7 12 9 -6 -3 -12 13 -5
right_child=-2 2 3 7 5 6 -8 -9 -10 -11 11 -13 -14 -15
leaf_value=0.050106734718306616 0.050004302040599781 -0.050004303120356558 0.025855696434900516 -0.050070257160347235 0.020781876137912901 -0.05004554480936621 0.050004965583415266 0.050004302043864891 0.050025490431511124 -0.050035023978729221 0.014584099579626898 -0.05000517926203716 -0.050216579397334385 -0.050006614396885751
leaf_weight=0.016865678131580353 0.82936001097550616 0.80956544934451813 0.020181687548756599 0.0056203814456239334 0.0012745626881951466 0.014987914377343259 0.0015531941317021838 0.0013652006164193145 0.0040408996865153313 0.0026307274856662843 0.0012132094670960205 0.0042814153857761994 0.012758338823914528 0.014727649995620595
leaf_count=1 1215 17635 2 9 4 117 2 2 1 31 9 85 6 305
internal_value=-3.10447e-06 -0.0455257 -0.0473295 -0.0207719 -0.00119976 -0.023498 -0.0406509 -0.0461339 0.012208 -0.0269226 -0.0499082 -0.0357439 -0.0500983 -0.0500242
internal_weight=1.74043 0.911066 0.894201 0.0791406 0.044669 0.0244873 0.0165411 0.0344716 0.00794619 0.00390529 0.81506 0.00549462 0.0331064 0.020348
internal_count=19424 18209 18208 479 157 155 119 322 36 35 17729 94 320 314
cat_boundaries=0 1
cat_threshold=2
is_linear=0
shrinkage=0.05


Tree=174
num_leaves=15
num_cat=1
split_feature=2 8 2 12 10 2 5 4 9 9 1 2 2 9
split_gain=1.50684 0.059741 0.0238608 0.0140437 0.0108316 0.0131253 0.00782995 0.00548103 0.00510073 0.0048127 0.00218665 1.84359e-07 1.08622e-07 3.93103e-09
threshold=61.500000000000007 1.0000000180025095e-35 13.500000000000002 0 10.500000000000002 24.500000000000004 1.0000000180025095e-35 1.0000000180025095e-35 0.21943297836404529 0.21139337552368265 74253.492834500023 22.500000000000004 59.500000000000007 0.8722344217846737
decision_type=2 2 2 1 2 2 2 2 2 2 2 2 2 2
left_child=1 -1 -3 4 5 -4 12 11 9 -7 -10 -6 13 -5
right_child=-2 2 3 6 7 8 -8 -9 10 -11 -12 -13 -14 -15
leaf_value=0.0501015153998755 0.050004092296388691 -0.050004094681704039 0.046235173940440806 -0.050008958456322153 -0.05041353462129098 -0.050046163338360199 0.050004382146173434 0.050004944269092348 -0.050051558053274763 0.050024243627577493 0.024581151826263834 -0.05002731700220097 -0.050205979281740469 -0.050058601563562621
leaf_weight=0.016044758260250092 0.78891484241466969 0.77008560083413613 0.015525801696639974 0.017314625965809682 0.0057605259062256664 0.0017477821274951575 0.0020708059309981755 0.0015328124864026913 0.0084455451724352315 0.0038439158815890551 0.0011104790901299575 0.006664730823104037 0.012138605990912765 0.0051809985416184636
leaf_count=1 1215 17635 9 342 16 14 3 2 53 1 2 83 6 42
internal_value=-3.4138e-06 -0.0454826 -0.0472838 -0.0215285 -0.00268728 0.0139287 -0.0444386 -0.0392016 -0.0191842 0.0187455 -0.0413787 -0.0502064 -0.0500854 -0.0500204
internal_weight=1.65638 0.867467 0.851422 0.0813366 0.0446316 0.0306735 0.036705 0.0139581 0.0151477 0.0055917 0.00955602 0.0124253 0.0346342 0.0224956
internal_count=19424 18209 18208 573 180 79 393 101 70 15 55 99 390 384
cat_boundaries=0 1
cat_threshold=2
is_linear=0
shrinkage=0.05


Tree=175
num_leaves=15
num_cat=1
split_feature=2 8 2 12 10 2 4 9 5 9 1 2 9 2
split_gain=1.43322 0.0568163 0.0228152 0.0143911 0.0101112 0.0137538 0.00517654 0.00483022 0.00475434 0.00457784 0.002097 0.000421885 0.00158595 1.98113e-07
threshold=61.500000000000007 1.0000000180025095e-35 21.500000000000004 0 10.500000000000002 24.500000000000004 1.0000000180025095e-35 0.21943297836404529 1.0000000180025095e-35 0.21139337552368265 74253.492834500023 13.500000000000002 0.13531991541315214 22.500000000000004
decision_type=2 2 2 1 2 2 2 2 2 2 2 2 2 2
left_child=1 -1 11 4 5 -4 13 9 -5 -7 -9 -3 -13 -6
right_child=-2 2 3 8 6 7 -8 10 -10 -11 -12 12 -14 -15
leaf_value=0.050096556941165576 0.050003892148104745 -0.050003892973275135 0.050090155004277048 -0.050088961718863602 -0.050453083039458037 -0.050043912353488533 0.05000470271961871 -0.050049044598859019 0.050003892152465972 0.050023063193199407 0.023638056109756472 0.018428052894609828 -0.050004870361697498 -0.050025985470484362
leaf_weight=0.01526371855288744 0.75044197757961228 0.73253093825769611 0.014255210757255554 0.029961373500555055 0.004749080166220665 0.0016626146752969371 0.001458063197787852 0.0080340443673776463 0.001235294039361178 0.0036565300542861223 0.0010973883618135014 0.0010734547213360193 0.00400700700993184 0.0063398525471711764
leaf_count=1 1215 17635 1 320 1 14 2 53 2 1 2 8 86 83
internal_value=-3.50835e-06 -0.0454737 -0.0472745 -0.0205001 -0.00112129 0.0152442 -0.0385633 -0.0191307 -0.0461256 0.0187449 -0.0411935 -0.0499043 -0.0355456 -0.0502089
internal_weight=1.57577 0.825325 0.810061 0.0724495 0.0412528 0.0287058 0.012547 0.0144506 0.0311967 0.00531914 0.00913143 0.737611 0.00508046 0.0110889
internal_count=19424 18209 18208 479 157 71 86 70 322 15 55 17729 94 84
cat_boundaries=0 1
cat_threshold=2
is_linear=0
shrinkage=0.05


Tree=176
num_leaves=15
num_cat=1
split_feature=2 8 2 12 10 10 5 4 1 2 2 9 1 2
split_gain=1.36324 0.0540386 0.0217597 0.0127075 0.00978409 0.0118378 0.00716389 0.00495784 0.00196791 1.36312e-07 8.04804e-08 2.91249e-09 2.50408e-09 2.24442e-09
threshold=61.500000000000007 1.0000000180025095e-35 13.500000000000002 0 10.500000000000002 9.5000000000000018 1.0000000180025095e-35 1.0000000180025095e-35 74253.492834500023 22.500000000000004 59.500000000000007 0.8722344217846737 193.50000000000003 59.500000000000007
decision_type=2 2 2 1 2 2 2 2 2 2 2 2 2 2
left_child=1 -1 -3 4 5 8 10 9 12 -6 11 -5 -4 -11
right_child=-2 2 3 6 7 -7 -8 -9 -10 13 -12 -13 -14 -15
leaf_value=0.05009183903776409 0.050003705305740165 -0.050003701253251646 -0.050069245329848633 -0.050008106676507416 -0.050373714472315458 0.033650331927452259 0.050004021374160712 0.050004471672766559 0.022710235061820894 -0.050006356167212884 -0.05018632517198604 -0.050053020335850976 -0.050006996844083156 -0.050075386094509761
leaf_weight=0.014520631171762943 0.7138450926868245 0.6968076017437852 0.0030819121075182912 0.015685948565078434 0.0052193585142958909 0.020382352107844781 0.0018961686291731885 0.001386958872899414 0.0010854247084353119 0.0044265155956964009 0.010988827736582607 0.0046883348659321191 0.003395635198103264 0.0016042874776758254
leaf_count=1 1215 17635 12 342 16 10 3 2 2 81 6 42 55 2
internal_value=-3.53702e-06 -0.0454681 -0.0472687 -0.0214595 -0.00268207 0.0138273 -0.0443715 -0.0391904 -0.0395961 -0.0501866 -0.0500773 -0.0500184 -0.0500366 -0.0500247
internal_weight=1.49902 0.78517 0.770649 0.0738417 0.0405824 0.0279453 0.0332593 0.0126371 0.00756297 0.0112502 0.0313631 0.0203743 0.00647755 0.0060308
internal_count=19424 18209 18208 573 180 79 393 101 69 99 390 384 67 83
cat_boundaries=0 1
cat_threshold=2
is_linear=0
shrinkage=0.05


Tree=177
num_leaves=15
num_cat=1
split_feature=2 8 2 12 10 2 5 4 9 9 1 2 2 9
split_gain=1.29628 0.0513638 0.0211089 0.0121853 0.00925705 0.0115695 0.00681402 0.00471527 0.00450631 0.0041631 0.00194194 1.1728e-07 6.92505e-08 2.50712e-09
threshold=61.500000000000007 1.0000000180025095e-35 13.500000000000002 0 10.500000000000002 24.500000000000004 1.0000000180025095e-35 1.0000000180025095e-35 0.21943297836404529 0.21139337552368265 74253.492834500023 22.500000000000004 59.500000000000007 0.8722344217846737
decision_type=2 2 2 1 2 2 2 2 2 2 2 2 2 2
left_child=1 -1 -3 4 5 -4 12 11 9 -7 -10 -6 13 -5
right_child=-2 2 3 6 7 8 -8 -9 10 -11 -12 -13 -14 -15
leaf_value=0.050087353264513246 0.050003520321419859 -0.050003523200273729 0.04589473537711778 -0.050007710411454187 -0.050355391988190605 -0.050039730939167054 0.050003828988100629 0.0500042553146052 -0.050046918687540534 0.050021211261309595 0.021799875984474332 -0.050023514212273724 -0.05017720552990388 -0.050050435431640949
leaf_weight=0.013813657686114311 0.67903288523666561 0.66282622232392896 0.013686581292859046 0.01492105089710094 0.0049665682345221285 0.0015045200234453668 0.0018036981928162268 0.0013193216873332867 0.0075417014813865535 0.0033632752019912004 0.0010745011095423251 0.0057368121179024456 0.010454748524352908 0.0044599067296076092
leaf_count=1 1215 17635 9 342 16 14 3 2 53 1 2 83 6 42
internal_value=-3.87601e-06 -0.0454325 -0.047231 -0.0212869 -0.00265405 0.0135101 -0.0443683 -0.039184 -0.0193611 0.0190947 -0.0410871 -0.0501775 -0.0500735 -0.0500175
internal_weight=1.42651 0.747473 0.733659 0.0708327 0.0391933 0.0271706 0.0316394 0.0120227 0.013484 0.0048678 0.0086162 0.0107034 0.0298357 0.019381
internal_count=19424 18209 18208 573 180 79 393 101 70 15 55 99 390 384
cat_boundaries=0 1
cat_threshold=2
is_linear=0
shrinkage=0.05


Tree=178
num_leaves=15
num_cat=1
split_feature=2 8 2 12 9 9 5 4 11 11 2 9 2 2
split_gain=1.23293 0.0488482 0.0201933 0.0125335 0.00869101 0.0116006 0.00409112 0.00307595 0.00283436 0.00450645 0.000378037 0.00131311 1.08592e-07 5.47734e-08
threshold=61.500000000000007 1.0000000180025095e-35 21.500000000000004 0 0.73329886015044521 0.83638485918419836 1.0000000180025095e-35 1.0000000180025095e-35 3.5000000000000004 2.5000000000000004 13.500000000000002 0.15073629581520245 22.500000000000004 59.500000000000007
decision_type=2 2 2 1 2 2 2 2 2 2 2 2 2 2
left_child=1 -1 10 4 7 -6 13 8 9 -4 -3 -12 -10 -5
right_child=-2 2 3 6 5 -7 -8 -9 12 -11 11 -13 -14 -15
leaf_value=0.050083085909983754 0.05000335042818136 -0.050003347689051507 -0.050034107582489662 -0.050018841810976114 0.045292093459985527 -0.050040361295831039 0.050003350434003939 0.050004046763759705 -0.050389510154874778 0.026102595099457383 0.014889895380643543 -0.050004376131354972 -0.050041389315572594 -0.050168533223266032
leaf_weight=0.013141049072146416 0.64591822534566745 0.63050192193259136 0.0036139684179943288 0.015847715591007727 0.013949024096291396 0.0041376714361831537 0.0010632380144670597 0.0012549826642498365 0.0040930500254034996 0.0042046963353641331 0.0010055666898551854 0.0034677393377933186 0.0049485240615467774 0.0099465398816391826
leaf_count=1 1215 17635 44 314 18 28 2 2 1 14 9 85 50 6
internal_value=-3.97954e-06 -0.0454226 -0.0472206 -0.0202346 -0.0010348 0.023483 -0.0461146 -0.025514 -0.0311351 -0.00908956 -0.0499006 -0.0354166 -0.050199 -0.0500766
internal_weight=1.35709 0.711176 0.698035 0.0630594 0.0362019 0.0180867 0.0268575 0.0181152 0.0168602 0.00781866 0.634975 0.00447331 0.00904157 0.0257943
internal_count=19424 18209 18208 479 157 46 322 111 109 58 17729 94 51 320
cat_boundaries=0 1
cat_threshold=2
is_linear=0
shrinkage=0.05


Tree=179
num_leaves=15
num_cat=1
split_feature=2 8 2 12 10 2 5 4 9 9 1 2 2 9
split_gain=1.17254 0.0464444 0.0194257 0.0110632 0.00846563 0.0103817 0.00624396 0.00426906 0.00417215 0.00380843 0.00178743 8.74129e-08 5.12996e-08 1.85787e-09
threshold=61.500000000000007 1.0000000180025095e-35 13.500000000000002 0 10.500000000000002 24.500000000000004 1.0000000180025095e-35 1.0000000180025095e-35 0.21943297836404529 0.21139337552368265 74253.492834500023 22.500000000000004 59.500000000000007 0.8722344217846737
decision_type=2 2 2 1 2 2 2 2 2 2 2 2 2 2
left_child=1 -1 -3 4 5 -4 12 11 9 -7 -10 -6 13 -5
right_child=-2 2 3 6 7 8 -8 -9 10 -11 -12 -13 -14 -15
leaf_value=0.050079024825822896 0.050003188394153124 -0.050003187710243049 0.04552537256645809 -0.050006979683364129 -0.050321196438280036 -0.050035856777417592 0.05000352396571664 0.050003851967011376 -0.05004221319417599 0.050019656865731635 0.021006030604130255 -0.050021137581593447 -0.050160287076080959 -0.050045636194847268
leaf_weight=0.012501140125095844 0.6144183679134585 0.59975386431688094 0.012544775872811442 0.013521072985895444 0.0044995336829742882 0.0013686614329344602 0.001654243445955216 0.0011937810340896257 0.006877543468363001 0.0031169457361102104 0.0010160176607314497 0.005269958766803029 0.0094629574450664222 0.0040359880713367593
leaf_count=1 1215 17635 9 342 16 14 3 2 53 1 2 83 6 42
internal_value=-4.17555e-06 -0.0454012 -0.0471979 -0.0211381 -0.00263689 0.0134693 -0.0442933 -0.0392527 -0.0190157 0.0194904 -0.0408973 -0.0501593 -0.0500664 -0.0500159
internal_weight=1.29123 0.676816 0.664315 0.0645615 0.0358872 0.0249239 0.0286743 0.0109633 0.0123792 0.00448561 0.00789356 0.00976949 0.02702 0.0175571
internal_count=19424 18209 18208 573 180 79 393 101 70 15 55 99 390 384
cat_boundaries=0 1
cat_threshold=2
is_linear=0
shrinkage=0.05


Tree=180
num_leaves=15
num_cat=1
split_feature=2 8 2 12 10 2 5 4 9 9 1 2 2 9
split_gain=1.11523 0.044169 0.0185829 0.0105468 0.00803972 0.00978968 0.00593908 0.00406029 0.00394763 0.0036226 0.00171935 7.52138e-08 4.41448e-08 1.59906e-09
threshold=61.500000000000007 1.0000000180025095e-35 13.500000000000002 0 10.500000000000002 24.500000000000004 1.0000000180025095e-35 1.0000000180025095e-35 0.21943297836404529 0.21139337552368265 74253.492834500023 22.500000000000004 59.500000000000007 0.8722344217846737
decision_type=2 2 2 1 2 2 2 2 2 2 2 2 2 2
left_child=1 -1 -3 4 5 -4 12 11 9 -7 -10 -6 13 -5
right_child=-2 2 3 6 7 8 -8 -9 10 -11 -12 -13 -14 -15
leaf_value=0.050075164599740388 0.050003031191505037 -0.050003030642778445 0.045110605832173446 -0.050006639579071879 -0.050305465080318905 -0.050034107220315031 0.050003351368547326 0.050003661161211688 -0.050040153445877089 0.050018697213336627 0.02013367004264896 -0.050020109032390903 -0.050152448621111505 -0.050043409874297888
leaf_weight=0.011892345733940601 0.58445459901122376 0.57050525503655081 0.012039955112413736 0.012861727882409468 0.0042813937106984667 0.0013019553734920919 0.0015735703054815522 0.0011355637980159381 0.0065423841570009245 0.0029649860225617886 0.0010072682925965637 0.0050130404233641457 0.0090028154081664979 0.0038393169779737937
leaf_count=1 1215 17635 9 342 16 14 3 2 53 1 2 83 6 42
internal_value=-4.29043e-06 -0.0453906 -0.0471867 -0.0210885 -0.00262953 0.0133796 -0.0442906 -0.0392472 -0.0189513 0.01949 -0.0406776 -0.0501516 -0.0500632 -0.0500151
internal_weight=1.22842 0.643962 0.632069 0.061564 0.0342865 0.0238565 0.0272774 0.01043 0.0118166 0.00426694 0.00754965 0.00929443 0.0257039 0.016701
internal_count=19424 18209 18208 573 180 79 393 101 70 15 55 99 390 384
cat_boundaries=0 1
cat_threshold=2
is_linear=0
shrinkage=0.05


Tree=181
num_leaves=15
num_cat=1
split_feature=2 8 2 12 10 2 4 9 9 1 2 1 1 10
split_gain=1.06071 0.0420044 0.0178054 0.0109302 0.00759906 0.0105626 0.00383495 0.00373414 0.00344584 0.00153146 0.000335989 0.000991005 0.000299083 0.000307867
threshold=61.500000000000007 1.0000000180025095e-35 21.500000000000004 0 10.500000000000002 24.500000000000004 1.0000000180025095e-35 0.21943297836404529 0.21139337552368265 60639.524132500002 13.500000000000002 138.50000000000003 82405.842364000011 1.0000000180025095e-35
decision_type=2 2 2 1 2 2 2 2 2 2 2 2 2 2
left_child=1 -1 10 4 5 -4 -6 8 -7 -9 -3 -12 13 -5
right_child=-2 2 3 12 6 7 -8 9 -10 -11 11 -13 -14 -15
leaf_value=0.050071492600352978 0.050002884472702083 -0.050002884557979826 0.050069127444782861 -0.031021157848325098 -0.050153387486101264 -0.050032444439226366 0.050003483776949909 -0.050038551213494577 0.050017785701961928 0.014819320140272053 0.0071321390601246787 -0.050004252070633394 -0.027935995436807772 -0.050052319762904564
leaf_weight=0.011313158087432384 0.5559519883536268 0.54268295652946108 0.010939706116914749 0.0023981806261872398 0.0082956241458305158 0.0012384983783704229 0.001080185465980322 0.0061547284876724007 0.0028204319532960653 0.0010681160783860832 0.0010181544039369319 0.002980534876769525 0.0020628915808629236 0.01866003890245338
leaf_count=1 1215 17635 1 13 84 14 2 52 1 3 14 80 2 307
internal_value=-4.41541e-06 -0.0453791 -0.0471746 -0.0199812 -0.00086518 0.0150621 -0.0386143 -0.0188834 0.0194895 -0.0404474 -0.0498965 -0.0354561 -0.0461051 -0.047885
internal_weight=1.16867 0.612713 0.6014 0.0547184 0.0315973 0.0222215 0.00937581 0.0112818 0.00405893 0.00722284 0.546682 0.00399869 0.0231211 0.0210582
internal_count=19424 18209 18208 479 157 71 86 70 15 55 17729 94 322 320
cat_boundaries=0 1
cat_threshold=2
is_linear=0
shrinkage=0.05


Tree=182
num_leaves=15
num_cat=1
split_feature=2 8 2 12 10 10 5 4 1 2 2 9 1 2
split_gain=1.00877 0.0399394 0.0170907 0.00945373 0.00726106 0.00886963 0.00571564 0.00367313 0.00149731 5.5619e-08 3.35188e-08 1.18416e-09 1.00377e-09 9.1306e-10
threshold=61.500000000000007 1.0000000180025095e-35 13.500000000000002 0 10.500000000000002 9.5000000000000018 1.0000000180025095e-35 1.0000000180025095e-35 66741.913201000003 22.500000000000004 59.500000000000007 0.8722344217846737 193.50000000000003 59.500000000000007
decision_type=2 2 2 1 2 2 2 2 2 2 2 2 2 2
left_child=1 -1 -3 4 5 8 10 9 12 -6 11 -5 -4 -11
right_child=-2 2 3 6 7 -7 -8 -9 -10 13 -12 -13 -14 -15
leaf_value=0.05006800071998261 0.050002741489080488 -0.050002740384884163 -0.050050742284174055 -0.050006007538344791 -0.050276049240940146 0.032881839978847437 0.050003224240002843 0.05000331115571658 0.016237651793340881 -0.050004821411246791 -0.050139098769167702 -0.05003925516361301 -0.050005619516046387 -0.05005582993622968
leaf_weight=0.010762140154838562 0.52883935393765569 0.5162174239558226 0.0023184457004390415 0.011662016935588326 0.0038805110743851401 0.01580061321874382 0.0015200744965113691 0.0010275076201651254 0.001029869876219891 0.0033465267388237407 0.0082122697494924068 0.0034764516803988963 0.0026312879417673685 0.0011890202877111733
leaf_count=1 1215 17635 12 342 16 10 3 2 3 81 6 42 54 2
internal_value=-4.34178e-06 -0.04536 -0.0471545 -0.0209432 -0.00262368 0.0132532 -0.0439422 -0.0392413 -0.038614 -0.0501371 -0.0500578 -0.0500136 -0.0500268 -0.0500182
internal_weight=1.11191 0.583074 0.572312 0.0560946 0.0312238 0.0217802 0.0248708 0.00944357 0.0059796 0.00841606 0.0233507 0.0151385 0.00494973 0.00453555
internal_count=19424 18209 18208 573 180 79 393 101 69 99 390 384 66 83
cat_boundaries=0 1
cat_threshold=2
is_linear=0
shrinkage=0.05


Tree=183
num_leaves=15
num_cat=1
split_feature=2 2 8 12 2 5 9 9 2 9 1 10 2 2
split_gain=0.959187 0.0379882 0.0165621 0.00987477 0.00697429 0.00394828 0.0041621 0.00433204 0.000326512 0.000862385 0.000302441 0.000316531 1.75728e-08 1.4522e-09
threshold=61.500000000000007 21.500000000000004 1.0000000180025095e-35 0 22.500000000000004 1.0000000180025095e-35 0.21943297836404529 0.21139337552368265 13.500000000000002 0.17404182991562681 82405.842364000011 1.0000000180025095e-35 59.500000000000007 22.500000000000004
decision_type=2 2 2 1 2 2 2 2 2 2 2 2 2 2
left_child=1 8 -3 4 -4 6 7 -6 -1 -10 11 -5 13 -13
right_child=-2 2 3 10 5 -7 -8 -9 9 -11 -12 12 -14 -15
leaf_value=-0.050002609776713419 0.050002607895343304 0.050064678169248145 0.025896912525190149 -0.030040184877968834 -0.0500193858683117 0.050003592440725844 -0.05003033110552188 0.050016371354495763 0.0042067691946138025 -0.050003729944511993 -0.026951997413329112 -0.05004259812678627 -0.050127735630192918 -0.05000406171969294
leaf_weight=0.49104248065305001 0.50304887306992896 0.010237926617264748 0.01326511288061738 0.0022390390367945648 0.0018558584524726038 0.0016486366512253872 0.0097507891805435065 0.0025961953215301037 0.0010135044467460821 0.0026566174492472783 0.0019330116629134855 0.0034112077410100037 0.0048464866995345792 0.0086282340962497983
leaf_count=17635 1215 1 2 13 34 3 117 1 13 81 2 9 4 294
internal_value=-4.69945e-06 -0.0453208 -0.00789151 -0.0197172 -0.000853418 -0.0232391 -0.031741 0.00831602 -0.0498916 -0.0350335 -0.0458 -0.047705 -0.0500473 -0.050015
internal_weight=1.05817 0.555125 0.0604125 0.0501746 0.0291166 0.0158515 0.0142028 0.00445205 0.494713 0.00367012 0.021058 0.019125 0.0168859 0.0120394
internal_count=19424 18209 480 479 157 155 152 35 17729 94 322 320 307 303
cat_boundaries=0 1
cat_threshold=2
is_linear=0
shrinkage=0.05


Tree=184
num_leaves=15
num_cat=1
split_feature=2 2 8 12 10 2 9 9 1 1 9 2 9 1
split_gain=0.91187 0.0366075 0.0156769 0.00936516 0.00684227 0.00949184 0.00330293 0.00298553 0.00137679 0.000962322 0.00101918 0.000335624 0.000843591 0.000320278
threshold=61.500000000000007 21.500000000000004 1.0000000180025095e-35 0 10.500000000000002 24.500000000000004 0.21943297836404529 0.21139337552368265 60639.524132500002 477.50000000000006 0.37862924253827362 13.500000000000002 0.17404182991562681 82405.842364000011
decision_type=2 2 2 1 2 2 2 2 2 2 2 2 2 2
left_child=1 11 -3 4 5 -4 7 -7 -8 -6 -11 -1 -13 -5
right_child=-2 2 3 13 9 6 8 -9 -10 10 -12 12 -14 -15
leaf_value=-0.050002479176292539 0.050002479261952809 0.050061525791819085 0.050061994827085045 -0.047516927953292321 -0.050186448829678432 -0.050027881809440178 -0.050035235391390133 0.050015574739449335 0.013663905631840632 0.014207213946273859 -0.050005051347323165 0.0039978489363524687 -0.05000354748258902 -0.0259775652360522
leaf_weight=0.46709522190212738 0.47851608236669563 0.0097392154857516289 0.0098142549395561218 0.018263107760503772 0.0057845304145303089 0.0010683324871934019 0.0055042002768459497 0.0024696157779544592 0.0010028309334302321 0.0014480278114206158 0.0010779948952404084 0.0010131547314813352 0.0025270616843044991 0.0019059518817812196
leaf_count=17635 1215 1 1 320 45 14 52 1 3 16 25 13 81 2
internal_value=-4.90866e-06 -0.0452645 -0.00781197 -0.0194722 -0.000850029 0.0150908 -0.019077 0.0198061 -0.0402182 -0.038943 -0.0131957 -0.0498862 -0.0345492 -0.0454815
internal_weight=1.00723 0.528714 0.0580781 0.0483388 0.0281698 0.0198592 0.010045 0.00353795 0.00650703 0.00831055 0.00252602 0.470635 0.00354022 0.0201691
internal_count=19424 18209 480 479 157 71 70 15 55 86 41 17729 94 322
cat_boundaries=0 1
cat_threshold=2
is_linear=0
shrinkage=0.05


Tree=185
num_leaves=15
num_cat=1
split_feature=2 2 8 12 10 2 9 9 1 1 9 2 9 1
split_gain=0.867131 0.0350308 0.0148767 0.00881643 0.00646524 0.00902636 0.00311951 0.00283987 0.00121654 0.000949162 0.000968378 0.000344955 0.0008251 0.000336491
threshold=61.500000000000007 21.500000000000004 1.0000000180025095e-35 0 10.500000000000002 24.500000000000004 0.21943297836404529 0.21139337552368265 17398.649463500002 477.50000000000006 0.37862924253827362 13.500000000000002 0.17404182991562681 82405.842364000011
decision_type=2 2 2 1 2 2 2 2 2 2 2 2 2 2
left_child=1 11 -3 4 5 -4 7 -7 -8 -6 -11 -1 -13 -5
right_child=-2 2 3 13 9 6 8 -9 -10 10 -12 12 -14 -15
leaf_value=-0.050002360813442351 0.050002361659024969 0.050058514438917436 0.050058969798659397 -0.047269197978133122 -0.050177360792709881 -0.050026521284532555 -0.05003392267453171 0.050014812042640168 0.0083373507306290506 0.013551599423809554 -0.050004805018080682 0.0037991720978322371 -0.050003375403850796 -0.025012494135443833
leaf_weight=0.44431575830458314 0.45517963022575714 0.009264770895242691 0.0093361577019095421 0.017461200999605353 0.0055033870194165502 0.0010162562321056612 0.005155578479389078 0.0023492060136049986 0.0010795285706990398 0.0014423286193050444 0.0010254253811581293 0.0010128389512829008 0.0024038234805630054 0.0018811646441463372
leaf_count=17635 1215 1 1 320 45 14 51 1 4 16 25 13 81 2
internal_value=-4.7954e-06 -0.0452355 -0.00777203 -0.0193566 -0.000847908 0.0150533 -0.0189883 0.0198057 -0.0399277 -0.0386238 -0.012858 -0.0498807 -0.0340541 -0.0451046
internal_weight=0.958427 0.503247 0.055515 0.0462502 0.0269079 0.0189367 0.00960057 0.00336546 0.00623511 0.00797114 0.00246775 0.447732 0.00341666 0.0193424
internal_count=19424 18209 480 479 157 71 70 15 55 86 41 17729 94 322
cat_boundaries=0 1
cat_threshold=2
is_linear=0
shrinkage=0.05


Tree=186
num_leaves=15
num_cat=1
split_feature=2 2 8 12 10 2 9 1 1 2 9 1 10 9
split_gain=0.824565 0.0335396 0.0141146 0.00829392 0.00610668 0.00858323 0.00294244 0.00118774 0.000936401 0.000354498 0.000806888 0.00035205 0.000432058 0.000145593
threshold=61.500000000000007 21.500000000000004 1.0000000180025095e-35 0 10.500000000000002 24.500000000000004 0.21943297836404529 17398.649463500002 477.50000000000006 13.500000000000002 0.17404182991562681 82405.842364000011 1.0000000180025095e-35 0.24554848366551568
decision_type=2 2 2 1 2 2 2 2 2 2 2 2 2 2
left_child=1 9 -3 4 5 -4 -7 -8 -6 -1 -11 12 -5 -10
right_child=-2 2 3 11 8 6 7 -9 13 10 -12 -13 -14 -15
leaf_value=-0.050002242772069196 0.050002245898071229 0.050055662224602365 0.050056091224942201 -0.025733491501109668 -0.050168712695485389 0.019805350287994315 -0.050032268441897246 0.0079315465633869355 0.0020630691560187642 0.003610255544941317 -0.050003211399156103 -0.024059552918067086 -0.050040969111999192 -0.022865400907488839
leaf_weight=0.42264718370461196 0.43298124146531336 0.0088134128600358963 0.0088813258334994316 0.0020895159996143766 0.0052358632201503488 0.0032013826330512529 0.0049042959217331372 0.0010780616648844443 0.0010012481543526519 0.0010125538792635771 0.0022865949904371519 0.0018584839417599133 0.014612861972636892 0.0014113347169768531
leaf_count=17635 1215 1 1 13 45 15 51 4 13 13 81 2 307 28
internal_value=-4.66493e-06 -0.0452041 -0.00772872 -0.0192315 -0.000845275 0.0150094 -0.0188831 -0.0395868 -0.038293 -0.0498748 -0.0335485 -0.044703 -0.047 -0.0125198
internal_weight=0.912015 0.479034 0.0530878 0.0442744 0.0257135 0.0180651 0.00918374 0.00598236 0.00764845 0.425946 0.00329915 0.0185609 0.0167024 0.00241258
internal_count=19424 18209 480 479 157 71 70 55 86 17729 94 322 320 41
cat_boundaries=0 1
cat_threshold=2
is_linear=0
shrinkage=0.05


Tree=187
num_leaves=15
num_cat=1
split_feature=2 2 8 12 10 2 5 9 1 1 2 9 9 2
split_gain=0.783953 0.03224 0.0133721 0.00783478 0.0057306 0.00815696 0.00384177 0.00277098 0.00115999 0.000944459 0.000364247 0.000788933 0.000133384 2.98161e-08
threshold=61.500000000000007 21.500000000000004 1.0000000180025095e-35 0 10.500000000000002 24.500000000000004 1.0000000180025095e-35 0.21943297836404529 17398.649463500002 477.50000000000006 13.500000000000002 0.17404182991562681 0.24554848366551568 22.500000000000004
decision_type=2 2 2 1 2 2 2 2 2 2 2 2 2 2
left_child=1 10 -3 4 5 -4 -5 -7 -9 13 -1 -12 -11 -6
right_child=-2 2 3 6 9 7 -8 8 -10 12 11 -13 -14 -15
leaf_value=-0.050002134348075426 0.050002137816899044 0.05005294773297795 0.05005335304602862 -0.050051538126780495 -0.050267421545884476 0.018963921983226609 0.050003206249672395 -0.050030695443867373 0.0075444941841763414 0.0019600827336275334 0.0034306370874139756 -0.050003054447364095 -0.021951751454847762 -0.050020549162584853
leaf_weight=0.40203528648817155 0.41186536371242255 0.0083840209990739822 0.0084486296400427818 0.016783691844466375 0.0028237365186214438 0.0031769010784046259 0.0010175562347285441 0.004665253683924675 0.0010767355561256409 0.0010011649592343019 0.0010122965322807423 0.002175083101974451 0.0013969496048957808 0.0021575664659394533
leaf_count=17635 1215 1 1 320 1 15 2 51 4 13 13 81 28 44
internal_value=-4.61592e-06 -0.0451561 -0.00766205 -0.0190347 -0.000837334 0.0148465 -0.0443322 -0.0185041 -0.0392342 -0.0377493 -0.0498687 -0.0330328 -0.011969 -0.0501605
internal_weight=0.86802 0.456155 0.0509322 0.0425482 0.0247469 0.0173675 0.0178012 0.00891889 0.00574199 0.00737942 0.405223 0.00318738 0.00239811 0.0049813
internal_count=19424 18209 480 479 157 71 322 70 55 86 17729 94 41 45
cat_boundaries=0 1
cat_threshold=2
is_linear=0
shrinkage=0.05


Tree=188
num_leaves=15
num_cat=1
split_feature=2 2 8 12 10 2 2 2 1 1 2 9 1 10
split_gain=0.745443 0.0308871 0.012685 0.00749301 0.00537467 0.00775204 0.00261509 0.00257907 0.000951232 0.000877799 0.000374191 0.000771216 0.000350819 0.00043633
threshold=61.500000000000007 21.500000000000004 1.0000000180025095e-35 0 10.500000000000002 24.500000000000004 43.500000000000007 44.500000000000007 477.50000000000006 603.50000000000011 13.500000000000002 0.17404182991562681 82405.842364000011 1.0000000180025095e-35
decision_type=2 2 2 1 2 2 2 2 2 2 2 2 2 2
left_child=1 10 -3 4 5 -4 -7 -8 -6 -9 -1 -12 13 -5
right_child=-2 2 3 12 8 6 7 9 -10 -11 11 -13 -14 -15
leaf_value=-0.050002029881363375 0.050002030801573505 0.050050358147136209 0.050050749421610287 -0.0247712419475851 -0.050152636776085148 -0.050030558687480457 0.044901274674426735 -0.050029217264682561 -0.011436555681439083 0.0083060544764921914 0.0032598754477484674 -0.050002905490940108 -0.023120587677191533 -0.050037075349491977
leaf_weight=0.3824285816608608 0.39177927348646335 0.0079755289480090141 0.0080369925126433372 0.0019623793468781523 0.0047390852778335093 0.0036883141801808961 0.0022655345728708198 0.0016593917771388078 0.0023849161407270003 0.0010547774490987649 0.0010120642218680578 0.0020690090605057776 0.0017483735864516339 0.013223101611401944
leaf_count=17635 1215 1 1 13 45 39 5 16 41 10 13 81 2 307
internal_value=-4.67296e-06 -0.0451208 -0.00761733 -0.0189004 -0.000829049 0.0146781 -0.0181195 0.00551606 -0.0371916 -0.027359 -0.0498622 -0.0325073 -0.0443301 -0.046772
internal_weight=0.826027 0.434248 0.0487384 0.0407629 0.023829 0.016705 0.00866802 0.0049797 0.007124 0.00271417 0.38551 0.00308107 0.0169339 0.0151855
internal_count=19424 18209 480 479 157 71 70 31 86 26 17729 94 322 320
cat_boundaries=0 1
cat_threshold=2
is_linear=0
shrinkage=0.05


Tree=189
num_leaves=15
num_cat=1
split_feature=2 2 8 12 10 2 2 2 1 1 2 9 1 10
split_gain=0.70878 0.0296298 0.0120269 0.00706236 0.00504468 0.00737134 0.00249527 0.00242181 0.000959691 0.000848043 0.000384323 0.00075372 0.000366223 0.000461755
threshold=61.500000000000007 21.500000000000004 1.0000000180025095e-35 0 10.500000000000002 24.500000000000004 43.500000000000007 44.500000000000007 477.50000000000006 603.50000000000011 13.500000000000002 0.17404182991562681 82405.842364000011 1.0000000180025095e-35
decision_type=2 2 2 1 2 2 2 2 2 2 2 2 2 2
left_child=1 10 -3 4 5 -4 -7 -8 -6 -9 -1 -12 13 -5
right_child=-2 2 3 12 8 6 7 9 -10 -11 11 -13 -14 -15
leaf_value=-0.050001931137914506 0.050001930915542281 0.050047901559388798 0.050048269144602087 -0.02382275237393806 -0.05014519576747678 -0.050029067949909127 0.044447247203347556 -0.050027791250174349 -0.01089323539380793 0.0079016739598293164 0.0030975392072933781 -0.050002763132084696 -0.022199376356403233 -0.050035268025616135
leaf_weight=0.3637780221470166 0.37267268722644076 0.0075869210995733729 0.0076453927904367438 0.0019390951310924729 0.0045086094078214947 0.0035085348572465591 0.0021765102774224943 0.0015785061150381807 0.0023788357357261702 0.0010533572676649783 0.0010118544414581257 0.0019681077319546603 0.0017303528729826203 0.012578645827488799
leaf_count=17635 1215 1 1 13 45 39 5 16 41 10 13 81 2 307
internal_value=-4.57231e-06 -0.0450799 -0.00756281 -0.0187422 -0.00082252 0.0146097 -0.0179676 0.00542678 -0.0365881 -0.0268425 -0.0498554 -0.0319724 -0.0439426 -0.0465341
internal_weight=0.786115 0.413443 0.0466848 0.0390978 0.0228497 0.0159623 0.00831691 0.00480837 0.00688745 0.00263186 0.366758 0.00297996 0.0162481 0.0145177
internal_count=19424 18209 480 479 157 71 70 31 86 26 17729 94 322 320
cat_boundaries=0 1
cat_threshold=2
is_linear=0
shrinkage=0.05


Tree=190
num_leaves=15
num_cat=1
split_feature=2 2 8 12 10 2 5 2 2 1 9 2 1 2
split_gain=0.673904 0.0284353 0.0114014 0.00665312 0.0047327 0.0070093 0.00379779 0.00238127 0.00227239 0.000966406 0.000837689 0.000394632 0.000746097 0.000125245
threshold=61.500000000000007 21.500000000000004 1.0000000180025095e-35 0 10.500000000000002 24.500000000000004 1.0000000180025095e-35 43.500000000000007 44.500000000000007 477.50000000000006 0.66115941210821749 13.500000000000002 156.50000000000003 39.500000000000007
decision_type=2 2 2 1 2 2 2 2 2 2 2 2 2 2
left_child=1 11 -3 4 5 -4 -5 -7 -9 -6 -10 -1 -13 -11
right_child=-2 2 3 6 9 7 -8 8 10 13 -12 12 -14 -15
leaf_value=-0.050001835474209916 0.050001840387069674 0.050045561336107082 0.050045913970363842 -0.050045796763180196 -0.050138119142316397 -0.050027650650065619 0.050003198677654598 0.043960755224521225 -0.050026664745546678 0.003086094664541033 0.0082731779827853232 0.0033940014578662443 -0.050002821683341164 -0.02017528260053986
leaf_weight=0.34603699878971383 0.35449786737444811 0.0072172316722571841 0.0072728563100099572 0.014582800297830545 0.0042893121662928016 0.0033375138100382173 0.0010145058040507146 0.0020927027126163011 0.0015152193282119697 0.0010000957008742262 0.0010384155029896647 0.0010031313595391103 0.0018806606003636261 0.0013732377556152642
leaf_count=17635 1215 1 1 320 45 39 2 5 17 13 9 17 77 28
internal_value=-4.46948e-06 -0.0450367 -0.00750596 -0.0185774 -0.000815806 0.0145376 -0.0435382 -0.0178086 0.00533461 -0.0359733 -0.0263195 -0.0498483 -0.0314287 -0.0103732
internal_weight=0.748153 0.393655 0.0447339 0.0375167 0.0219194 0.0152567 0.0155973 0.00798385 0.00464634 0.00666265 0.00255363 0.348921 0.00288379 0.00237333
internal_count=19424 18209 480 479 157 71 322 70 31 86 26 17729 94 41
cat_boundaries=0 1
cat_threshold=2
is_linear=0
shrinkage=0.05


Tree=191
num_leaves=15
num_cat=1
split_feature=2 2 8 12 9 9 11 2 2 11 2 1 1 10
split_gain=0.640852 0.0271804 0.0108246 0.00635252 0.00444194 0.0067618 0.00167773 0.00241151 0.000893251 0.000575172 0.000404812 0.000728284 0.000362414 0.000463392
threshold=61.500000000000007 21.500000000000004 1.0000000180025095e-35 0 0.73329886015044521 0.83638485918419836 3.5000000000000004 44.500000000000007 43.500000000000007 5.5000000000000009 13.500000000000002 156.50000000000003 82405.842364000011 1.0000000180025095e-35
decision_type=2 2 2 1 2 2 2 2 2 2 2 2 2 2
left_child=1 10 -3 4 6 -6 7 8 -4 -8 -1 -12 13 -5
right_child=-2 2 3 12 5 -7 9 -9 -10 -11 11 -13 -14 -15
leaf_value=-0.050001749288809183 0.050001745986904017 0.050043337342287386 -0.0098582271516215684 -0.022888744428237424 0.044938962923006198 -0.050023568754336882 -0.050121427917920958 -0.050021484744694103 0.043036049118966267 -0.008240862726424927 0.0032250462841439398 -0.050002682609587394 -0.021296725720500821 -0.050031914645909559
leaf_weight=0.3291611478834966 0.33720941020874307 0.0068655405193567267 0.0013184616345824907 0.0018244573020638208 0.0079226062216548598 0.0024555570980737693 0.0045386896927084308 0.0017699650270515122 0.002022634962486336 0.0010005325184465619 0.0010029061140812692 0.0017889445098262513 0.0016305313620250681 0.011382233757103677
leaf_count=17635 1215 1 29 13 18 28 40 25 5 12 17 77 2 307
internal_value=-4.49093e-06 -0.0450093 -0.00747476 -0.0184851 -0.00080941 0.0224701 -0.0234941 -0.00283459 0.0221629 -0.0425567 -0.0498409 -0.0308819 -0.0435364 -0.0462822
internal_weight=0.711894 0.374684 0.0427312 0.0358657 0.0210284 0.0103782 0.0106503 0.00511106 0.0033411 0.00553922 0.331953 0.00279185 0.0148372 0.0132067
internal_count=19424 18209 480 479 157 46 111 59 34 52 17729 94 322 320
cat_boundaries=0 1
cat_threshold=2
is_linear=0
shrinkage=0.05


Tree=192
num_leaves=15
num_cat=1
split_feature=2 2 8 12 9 9 11 2 2 1 2 2 1 10
split_gain=0.609277 0.0261185 0.0102572 0.00598464 0.00417926 0.00638547 0.00159034 0.00227718 0.000844534 0.000501719 0.000415152 0.000712385 0.000375763 0.000487387
threshold=61.500000000000007 21.500000000000004 1.0000000180025095e-35 0 0.73329886015044521 0.83638485918419836 3.5000000000000004 44.500000000000007 43.500000000000007 513.50000000000011 13.500000000000002 15.500000000000002 82405.842364000011 1.0000000180025095e-35
decision_type=2 2 2 1 2 2 2 2 2 2 2 2 2 2
left_child=1 10 -3 4 6 -6 7 8 -4 -8 -1 -12 13 -5
right_child=-2 2 3 12 5 -7 9 -9 -10 -11 11 -13 -14 -15
leaf_value=-0.050001664809081074 0.050001664629975198 0.050041222351997219 -0.0093835583964921778 -0.021972826779127635 0.044484562681664702 -0.050022418922158175 -0.050121220109809642 -0.050020438222266719 0.042456103247795973 -0.012499475495855084 0.0031425968402800605 -0.050002862573486198 -0.020415196439014321 -0.050030360309200106
leaf_weight=0.31310828701862192 0.3207640336768236 0.0065309731289744368 0.0013159644731786102 0.0018059680769511042 0.0076112857241241727 0.0023358504622592591 0.0041934082692023367 0.0016836771901580505 0.0019496166078170063 0.0011236376012675464 0.0010012378970714044 0.0017031657953339163 0.0016162662068381914 0.01082744362338417
leaf_count=17635 1215 1 29 13 18 28 28 25 5 24 23 71 2 307
internal_value=-4.50974e-06 -0.0449593 -0.00741178 -0.0182995 -0.000805275 0.0222918 -0.0231843 -0.002787 0.0215657 -0.0421707 -0.0498332 -0.0303271 -0.0431153 -0.0460195
internal_weight=0.677571 0.356807 0.0409941 0.0344631 0.0202134 0.00994714 0.0102663 0.00494926 0.00326558 0.00531705 0.315813 0.0027044 0.0142497 0.0126334
internal_count=19424 18209 480 479 157 46 111 59 34 52 17729 94 322 320
cat_boundaries=0 1
cat_threshold=2
is_linear=0
shrinkage=0.05


Tree=193
num_leaves=15
num_cat=1
split_feature=2 2 8 12 2 5 5 9 9 2 2 2 2 2
split_gain=0.579235 0.0251151 0.00971741 0.00563614 0.00398779 0.00373764 0.00350171 0.00257446 0.0030831 0.000425588 0.000694917 7.64688e-09 3.33395e-10 1.0502e-10
threshold=61.500000000000007 21.500000000000004 1.0000000180025095e-35 0 22.500000000000004 1.0000000180025095e-35 1.0000000180025095e-35 0.21943297836404529 0.21139337552368265 13.500000000000002 15.500000000000002 59.500000000000007 22.500000000000004 59.500000000000007
decision_type=2 2 2 1 2 2 2 2 2 2 2 2 2 2
left_child=1 9 -3 4 -4 11 7 8 -6 -1 -11 12 -5 -9
right_child=-2 2 3 5 6 -7 -8 13 -10 10 -12 -13 -14 -15
leaf_value=-0.050001583224284551 0.050001581930620424 0.050039211744612157 0.025101017392460623 -0.050025961375201711 -0.050013048225397753 0.050003179656249425 0.050003222384967919 -0.050015260834962674 0.050010890428645552 0.0029860576197591341 -0.050002722242836597 -0.05008803639368159 -0.050002450897254552 -0.05003260969896272
leaf_weight=0.29783828676954727 0.30512068347888999 0.0062126973643898955 0.0084232727531343699 0.0020805445965379477 0.0013905730202168343 0.0010077604092657575 0.0015150789113249638 0.0053474349342650385 0.0017274541314691305 0.0010010452060669186 0.0016201058915612521 0.0051250493561383337 0.0054787014132671175 0.0010423390776850283
leaf_count=17635 1215 1 2 9 34 2 3 114 1 23 71 6 305 3
internal_value=-4.5296e-06 -0.0449057 -0.00734498 -0.0181033 -0.000800571 -0.0426775 -0.0205936 -0.0318433 0.00540237 -0.049825 -0.0297657 -0.0500409 -0.0500089 -0.0500181
internal_weight=0.644931 0.33981 0.0393509 0.0331382 0.0194462 0.0136921 0.0110229 0.0095078 0.00311803 0.300459 0.00262115 0.0126843 0.00755925 0.00638977
internal_count=19424 18209 480 479 157 322 155 152 35 17729 94 320 314 117
cat_boundaries=0 1
cat_threshold=2
is_linear=0
shrinkage=0.05


Tree=194
num_leaves=15
num_cat=1
split_feature=2 2 8 12 9 9 11 2 2 1 2 2 1 10
split_gain=0.550704 0.0241167 0.00921155 0.00539811 0.00395329 0.00577717 0.00147334 0.00204521 0.000758641 0.000490069 0.000436159 0.000677674 0.000369401 0.000486199
threshold=61.500000000000007 21.500000000000004 1.0000000180025095e-35 0 0.73329886015044521 0.83638485918419836 3.5000000000000004 44.500000000000007 43.500000000000007 513.50000000000011 13.500000000000002 15.500000000000002 82405.842364000011 1.0000000180025095e-35
decision_type=2 2 2 1 2 2 2 2 2 2 2 2 2 2
left_child=1 10 -3 4 6 -6 7 8 -4 -8 -1 -12 13 -5
right_child=-2 2 3 12 5 -7 9 -9 -10 -11 11 -13 -14 -15
leaf_value=-0.050001505881542875 0.050001504651168996 0.050037296739262951 -0.0089298321762787871 -0.021075111674855495 0.044126084790141809 -0.05002028618845681 -0.05012075975860996 -0.050018491911594215 0.041840641393507363 -0.011911481523578543 0.0028372593909575007 -0.050002589507614242 -0.019554676172191615 -0.050027472240839581
leaf_weight=0.28331297446129611 0.29024019713688176 0.005909920670092105 0.0012496344852479524 0.0017019534770952313 0.0071132674765976844 0.002113665595970815 0.0039498810247096117 0.0015235141909215599 0.0017893897438625572 0.0010655813057383057 0.0010008713325078125 0.0015410963769681985 0.001525205501820893 0.0097975990620398079
leaf_count=17635 1215 1 29 13 18 28 28 25 5 24 23 71 2 307
internal_value=-4.85015e-06 -0.0448568 -0.0072902 -0.0179344 -0.000797817 0.0225594 -0.023299 -0.00273832 0.020964 -0.0420028 -0.0498165 -0.0291975 -0.0426759 -0.0457425
internal_weight=0.613835 0.323595 0.0377396 0.0318297 0.0188049 0.00922693 0.009578 0.00456254 0.00303902 0.00501546 0.285855 0.00254197 0.0130248 0.0114996
internal_count=19424 18209 480 479 157 46 111 59 34 52 17729 94 322 320
cat_boundaries=0 1
cat_threshold=2
is_linear=0
shrinkage=0.05


Tree=195
num_leaves=15
num_cat=1
split_feature=2 2 8 5 12 10 10 2 2 9 1 2 10 2
split_gain=0.52353 0.0232238 0.00904057 0.00605065 0.00551644 0.00541933 0.00628624 1.2998e-08 6.51383e-09 1.70909e-10 1.50531e-10 6.62245e-11 7.59365e-12 1.74854e-12
threshold=61.500000000000007 13.500000000000002 1.0000000180025095e-35 1.0000000180025095e-35 0 10.500000000000002 9.5000000000000018 22.500000000000004 59.500000000000007 0.8722344217846737 193.50000000000003 53.500000000000007 19.500000000000004 22.500000000000004
decision_type=2 2 2 2 1 2 2 2 2 2 2 2 2 2
left_child=1 -1 -3 4 5 6 10 -7 9 12 -4 -9 13 -6
right_child=-2 2 3 -5 8 7 -8 11 -10 -11 -12 -13 -14 -15
leaf_value=-0.050001434301151164 0.050001431299451296 0.050035476099097899 -0.050027649681076217 0.050003099602641592 -0.050003860057313693 -0.050169200614948152 0.032293676213178267 -0.05000310982893659 -0.050081007514281399 -0.050020531117420025 -0.050005354855040554 -0.050019196579994124 -0.050006533671453524 -0.050001730490911778
leaf_weight=0.26949600585794542 0.27608541007793974 0.0056218900717794886 0.001298622102694936 0.0029337604937609276 0.0013063778369541978 0.0023359302840617593 0.0090928601457562763 0.0017560939677423448 0.0046972817799542108 0.0018319672753932537 0.0018156502301280852 0.001006419098303013 0.0013360040884435875 0.0036768638110515894
leaf_count=17635 1215 1 12 6 58 16 10 67 6 42 56 16 50 234
internal_value=-4.88225e-06 -0.0447997 -0.00858522 -0.0185454 -0.0252146 -0.00678738 0.0112953 -0.0500824 -0.0500341 -0.0500071 -0.0500147 -0.050009 -0.0500032 -0.0500023
internal_weight=0.584291 0.308206 0.0387097 0.0330878 0.0301541 0.0173056 0.0122071 0.00509844 0.0128485 0.00815121 0.00311427 0.00276251 0.00631925 0.00498324
internal_count=19424 18209 574 573 567 177 78 99 390 384 68 83 342 292
cat_boundaries=0 1
cat_threshold=2
is_linear=0
shrinkage=0.05


Tree=196
num_leaves=15
num_cat=1
split_feature=2 2 8 5 12 10 10 2 2 9 1 2 10 2
split_gain=0.497796 0.0222858 0.0085733 0.00572664 0.00530466 0.00514342 0.00588426 1.11856e-08 5.60549e-09 1.47109e-10 1.2956e-10 4.61829e-11 6.536e-12 1.50325e-12
threshold=61.500000000000007 13.500000000000002 1.0000000180025095e-35 1.0000000180025095e-35 0 10.500000000000002 9.5000000000000018 22.500000000000004 59.500000000000007 0.8722344217846737 193.50000000000003 52.500000000000007 19.500000000000004 22.500000000000004
decision_type=2 2 2 2 1 2 2 2 2 2 2 2 2 2
left_child=1 -1 -3 4 5 6 10 -7 9 12 -4 -9 13 -6
right_child=-2 2 3 -5 8 7 -8 11 -10 -11 -12 -13 -14 -15
leaf_value=-0.050001363935797974 0.050001363302193749 0.050033745480094663 -0.050026300926641003 0.050002950860248335 -0.050003671441833146 -0.050160929079466711 0.031331558201053218 -0.050002981181384923 -0.050077049127592949 -0.05001953052757574 -0.050005093929222304 -0.050016446857965857 -0.050006215545245161 -0.050001646910995248
leaf_weight=0.25635288120156474 0.26262092578690499 0.0053478875197470179 0.0012353200145298624 0.0027906874893233171 0.0012426696048351005 0.002222362704742408 0.0089082727863569744 0.0015443384636455448 0.004468536761123687 0.0017426551394237322 0.0017271087190238177 0.0010834676586455316 0.0012708542972177383 0.0034975467624462908
leaf_count=17635 1215 1 12 6 58 16 10 62 6 42 56 21 50 234
internal_value=-5.25628e-06 -0.0447607 -0.00853071 -0.0184002 -0.0249956 -0.0066947 0.0110311 -0.0500784 -0.0500324 -0.0500067 -0.0500139 -0.0500085 -0.050003 -0.0500022
internal_weight=0.556056 0.293435 0.0370817 0.0317338 0.0289431 0.0167209 0.0118707 0.00485017 0.0122223 0.00775373 0.00296243 0.00262781 0.00601107 0.00474022
internal_count=19424 18209 574 573 567 177 78 99 390 384 68 83 342 292
cat_boundaries=0 1
cat_threshold=2
is_linear=0
shrinkage=0.05


Tree=197
num_leaves=15
num_cat=1
split_feature=2 2 8 5 12 10 10 2 2 9 1 2 10 2
split_gain=0.473312 0.0213974 0.00812871 0.00541841 0.00510348 0.00488141 0.00550593 9.62591e-09 4.82426e-09 1.26617e-10 1.11521e-10 3.97481e-11 5.62739e-12 1.29529e-12
threshold=61.500000000000007 13.500000000000002 1.0000000180025095e-35 1.0000000180025095e-35 0 10.500000000000002 9.5000000000000018 22.500000000000004 59.500000000000007 0.8722344217846737 193.50000000000003 52.500000000000007 19.500000000000004 22.500000000000004
decision_type=2 2 2 2 1 2 2 2 2 2 2 2 2 2
left_child=1 -1 -3 4 5 6 10 -7 9 12 -4 -9 13 -6
right_child=-2 2 3 -5 8 7 -8 11 -10 -11 -12 -13 -14 -15
leaf_value=-0.050001295739863644 0.050001295186619214 0.050032096856063538 -0.050025018102301894 0.050002806128697869 -0.050003493389746891 -0.050153061676445024 0.030360263714353731 -0.05000283539092544 -0.050073287183577779 -0.050018578194071323 -0.0500048447972955 -0.050015643970467996 -0.050005913237261959 -0.050001566532504031
leaf_weight=0.24385072066706925 0.24981308044516481 0.0050872312858700744 0.0011751021183954444 0.0026545914879534385 0.0011820679965239833 0.0021143000794836544 0.0087380348850274459 0.0014690243497170741 0.0042509149934630841 0.0016576956350036198 0.0016428845929112867 0.0010306424546797643 0.0012088811281500966 0.0033269746081714402
leaf_count=17635 1215 1 12 6 58 16 10 62 6 42 56 21 50 234
internal_value=-5.64623e-06 -0.0447189 -0.00847292 -0.0182469 -0.0247648 -0.00659802 0.0107608 -0.0500745 -0.0500309 -0.0500064 -0.0500133 -0.0500081 -0.0500029 -0.0500021
internal_weight=0.529202 0.279389 0.0355383 0.0304511 0.0277965 0.01617 0.011556 0.00461397 0.0116265 0.00737562 0.00281799 0.00249967 0.00571792 0.00450904
internal_count=19424 18209 574 573 567 177 78 99 390 384 68 83 342 292
cat_boundaries=0 1
cat_threshold=2
is_linear=0
shrinkage=0.05


Tree=198
num_leaves=15
num_cat=1
split_feature=2 2 8 5 12 10 2 9 2 2 10 9 2 2
split_gain=0.45002 0.0205561 0.00770577 0.00512526 0.00491223 0.00463265 0.00534533 0.00247918 8.28402e-09 4.15167e-09 1.53297e-10 1.08939e-10 7.20404e-11 3.18836e-11
threshold=61.500000000000007 13.500000000000002 1.0000000180025095e-35 1.0000000180025095e-35 0 10.500000000000002 24.500000000000004 0.21943297836404529 22.500000000000004 59.500000000000007 8.5000000000000018 0.8722344217846737 38.500000000000007 51.500000000000007
decision_type=2 2 2 2 1 2 2 2 2 2 2 2 2 2
left_child=1 -1 -3 4 5 6 -4 -8 -7 11 -9 -6 -12 -10
right_child=-2 2 3 -5 9 8 7 10 13 -11 12 -13 -14 -15
leaf_value=-0.050001234252476684 0.050001231383875126 0.050030532347294016 0.044606490732608174 0.050002668767852559 -0.05000274353904121 -0.050145582636082056 0.018898578997125007 -0.050005243830897821 -0.050002724396355037 -0.050069706473119938 -0.050035346703169115 -0.050017669512028178 -0.050017863147225117 -0.050014430007553658
leaf_weight=0.23195826436221978 0.23762983684719075 0.0048392717726528636 0.0056844094178813975 0.0025251322949770829 0.0054390721879826742 0.0020114768531129803 0.0020822350852540694 0.0010895990262724808 0.0013627749922306975 0.0040438772703055292 0.0013741070715695969 0.0015768767661938909 0.0010314658165953006 0.0010149999643545016
leaf_count=17635 1215 1 9 6 342 16 15 40 60 6 6 42 8 23
internal_value=-6.05283e-06 -0.0446742 -0.00841177 -0.0180854 -0.0245221 -0.00649746 0.0104851 -0.0242909 -0.0500709 -0.0500294 -0.0500208 -0.0500061 -0.0500279 -0.0500077
internal_weight=0.503663 0.266034 0.0340753 0.029236 0.0267109 0.0156511 0.0112618 0.00557741 0.00438925 0.0110598 0.00349517 0.00701595 0.00240557 0.00237777
internal_count=19424 18209 574 573 567 177 78 69 99 390 54 384 14 83
cat_boundaries=0 1
cat_threshold=2
is_linear=0
shrinkage=0.05


Tree=199
num_leaves=15
num_cat=1
split_feature=2 2 8 12 2 5 9 9 2 1 1 10 2 2
split_gain=0.42796 0.0196802 0.00704825 0.00427802 0.00328574 0.00270297 0.00213953 0.00245803 0.000358306 0.000377195 0.000311586 0.000416284 1.61909e-09 1.33754e-10
threshold=61.500000000000007 21.500000000000004 1.0000000180025095e-35 0 22.500000000000004 1.0000000180025095e-35 0.21943297836404529 0.21139337552368265 13.500000000000002 344.50000000000006 82405.842364000011 1.0000000180025095e-35 59.500000000000007 22.500000000000004
decision_type=2 2 2 1 2 2 2 2 2 2 2 2 2 2
left_child=1 8 -3 4 -4 6 7 -6 -1 -10 11 -5 13 -13
right_child=-2 2 3 10 5 -7 -8 -9 9 -11 -12 12 -14 -15
leaf_value=-0.050001170323333212 0.050001169367056987 0.050029041925969554 0.025413678353049803 -0.02019606578606414 -0.050010415288251203 0.050002479118979884 -0.050015764484695052 0.050008877408452536 -0.0072195582443135911 -0.050002141481395312 -0.018715240597856293 -0.050019233816527259 -0.050057656896240678 -0.05000183450381343
leaf_weight=0.22064579213292745 0.22604076671996154 0.0046033915132284156 0.0068168016150593749 0.0013817646440656972 0.0010898047157752444 0.0011692627449519932 0.0051567814043664839 0.0014077514642849565 0.0010092091233673264 0.0010524790222916636 0.0012398698308970788 0.0015415500602102838 0.0021933915122644976 0.0038962681674092892
leaf_count=17635 1215 1 2 13 34 3 117 1 32 62 2 9 4 294
internal_value=-6.26906e-06 -0.044649 -0.00697936 -0.0171145 -0.000659564 -0.0208028 -0.0316189 0.00636562 -0.0498073 -0.0290598 -0.042216 -0.0454489 -0.0500214 -0.0500068
internal_weight=0.479245 0.253204 0.0304966 0.0258932 0.0156404 0.0088236 0.00765434 0.00249756 0.222707 0.00206169 0.0102528 0.00901297 0.00763121 0.00543782
internal_count=19424 18209 480 479 157 155 152 35 17729 94 322 320 307 303
cat_boundaries=0 1
cat_threshold=2
is_linear=0
shrinkage=0.05


end of trees

feature_importances:
seconds_since_prior_use=1009
seconds_since_issued=461
amount_to_limit_ratio=394
hour_of_day=237
channel=206
ip_changed=198
context_match=126
device_changed=103
day_of_week=51
is_first_use=3
implied_speed_kmh=1

parameters:
[boosting: gbdt]
[objective: binary]
[metric: binary_logloss]
[tree_learner: serial]
[device_type: cpu]
[data_sample_strategy: bagging]
[data: ]
[valid: ]
[num_iterations: 200]
[learning_rate: 0.05]
[num_leaves: 15]
[num_threads: 10]
[seed: 42]
[deterministic: 0]
[force_col_wise: 0]
[force_row_wise: 0]
[histogram_pool_size: -1]
[max_depth: -1]
[min_data_in_leaf: 5]
[min_sum_hessian_in_leaf: 0.001]
[bagging_fraction: 1]
[pos_bagging_fraction: 1]
[neg_bagging_fraction: 1]
[bagging_freq: 0]
[bagging_seed: 400]
[bagging_by_query: 0]
[feature_fraction: 1]
[feature_fraction_bynode: 1]
[feature_fraction_seed: 30056]
[extra_trees: 0]
[extra_seed: 12879]
[early_stopping_round: 0]
[early_stopping_min_delta: 0]
[first_metric_only: 0]
[max_delta_step: 0]
[lambda_l1: 0]
[lambda_l2: 0]
[linear_lambda: 0]
[min_gain_to_split: 0]
[drop_rate: 0.1]
[max_drop: 50]
[skip_drop: 0.5]
[xgboost_dart_mode: 0]
[uniform_drop: 0]
[drop_seed: 17869]
[top_rate: 0.2]
[other_rate: 0.1]
[min_data_per_group: 100]
[max_cat_threshold: 32]
[cat_l2: 10]
[cat_smooth: 10]
[max_cat_to_onehot: 4]
[top_k: 20]
[monotone_constraints: ]
[monotone_constraints_method: basic]
[monotone_penalty: 0]
[feature_contri: ]
[forcedsplits_filename: ]
[refit_decay_rate: 0.9]
[cegb_tradeoff: 1]
[cegb_penalty_split: 0]
[cegb_penalty_feature_lazy: ]
[cegb_penalty_feature_coupled: ]
[path_smooth: 0]
[interaction_constraints: ]
[verbosity: -1]
[saved_feature_importance_type: 0]
[use_quantized_grad: 0]
[num_grad_quant_bins: 4]
[quant_train_renew_leaf: 0]
[stochastic_rounding: 1]
[linear_tree: 0]
[max_bin: 255]
[max_bin_by_feature: ]
[min_data_in_bin: 3]
[bin_construct_sample_cnt: 200000]
[data_random_seed: 175]
[is_enable_sparse: 1]
[enable_bundle: 1]
[use_missing: 1]
[zero_as_missing: 0]
[feature_pre_filter: 1]
[pre_partition: 0]
[two_round: 0]
[header: 0]
[label_column: ]
[weight_column: ]
[group_column: ]
[ignore_column: ]
[categorical_feature: 12,13,14,15]
[forcedbins_filename: ]
[precise_float_parser: 0]
[parser_config_file: ]
[objective_seed: 16083]
[num_class: 1]
[is_unbalance: 0]
[scale_pos_weight: 1]
[sigmoid: 1]
[boost_from_average: 1]
[reg_sqrt: 0]
[alpha: 0.9]
[fair_c: 1]
[poisson_max_delta_step: 0.7]
[tweedie_variance_power: 1.5]
[lambdarank_truncation_level: 30]
[lambdarank_norm: 1]
[label_gain: ]
[lambdarank_position_bias_regularization: 0]
[eval_at: ]
[multi_error_top_k: 1]
[auc_mu_weights: ]
[num_machines: 1]
[local_listen_port: 12400]
[time_out: 120]
[machine_list_filename: ]
[machines: ]
[gpu_platform_id: -1]
[gpu_device_id: -1]
[gpu_device_id_list: ]
[gpu_use_dp: 0]
[num_gpu: 1]

end of parameters

pandas_categorical:[["agent-app", "agent-to-agent", "agent-web"], ["apparel", "dining", "electronics", "entertainment", "grocery", "home_goods", "subscription", "travel"], ["recurring", "single-use"], ["EUR", "GBP", "INR", "USD"]]
